URL,IsDomainIP,IsHTTPS,HasObfuscation,NoOfSubDomain,NoOfEqualsInURL,NoOfQMarkInURL,NoOfOtherSpecialCharsInURL,URLSimilarityIndex,TLDLegitimateProb,HasTitle,HasFavicon,Robots,IsResponsive,HasDescription,HasExternalFormSubmit,HasSocialNet,HasSubmitButton,HasPasswordField,HasCopyrightInfo,label
http://www.keller-bec.com,0,0,0,0,0,0,1,0,1,0,0,0,0,0,0,0,0,0,0,0
https://www.thesacredmiddle.com,0,1,0,0,0,0,0,0,1,1,0,0,1,1,0,1,1,0,0,1
https://www.themotherhood.com,0,1,0,0,0,0,0,0,1,1,1,1,1,1,0,1,0,0,1,1
https://www.aicm.com.mx,0,1,0,1,0,0,1,0,0,1,0,0,1,1,0,1,1,1,0,1
https://www.myqsafe.co.uk,0,1,0,1,0,0,1,0,0,1,1,0,1,0,0,1,0,0,0,1
http://www.wizu.webd.pl,0,0,0,1,0,0,1,0,0,1,0,0,0,0,0,0,0,0,0,0
https://www.retegui-marble.fr,0,1,0,0,0,0,1,0,0,1,1,1,1,1,0,0,1,1,1,1
http://www.usawebproxy.com,0,0,0,0,0,0,0,0,1,0,0,0,0,0,0,0,0,0,0,0
http://www.k.sdtsm.com,0,0,0,1,0,0,1,0,1,0,0,0,0,0,0,0,0,0,0,0
https://www.cumberlandlodge.ac.uk,0,1,0,1,0,0,1,0,0,1,1,0,1,1,0,1,1,0,1,1
https://www.southwhidbeyrecord.com,0,1,0,0,0,0,0,0,1,1,1,1,1,1,0,1,1,0,1,1
http://www.ftp.applemusic.wikaba.com,0,0,0,1,0,0,1,0,1,1,0,0,0,0,0,0,0,0,0,0
http://www.odd-mud-233e.gtech.workers.dev,0,0,0,1,0,0,1,0,0,0,0,0,0,0,0,0,0,0,0,0
http://www.luciamangili.it/z1jkap/china.com/,0,0,0,0,0,0,1,0,0,1,0,0,0,0,0,0,0,0,0,0
https://www.roadsafetysweden.com,0,1,0,0,0,0,0,0,1,1,1,1,1,1,0,1,1,0,0,1
http://www.larkbucket.oss-us-west-1.aliyuncs.com,0,0,0,1,0,0,1,0,1,0,0,0,0,0,0,0,0,0,0,0
https://www.wcpfc.int,0,1,0,0,0,0,0,0,0,1,1,0,0,0,0,0,1,0,1,1
https://sml-87gd.web.app/,0,1,0,0,0,0,1,0,0,1,0,0,1,0,0,0,0,0,0,0
http://www.edjkpz.tokyo,0,0,0,0,0,0,0,0,0,0,0,0,0,0,0,0,0,0,0,0
https://demo2.cloudwp.dev/trial-4z6549uz/wp-admin/1/de/,0,1,0,0,0,0,1,0,0,1,0,0,1,0,0,0,1,0,0,0
https://wsinghal.icu/nehemia3.php,0,1,0,0,0,0,1,0,0,1,0,0,0,0,0,0,0,0,0,0
https://www.elrodtimber.com,0,1,0,0,0,0,0,0,1,1,0,0,1,1,0,1,1,1,1,1
https://www.dotgo.eu,0,1,0,0,0,0,0,0,0,1,1,0,1,1,0,0,0,0,0,1
http://dcluwezhlr.poem4frpp.club/vnafvra97w/?q=3717065149&id=100,0,0,0,0,1,1,1,0,0,1,0,0,0,0,0,0,0,0,0,0
https://www.handbellworld.com,0,1,0,0,0,0,0,0,1,1,1,0,1,1,0,1,1,0,1,1
http://www.phasdesign.com,0,0,0,0,0,0,0,0,1,1,0,0,0,0,0,0,0,0,0,0
https://www.byoglobe.com,0,1,0,0,0,0,0,0,1,1,0,1,1,1,0,1,1,0,1,1
https://shy-sun-3480.on-stg.fleek.co/,0,1,0,1,0,0,1,0,0,1,0,0,1,0,0,0,0,1,1,0
https://late-night-6dd7.eqskec1h5p.workers.dev/,0,1,0,1,0,0,1,0,0,0,0,0,0,0,0,0,0,0,0,0
https://g8c2rk.webwave.dev/,0,1,0,0,0,0,1,0,0,1,0,0,0,1,0,0,0,0,0,0
https://www.gemsofwar.com,0,1,0,0,0,0,0,0,1,1,0,0,1,0,0,1,1,0,0,1
https://www.shippingtandy.com,0,1,0,0,0,0,0,0,1,1,1,1,1,1,1,0,1,0,1,1
https://www.montereybaysolutions.com,0,1,0,0,0,0,0,0,1,1,0,0,1,1,0,1,1,0,1,1
https://www.purelogicol.com,0,1,0,0,0,0,0,0,1,1,1,1,1,1,1,1,1,0,1,1
http://www.code.ws,0,0,0,0,0,0,0,0,0,0,0,0,0,0,0,0,0,0,0,0
https://www.binaryemotions.com,0,1,0,0,0,0,0,0,1,1,0,1,1,0,0,1,1,1,1,1
https://varrock.click/wp-content/americanexpeess.com.apx/amexnew/verify-card.php,0,1,0,0,0,0,1,0,0,1,1,0,0,1,0,1,1,0,1,0
https://www.dla.mil,0,1,0,0,0,0,0,0,0,1,1,1,1,0,0,1,0,0,0,1
https://www.nothangryanymore.com,0,1,0,0,0,0,0,0,1,1,1,1,1,1,1,1,1,0,1,1
http://zonaipc.com/usps/verification,0,0,0,0,0,0,1,0,1,1,0,0,0,0,0,0,0,0,0,0
https://maildinshaakckjnw114.web.app/,0,1,0,0,0,0,1,0,0,1,0,0,1,0,0,0,0,0,0,0
https://www.discoverytours.com.my,0,1,0,1,0,0,1,0,0,1,0,0,1,0,0,1,1,0,1,1
https://storage.yandexcloud.net/auth-sign-ir9had18du826qih375wox9b6bw32skhgb1o5x0q3vl/index.html,0,1,0,0,0,0,1,0,0,0,0,0,0,0,0,0,1,0,0,0
https://www.laanimalservices.com,0,1,0,0,0,0,0,0,1,1,1,0,1,1,0,1,1,0,0,1
http://www.romanovawillkillyou.c1.biz,0,0,0,1,0,0,1,0,0,0,0,0,0,0,0,0,0,0,0,0
https://www.hewale.net,0,1,0,0,0,0,0,0,0,1,1,0,1,1,0,1,1,0,1,1
https://www.niis.org,0,1,0,0,0,0,0,0,0,1,1,0,1,1,0,1,0,0,0,1
https://www.celecaremedical.com,0,1,0,0,0,0,0,0,1,1,0,0,1,1,0,1,1,0,1,1
https://www.bcfii.ca,0,1,0,0,0,0,0,0,0,1,1,1,1,1,0,0,1,1,1,1
https://www.usfj.mil,0,1,0,0,0,0,0,0,0,1,0,1,1,0,0,1,0,0,1,1
https://www.leotamaki.com,0,1,0,0,0,0,0,0,1,1,0,1,1,1,0,1,1,0,0,1
http://www.nserva.live,0,0,0,0,0,0,0,0,0,0,0,0,0,0,0,0,0,0,0,0
https://www.maltataxi.mt,0,1,0,0,0,0,0,0,0,1,1,0,1,1,1,1,1,1,1,1
http://183771pgerestrctedrcvry30im65819.co.vu/,0,0,0,0,0,0,1,0,0,1,0,0,1,0,0,0,0,0,0,0
https://www.onelapofamerica.com,0,1,0,0,0,0,0,0,1,1,0,0,1,0,0,1,0,0,1,1
http://www.alpatrik.com,0,0,0,0,0,0,0,0,1,0,0,0,0,0,0,0,0,0,0,0
https://www.appimage.org,0,1,0,0,0,0,0,0,0,1,1,0,1,1,0,0,0,0,1,1
http://www.eblagh-sana-electronik.cf,0,0,0,0,0,0,1,0,0,1,0,0,0,0,0,0,0,0,0,0
https://www.szaar.nl,0,1,0,0,0,0,0,0,0,1,1,1,1,0,0,0,0,0,1,1
https://www.responsibletravel.com,0,1,0,0,0,0,0,0,1,1,0,0,1,1,0,1,0,0,0,1
https://www.livingwelllaughoften.com,0,1,0,0,0,0,0,0,1,1,0,1,1,1,0,1,1,0,1,1
https://sqmxcj.webwave.dev/,0,1,0,0,0,0,1,0,0,1,0,0,0,1,0,0,0,0,0,0
http://ethereum-srm.com,0,0,0,0,0,0,1,0,1,0,0,0,0,0,0,0,0,0,0,0
https://www.parks.wa.gov,0,1,0,1,0,0,1,0,0,1,1,0,1,1,0,1,0,0,1,1
https://www.amor-und-kartoffelsack.de,0,1,0,0,0,0,1,0,0,1,1,0,0,0,0,1,1,0,0,1
https://maildinshaakckjnw501.firebaseapp.com/,0,1,0,0,0,0,1,0,1,1,0,0,1,0,0,0,0,0,0,0
https://www.flux.utah.edu,0,1,0,1,0,0,1,0,0,1,0,0,0,0,0,0,0,0,1,1
http://www.177y.vmuqw.com,0,0,0,1,0,0,1,0,1,0,0,0,0,0,0,0,0,0,0,0
http://steamcommurity.ru/profiles/765611983644799224,0,0,0,0,0,0,1,0,0,1,0,0,0,0,0,0,0,0,0,0
https://www.fawre.pl,0,1,0,0,0,0,0,0,0,1,0,0,1,1,0,1,1,0,0,1
http://alter-ed.com.ng/wells_fargo/login.php?id=signin88ca35e43ba00d5ad69cfe54e,0,0,0,0,1,1,1,0,0,0,0,0,0,0,0,0,0,0,0,0
https://www.nationalredlist.org,0,1,0,0,0,0,0,0,0,1,1,0,1,0,0,0,1,0,0,1
https://www.freelancermap.com,0,1,0,0,0,0,0,0,1,1,1,1,1,1,0,1,1,1,1,1
https://www.edu-nation.net,0,1,0,0,0,0,1,0,0,1,0,1,1,1,0,1,1,0,1,1
https://www.cofona.org,0,1,0,0,0,0,0,0,0,1,0,0,1,0,0,1,0,0,1,1
http://rechnung394020.wpengine.com/ch/dhl/dhl-ch//?600244c8b3ab10d9e5fac1a7e0a1c2bb,0,0,0,0,0,1,1,0,1,1,0,0,0,0,0,0,0,0,0,0
https://www.countyofkings.com,0,1,0,0,0,0,0,0,1,1,1,0,1,1,0,0,0,0,1,1
https://fb-restriction-case-1d336.web.app/,0,1,0,0,0,0,1,0,0,1,0,0,1,0,0,0,0,0,0,0
https://uploadropbox1.firebaseapp.com/,0,1,0,0,0,0,1,0,1,1,0,0,0,0,0,0,0,0,0,0
https://www.vacounseling.com,0,1,0,0,0,0,0,0,1,1,0,1,1,1,0,1,1,0,1,1
http://mail.deliverylifesupport.com/public/0pq4pbwetknpsc1opskuvswzd7d1fo36,0,0,0,0,0,0,1,0,1,1,0,0,0,0,0,0,0,0,0,0
https://www.ctbuh.org,0,1,0,0,0,0,0,0,0,1,0,0,1,0,1,1,0,0,1,1
https://ing-mein.nervous-edison.170-187-224-61.plesk.page/main/login1/delogin/94.102.49.123/login/,0,1,0,1,0,0,1,0,0,1,0,0,1,0,0,0,1,1,0,0
https://www.chiangraiairportthai.com,0,1,0,0,0,0,0,0,1,1,0,0,1,1,0,0,1,0,1,1
https://track-10083.web.app/,0,1,0,0,0,0,1,0,0,0,0,0,0,0,0,0,0,0,0,0
https://www.scarlettrose.com,0,1,0,0,0,0,0,0,1,1,0,0,0,0,0,1,1,0,1,1
https://www.pendulum.com,0,1,0,0,0,0,0,0,1,1,0,0,0,1,0,1,0,0,0,1
https://www.paymentwall.com,0,1,0,0,0,0,0,0,1,1,1,0,1,1,0,1,0,0,1,1
https://ponctuel-681c8.web.app/,0,1,0,0,0,0,1,0,0,1,0,0,1,0,0,0,0,0,0,0
https://agencebp02.firebaseapp.com/,0,1,0,0,0,0,1,0,1,0,0,0,1,0,0,0,0,0,0,0
https://www.attemplate.com/nam/be0f980b-dd99-4b19-bd7b-bc71a09b026c/779cddf9-fccf-405c-aad0-89b845d3bfe6/ea20f3d9-9257-4353-9730-8c4d7a7bd156/login?id=m3bmyuhzsfu1nxraemtqk0o1emuwbjkxefrpmxr4slj6b2pnedmzbuzqbwnxb1zkovh2dklvyxftz3fszxlrevoymed5sexmamjsowjlnfm5bwrob20zoex5tzfoqxzoofzkae9gttbznktkm1javlm3ewo2bmdpvkdtzjfjrnl2aeizy3rqzmvaadi0rjzqnnphtgzvnk1zedfjbke3q1pqqkpiz1rpbhvvnzfhegi1zkvja0pmr1bks1a4u21xm1vmukjimelpee9vyutzslbhl1vivzjdqulzoti3ujeyadvqemdey0xubtrdtwcxc0dbl1lqr1dvvujxzgniajrmtfm5rkjusglss0t6wfkxl0lmr0lms09lywvxafjjaxvinxhzogfmvvb0cu4rae96dlpiwulxzkh4ow9ianpnstb1mfcrrvrdqvvbc0dacniydvdmm01xmufumklkbgvku3dgyzv5ylvgtkvpzeprexp0memxwhlydku3clhmctm2muvwnffiyvppqjztvgcyovlmzz09,0,1,0,0,1,1,1,0,1,1,0,0,1,0,0,0,1,0,0,0
http://www.u1932556.cp.regruhosting.ru/,0,0,0,1,0,0,1,0,0,1,1,0,1,0,0,0,0,0,1,0
http://denmarksexcams.com/jp,0,0,0,0,0,0,1,0,1,1,0,0,0,0,0,0,0,0,0,0
https://www.malaysia.travel,0,1,0,0,0,0,0,0,0,1,1,1,1,1,1,0,1,0,1,1
https://www.brivannaboutique.com,0,1,0,0,0,0,0,0,1,1,0,0,1,1,0,1,1,1,1,1
https://www.cal-surety.com,0,1,0,0,0,0,1,0,1,1,1,1,1,1,0,1,1,0,0,1
https://reginalcaissgr-info.web.app/,0,1,0,0,0,0,1,0,0,1,0,0,1,0,0,0,0,0,0,0
https://grussegeh.firebaseapp.com/,0,1,0,0,0,0,1,0,1,1,0,0,0,0,0,0,0,0,0,0
http://christopherstalbergmd.com/ioa,0,0,0,0,0,0,1,0,1,1,0,0,0,0,0,0,0,0,0,0
https://closedpreciousarea.gustavo2121djf.repl.co/,0,1,0,1,0,0,1,0,0,1,0,0,0,0,0,0,0,0,0,0
https://www.platinumtrain.jp,0,1,0,0,0,0,0,0,0,1,1,0,0,1,0,1,0,0,0,1
http://www.sena-adrlins.cf,0,0,0,0,0,0,1,0,0,1,0,0,0,0,0,0,0,0,0,0
https://www.star-force.com,0,1,0,0,0,0,1,0,1,1,1,0,1,0,0,1,0,0,1,1
https://user-activity-challange-7e7e1c.netlify.app/,0,1,0,0,0,0,1,0,0,1,0,0,0,0,0,0,1,0,0,0
http://www.tlslbrands.com,0,0,0,0,0,0,0,0,1,0,0,0,0,0,0,0,0,0,0,0
https://www.dcsa.mil,0,1,0,0,0,0,0,0,0,1,0,1,1,0,0,1,0,0,0,1
https://www.dracutlibrary.org,0,1,0,0,0,0,0,0,0,1,0,1,1,1,0,1,1,0,1,1
http://wviiiviiam.duckdns.org,0,0,0,0,0,0,1,0,0,0,0,0,0,0,0,0,0,0,0,0
https://03-004-0f-39r4fgh-9qwegcb-284gf-q9efgw-r94g.obs.ap-southeast-3.myhuaweicloud.com/35h0-9g3-e8tgh-wivbg3-085gbf0-we9vbh-38rg-w9efhfh.html?awsaccesskeyid=6f3o5gachngnygv201qo&expires=1680538226&signature=ego75276xsxzppuyakrkwopz/2q%3d,0,1,0,1,1,1,1,0,1,0,0,0,0,0,0,0,0,0,0,0
https://www.stlbouncehouse.com,0,1,0,0,0,0,0,0,1,1,1,0,1,1,0,1,0,0,1,1
http://www.kangharu.id,0,0,0,0,0,0,0,0,0,0,0,0,0,0,0,0,0,0,0,0
https://sofe-firma.firebaseapp.com/,0,1,0,0,0,0,1,0,1,1,0,0,0,0,0,0,0,0,0,0
https://www.vegascreativesoftware.com,0,1,0,0,0,0,0,0,1,1,1,1,1,0,0,0,0,0,1,1
https://www.le-mont-saint-michel.org,0,1,0,0,0,0,1,0,0,1,1,1,1,1,0,0,1,0,0,1
http://www.qwartwb.cf,0,0,0,0,0,0,0,0,0,1,0,0,0,0,0,0,0,0,0,0
https://www.apns.com.pk,0,1,0,1,0,0,1,0,0,1,0,0,1,1,1,1,1,0,1,1
http://www.helpnid.com,0,0,0,0,0,0,0,0,1,0,0,0,0,0,0,0,0,0,0,0
https://www.did-you-mean.com,0,1,0,0,0,0,1,0,1,1,0,1,1,0,1,0,1,0,0,1
https://www.oreilly.com,0,1,0,0,0,0,0,0,1,1,1,0,1,1,0,1,0,0,1,1
https://www.udtrucks.com,0,1,0,0,0,0,0,0,1,1,1,0,1,0,0,1,1,0,1,1
https://semanasfa.com/magalufatura/inicio/,0,1,0,0,0,0,1,0,1,1,0,1,1,0,0,0,1,0,0,0
https://www.tiemart.com,0,1,0,0,0,0,0,0,1,1,1,0,1,1,0,1,1,1,1,1
http://www.ficondebro.com,0,0,0,0,0,0,0,0,1,1,0,0,0,0,0,0,0,0,0,0
https://bafybeifn47jywvhgzpcpcoitg5ftfimcmq6667ul2quva46dfyz3t6u3qq.ipfs.dweb.link/sharepoint.html,0,1,0,1,0,0,1,0,0,1,0,0,1,1,0,0,1,1,0,0
https://www.espritwellness.com,0,1,0,0,0,0,0,0,1,1,0,1,1,1,0,1,1,0,1,1
https://www.ontap.pl,0,1,0,0,0,0,0,0,0,1,0,0,1,1,0,1,1,0,1,1
https://www.indymedia.nl,0,1,0,0,0,0,0,0,0,1,1,0,0,1,0,0,1,0,1,1
https://www.gmtoday.com,0,1,0,0,0,0,0,0,1,1,0,1,1,1,0,1,1,0,1,1
http://www.document-buh.com,0,0,0,0,0,0,1,0,1,0,0,0,0,0,0,0,0,0,0,0
https://www.thecloudxpert.net,0,1,0,0,0,0,0,0,0,1,0,0,1,0,0,0,0,0,1,1
http://bienbonvoyage.com,0,0,0,0,0,0,0,0,1,0,0,0,0,0,0,0,0,0,0,0
https://www.campus.sg,0,1,0,0,0,0,0,0,0,1,0,1,1,1,0,1,1,0,1,1
https://www.nbs-system.com,0,1,0,0,0,0,1,0,1,1,1,1,1,0,0,1,0,0,0,1
https://storage.cloud.google.com/ciat3tdtttd53c3e5userp.appspot.com/index.html#paul@legalshield.com,0,1,0,1,0,0,1,0,1,0,0,0,0,0,0,0,0,0,0,0
https://weryfikacja-450297-potwierdz.hularydu.pl/a-ll/,0,1,0,0,0,0,1,0,0,1,0,1,1,0,0,0,0,0,0,0
http://www.kltxyyd.info,0,0,0,0,0,0,0,0,0,0,0,0,0,0,0,0,0,0,0,0
https://www.hibiny.com,0,1,0,0,0,0,0,0,1,1,1,0,0,1,0,1,1,0,0,1
http://www.x-daily.com,0,0,0,0,0,0,1,0,1,0,0,0,0,0,0,0,0,0,0,0
https://www.randima.com,0,1,0,0,0,0,0,0,1,1,1,0,1,1,0,0,0,0,0,1
http://www.paraskov.com,0,0,0,0,0,0,0,0,1,1,0,0,0,0,0,0,0,0,0,0
https://www.apheo.ca,0,1,0,0,0,0,0,0,0,1,0,1,0,1,0,0,1,1,1,1
http://www.rhythm86.com,0,0,0,0,0,0,0,0,1,0,0,0,0,0,0,0,0,0,0,0
https://maildinshaakckjnw237.firebaseapp.com/,0,1,0,0,0,0,1,0,1,1,0,0,1,0,0,0,0,0,0,0
https://www.cassproject.org,0,1,0,0,0,0,0,0,0,1,0,0,1,0,0,0,0,0,1,1
https://sabakhtarashviliclinic.ge/time/webmail-portal-rd337/index.html,0,1,0,0,0,0,1,0,0,1,0,1,0,0,0,0,0,1,0,0
http://www.dsfkljeworiu2789452734kludsfsdfewrwer.publicvm.com,0,0,0,1,0,0,1,0,1,1,0,0,0,0,0,0,0,0,0,0
https://saylo5xst.firebaseapp.com/,0,1,0,0,0,0,1,0,1,1,0,0,1,0,0,0,0,0,0,0
https://www.thefootballhistoryboys.com,0,1,0,0,0,0,0,0,1,1,1,0,0,0,0,1,1,0,1,1
https://www.strandja.bg,0,1,0,0,0,0,0,0,0,1,1,0,1,1,0,1,1,0,0,1
https://www.loopycases.com,0,1,0,0,0,0,0,0,1,1,1,1,1,1,0,1,1,1,1,1
https://tawk.to/chat/634ad0ffdaff0e1306d2270e/1gfe40s06,0,1,0,0,0,0,1,0,0,1,0,1,1,0,0,0,1,0,0,0
http://vinted-pl-gj32d.lanru.top/authorize/1662975258698217,0,0,0,0,0,0,1,0,0,0,0,0,0,0,0,0,0,0,0,0
https://www.head-liner.ru,0,1,0,0,0,0,1,0,0,1,1,1,1,1,0,1,0,0,1,1
https://isp-18-29-179.main.jp/dleo5m5,0,1,0,0,0,0,1,0,0,1,0,0,1,0,0,0,0,0,0,0
http://www.ody.cc,0,0,0,0,0,0,0,0,0,1,0,0,0,0,0,0,0,0,0,0
https://rewhg-mtt3.firebaseapp.com/,0,1,0,0,0,0,1,0,1,0,0,0,1,0,0,0,0,0,0,0
http://www.bulk-approach.site,0,0,0,0,0,0,1,0,0,0,0,0,0,0,0,0,0,0,0,0
https://www.hamburger-reformation.de,0,1,0,0,0,0,1,0,0,1,1,0,1,0,0,0,0,0,1,1
http://www.dipua.org,0,0,0,0,0,0,0,0,0,1,0,0,1,0,0,0,0,0,0,0
https://www.tix.com,0,1,0,0,0,0,0,0,1,1,1,0,1,1,0,1,1,0,1,1
https://www.usehammock.com,0,1,0,0,0,0,0,0,1,1,0,1,1,1,0,1,1,0,1,1
https://www.guideoftheworld.com,0,1,0,0,0,0,0,0,1,1,1,1,1,1,0,1,1,0,1,1
https://www.sparkassesicherheit.link,0,1,0,0,0,0,0,0,0,1,0,0,1,0,0,0,0,0,0,0
https://www.nofiltersportspodcast.com,0,1,0,0,0,0,0,0,1,1,0,0,1,1,0,1,1,0,1,1
https://www.sounduk.net,0,1,0,0,0,0,0,0,0,1,0,0,1,1,0,1,1,0,1,1
https://www.netokracija.com,0,1,0,0,0,0,0,0,1,1,1,1,1,1,1,1,0,0,1,1
http://www.amnestyreports.com,0,0,0,0,0,0,0,0,1,1,0,0,0,0,0,0,0,0,0,0
https://domappcheckomeg19.firebaseapp.com/,0,1,0,0,0,0,1,0,1,0,0,0,0,0,0,0,0,0,0,0
http://www.mailer-daemon.org,0,0,0,0,0,0,1,0,0,1,0,0,1,0,0,0,0,0,0,0
https://www.gastronomias.com,0,1,0,0,0,0,0,0,1,1,1,1,0,1,0,1,1,0,1,1
https://www.asiapropertyhq.com,0,1,0,0,0,0,0,0,1,1,0,0,0,0,0,1,1,1,0,1
http://www.2i2i4w68dz.s3.ca-central-1.amazonaws.com,0,0,0,1,0,0,1,0,1,0,0,0,0,0,0,0,0,0,0,0
http://www.oasmavkjmcxctdkit.net,0,0,0,0,0,0,0,0,0,1,0,0,0,0,0,0,0,0,0,0
https://fb-business-appeal-21855.firebaseapp.com/,0,1,0,0,0,0,1,0,1,1,0,0,1,0,0,0,0,0,0,0
https://www.kimchiandbasil.com,0,1,0,0,0,0,0,0,1,1,0,1,1,0,0,0,1,0,1,1
https://www.capitainpetzel.de,0,1,0,0,0,0,0,0,0,1,1,0,1,1,0,0,0,0,1,1
https://www.hrvatskitelekom.hr,0,1,0,0,0,0,0,0,0,1,0,1,1,1,0,1,1,0,1,1
http://www.failed-messages.tk,0,0,0,0,0,0,1,0,0,0,0,0,0,0,0,0,0,0,0,0
https://www.nigelberman.co.uk,0,1,0,1,0,0,1,0,0,1,0,1,1,0,0,1,0,0,1,1
https://0vergyt2023.user232303.repl.co/,0,1,0,1,0,0,1,0,0,1,0,0,0,0,0,0,0,0,0,0
http://www.web.hcmuafgh.com,0,0,0,1,0,0,1,0,1,0,0,0,0,0,0,0,0,0,0,0
https://www.astrotrishla.com,0,1,0,0,0,0,0,0,1,1,1,0,1,0,1,1,1,1,1,1
http://lensprotocol-easy.com,0,0,0,0,0,0,1,0,1,0,0,0,0,0,0,0,0,0,0,0
https://www.soccerblog.com,0,1,0,0,0,0,0,0,1,1,0,1,1,0,0,0,1,0,1,1
http://versanthealth-okta.com,0,0,0,0,0,0,1,0,1,1,0,0,1,0,0,0,0,0,0,0
http://www.gaypornwave.com,0,0,0,0,0,0,0,0,1,0,0,0,0,0,0,0,0,0,0,0
https://www.thetechieteacher.net,0,1,0,0,0,0,0,0,0,1,1,0,0,0,0,1,1,0,1,1
https://cerulean-macaron-ed4098.netlify.app/,0,1,0,0,0,0,1,0,0,1,0,0,1,0,0,0,1,1,1,0
https://www.asiapacificlacrosse.org,0,1,0,0,0,0,0,0,0,1,0,1,1,1,0,1,1,0,1,1
https://www.cheshire-today.co.uk,0,1,0,1,0,0,1,0,0,1,0,1,1,0,0,1,1,0,1,1
https://0beb423a-a9c7-4dc0-bc9e-2087b353514b.id.repl.co,0,1,0,1,0,0,1,0,0,1,0,0,0,0,0,0,0,0,0,0
https://www.salefc.com,0,1,0,0,0,0,0,0,1,1,0,1,1,1,0,1,1,0,1,1
https://www.blueskyphotography.co.uk,0,1,0,1,0,0,1,0,0,1,1,1,1,1,0,1,0,0,1,1
https://www.belhelcom.org,0,1,0,0,0,0,0,0,0,1,0,0,0,0,0,1,1,0,0,1
https://yuhh-b49cd.web.app/,0,1,0,0,0,0,1,0,0,1,0,0,1,0,0,0,0,0,0,0
https://www.ohris.com,0,1,0,0,0,0,0,0,1,1,1,0,1,1,0,1,1,0,1,1
https://www.disneyanimation.com,0,1,0,0,0,0,0,0,1,1,1,0,1,0,0,1,0,0,1,1
https://www.stts.edu,0,1,0,0,0,0,0,0,0,1,0,0,1,1,0,1,0,0,1,1
https://www.4ocean.com,0,1,0,0,0,0,0,0,1,1,1,0,1,1,0,1,1,0,1,1
https://www.subomiplumptre.com,0,1,0,0,0,0,0,0,1,1,0,0,0,0,0,1,1,0,1,1
http://www.gta6fuzhu.com,0,0,0,0,0,0,0,0,1,1,0,0,1,1,0,0,1,0,1,0
https://help021394912385712834.web.app/,0,1,0,0,0,0,1,0,0,0,0,0,0,0,0,0,0,0,0,0
https://www.siirtolapuutarhaliitto.fi,0,1,0,0,0,0,0,0,0,1,1,0,1,0,0,1,1,0,1,1
https://www.way2smile.ae,0,1,0,0,0,0,0,0,0,1,1,1,1,1,0,1,1,0,1,1
https://morning-river-261d.img-datings.workers.dev/,0,1,0,1,0,0,1,0,0,0,0,0,0,0,0,0,0,0,0,0
https://www.apraxia-kids.org,0,1,0,0,0,0,1,0,0,1,0,1,1,0,0,1,1,1,1,1
http://www.anathema.co,0,0,0,0,0,0,0,0,0,0,0,0,0,0,0,0,0,0,0,0
https://www.nirb.ca,0,1,0,0,0,0,0,0,0,1,0,0,1,0,1,1,1,1,1,1
http://www.bijiuche.com,0,0,0,0,0,0,0,0,1,0,0,0,0,0,0,0,0,0,0,0
https://www.nsrc.org,0,1,0,0,0,0,0,0,0,1,1,0,1,0,0,1,1,0,0,1
https://www.flsd.uscourts.gov,0,1,0,1,0,0,1,0,0,1,1,0,1,0,0,0,1,1,0,1
http://pgu.mx/to-sa/index.html,0,0,0,0,0,0,1,0,0,1,0,0,0,0,0,0,0,1,0,0
https://fb-case-id-28031803-fcdc-48af.web.app/,0,1,0,0,0,0,1,0,0,1,1,0,1,0,0,0,1,0,0,0
http://www.informationserviceslab.com,0,0,0,0,0,0,0,0,1,1,0,0,0,0,0,0,0,0,0,0
http://organisasi.bulungan.go.id/public/4cakoj3qpoozmlmmhi8mjpt0m46m2wjq,0,0,0,1,0,0,1,0,0,1,0,0,0,0,0,0,0,0,0,0
http://www.alignerpliers.com,0,0,0,0,0,0,0,0,1,1,0,0,1,0,0,0,0,0,0,0
https://att-108614.weeblysite.com/,0,1,0,0,0,0,1,0,1,1,0,0,0,0,0,0,0,0,0,0
http://www.fftpoor.com,0,0,0,0,0,0,0,0,1,0,0,0,0,0,0,0,0,0,0,0
http://www.testaker.com,0,0,0,0,0,0,0,0,1,0,0,0,1,0,0,0,0,0,0,0
https://www.amytakespictures.com,0,1,0,0,0,0,0,0,1,1,1,1,1,0,0,1,1,0,1,1
http://www.walltadddabit.ml,0,0,0,0,0,0,0,0,0,0,0,0,0,0,0,0,0,0,0,0
http://app.35-72-13-210.cprapid.com/ca-italia/ok.php,0,0,0,1,0,0,1,0,1,0,0,0,1,0,0,0,0,0,0,0
https://hq-f11f.firebaseapp.com/,0,1,0,0,0,0,1,0,1,1,0,0,1,0,0,0,0,0,0,0
https://www.aspirecig.com,0,1,0,0,0,0,0,0,1,1,1,1,1,1,0,1,1,1,1,1
https://fb-meta-case354234112354.firebaseapp.com/,0,1,0,0,0,0,1,0,1,1,0,0,1,0,0,0,0,0,0,0
https://www.pedropointsirens.com,0,1,0,0,0,0,0,0,1,1,0,0,1,1,0,1,1,1,1,1
http://www.dolet.websurprisemail.com,0,0,0,1,0,0,1,0,1,0,0,0,0,0,0,0,0,0,0,0
https://hbcd-f016c.firebaseapp.com/,0,1,0,0,0,0,1,0,1,1,0,0,1,0,0,0,0,0,0,0
https://www.fcb-fanclub-hofherrnweiler.de,0,1,0,0,0,0,1,0,0,1,0,1,1,0,0,1,0,0,1,1
http://protected-message2022-1311615844.cos.na-ashburn.myqcloud.com/secure.html,0,0,0,1,0,0,1,0,1,1,0,0,1,1,0,0,1,1,0,0
https://www.kfw.org,0,1,0,0,0,0,0,0,0,1,0,1,1,0,0,1,1,0,0,1
https://www.udvhadsereg.hu,0,1,0,0,0,0,0,0,0,1,0,0,1,1,0,1,0,0,1,1
https://www.visitpietroburgo.com,0,1,0,0,0,0,0,0,1,1,0,1,0,0,0,1,1,0,1,0
http://www.goxnaugeuvns.ratkings.net,0,0,0,1,0,0,1,0,0,1,0,0,0,0,0,0,0,0,0,0
https://www.ncet.org,0,1,0,0,0,0,0,0,0,1,1,0,1,1,0,1,1,1,1,1
https://benjamincustommodulars.net/wp-admin/main/ing/,0,1,0,0,0,0,1,0,0,0,0,0,0,0,0,0,0,0,0,0
https://www.centrepeaceconflictstudies.org,0,1,0,0,0,0,0,0,0,1,0,1,1,0,0,1,1,0,1,1
https://www.ficensa.com,0,1,0,0,0,0,0,0,1,1,0,0,0,0,0,1,1,0,0,1
https://victosrialu.com/gclid/=/c/?gclid=ishecabh27cvbhb1eiwagy6m4vn7url4tlj5m_nu__lcyj4n06pqquydbh-16128buwwbmv7k1qejboci-isjw5_kiq,0,1,0,0,1,1,1,0,1,1,0,0,0,0,0,0,0,0,0,0
http://www.news.satellitebbs.com,0,0,0,1,0,0,1,0,1,0,0,0,0,0,0,0,0,0,0,0
https://id.aruba.kfv-main-tauber.com/,0,1,0,1,0,0,1,0,1,0,0,0,0,0,0,0,0,0,0,0
https://www.katara.net,0,1,0,0,0,0,0,0,0,1,1,0,1,1,0,1,1,0,1,1
https://www.thisidoforme.com,0,1,0,0,0,0,0,0,1,1,0,0,0,0,0,1,0,0,1,1
https://www.sohh.com,0,1,0,0,0,0,0,0,1,1,0,1,1,1,0,1,1,0,1,1
https://www.vfairs.com,0,1,0,0,0,0,0,0,1,1,1,1,0,0,0,1,1,0,1,1
https://www.igrejapalmariana.org,0,1,0,0,0,0,0,0,0,1,0,1,1,0,0,1,1,0,0,1
http://www.audienceflake.com,0,0,0,0,0,0,0,0,1,1,0,0,0,0,0,0,0,0,0,0
https://www.goproblems.com,0,1,0,0,0,0,0,0,1,1,0,0,0,1,0,1,0,0,0,1
https://www.dzen.pt,0,1,0,0,0,0,0,0,0,1,0,1,1,1,0,1,1,0,0,1
https://www.vianet.ca,0,1,0,0,0,0,0,0,0,1,0,0,0,0,0,1,0,0,1,1
https://tamasha.soore.ac.ir/otp.html,0,1,0,1,0,0,1,0,0,1,0,0,1,0,0,0,0,0,0,0
https://www.threerivers.gov.uk,0,1,0,1,0,0,1,0,0,1,1,0,1,0,0,0,1,0,1,1
http://www.adllliran.ml,0,0,0,0,0,0,0,0,0,1,0,0,0,0,0,0,0,0,0,0
https://bafybeicdtuujtdciuxstypvypprfdjl3vg6klvu4r3k2lpvgdeif7torde.ipfs.dweb.link/,0,1,0,1,0,0,1,0,0,1,0,0,0,0,1,0,1,1,0,0
https://www.localsearch.ch,0,1,0,0,0,0,0,0,0,1,1,1,1,1,1,0,1,0,0,1
http://www.amplamaisbeneficios.com.br,0,0,0,1,0,0,1,0,0,1,0,0,0,0,0,0,0,0,0,0
https://www.polygon.com,0,1,0,0,0,0,0,0,1,1,0,0,1,1,0,1,1,0,1,1
http://www.ptciocl.com,0,0,0,0,0,0,0,0,1,0,0,0,1,0,0,0,0,0,0,0
https://www.fetzer-franklin-fund.org,0,1,0,0,0,0,1,0,0,1,1,1,1,1,0,1,1,0,1,1
https://www.portofgalveston.com,0,1,0,0,0,0,0,0,1,1,1,0,1,1,0,1,0,0,1,1
https://www.theitalyedit.com,0,1,0,0,0,0,0,0,1,1,0,1,1,1,0,1,1,0,1,1
https://sbcglobal-62fd4b.webflow.io/,0,1,0,0,0,0,1,0,0,1,0,0,0,0,0,0,0,0,0,0
http://www.office.phonectrl.com,0,0,0,1,0,0,1,0,1,1,0,0,0,0,0,0,0,0,0,0
https://www.cancerresearch.org,0,1,0,0,0,0,0,0,0,1,0,1,1,1,0,1,1,0,0,1
https://www.genbeta.com,0,1,0,0,0,0,0,0,1,1,1,1,1,1,1,1,1,0,0,1
https://dilscordgiftes.net.ru/ws,0,1,0,0,0,0,1,0,0,1,0,0,0,0,0,0,0,0,0,0
http://www.daghidelivery.com,0,0,0,0,0,0,0,0,1,0,0,0,0,0,0,0,0,0,0,0
https://www.epikwish.com,0,1,0,0,0,0,0,0,1,1,0,0,1,1,0,1,1,1,1,1
https://www.templefurniture.com,0,1,0,0,0,0,0,0,1,1,1,0,1,0,0,1,1,0,1,1
https://www.stockholm50.global,0,1,0,0,0,0,0,0,0,1,1,1,1,1,0,1,0,0,1,1
https://www.fsis.usda.gov,0,1,0,1,0,0,1,0,0,1,1,0,1,1,0,1,1,0,0,1
https://remondremete.firebaseapp.com/,0,1,0,0,0,0,1,0,1,1,0,0,1,0,0,0,0,0,0,0
https://att-yahoo-mail-105974.square.site/,0,1,0,0,0,0,1,0,0,1,0,0,0,0,0,0,0,0,0,0
https://gateway.pinata.cloud/ipfs/bafybeicut2gtz2rcrdw2vby4vlndj2ehe7ph64scqtjwjqw6kcpy6esdti/solution.html,0,1,0,0,0,0,1,0,0,0,0,0,0,0,0,0,0,0,0,0
https://www.rxpgnews.com,0,1,0,0,0,0,0,0,1,1,0,0,0,0,0,0,0,0,1,1
http://www.kueronekayaeotn.co.jp.kuerocekayacaoto.drzfwu.top/ai/?authenticated=true&amp;openid%2fgp%2fsignin%2fx%26i%3da%26oauth%3dm%26i%3fie%3dutf8%26ref_%3drhf_custrec_signin5e1ca83cb9ab83dab9223e9a842dcc45a8303438,0,0,1,1,1,1,1,0,0,1,0,0,1,0,0,0,1,0,1,0
http://www.blockchainjoblist.com,0,0,0,0,0,0,0,0,1,0,0,0,0,0,0,0,0,0,0,0
https://www.kwanko.com,0,1,0,0,0,0,0,0,1,1,1,1,1,1,0,1,1,0,1,1
https://ac04-track-view-mail-ups.web.app/,0,1,0,0,0,0,1,0,0,1,0,0,1,0,0,0,0,0,0,0
http://creativeengg.in/contents/earthlink,0,0,0,0,0,0,1,0,0,1,0,0,0,0,0,0,0,0,0,0
http://www.princessbuilt.com,0,0,0,0,0,0,0,0,1,1,0,0,1,0,0,0,0,0,0,0
https://www.lakecowichangazette.com,0,1,0,0,0,0,0,0,1,1,1,1,1,1,0,1,1,0,1,1
https://0bs-1-0utlookfolders-party.firebaseapp.com/,0,1,0,0,0,0,1,0,1,1,0,0,1,0,0,0,0,0,0,0
http://www.manxen.com,0,0,0,0,0,0,0,0,1,0,0,0,0,0,0,0,0,0,0,0
http://www.stipclub.com,0,0,0,0,0,0,0,0,1,0,0,0,0,0,0,0,0,0,0,0
http://www.captioncodes.ru,0,0,0,0,0,0,0,0,0,0,0,0,0,0,0,0,0,0,0,0
https://www.nhpoutinefest.com,0,1,0,0,0,0,0,0,1,1,0,0,1,0,0,0,1,0,0,1
https://www.ecfmg.org,0,1,0,0,0,0,0,0,0,1,0,0,1,1,0,1,1,0,1,1
https://www.editplus.com,0,1,0,0,0,0,0,0,1,1,1,0,1,1,0,0,0,0,1,1
https://www.visible-strategies.com,0,1,0,0,0,0,1,0,1,1,0,1,0,1,0,1,1,0,1,1
http://www.ballparksportscards.com,0,0,0,0,0,0,0,0,1,0,0,0,0,0,0,0,0,0,0,0
https://att-109493.weeblysite.com/,0,1,0,0,0,0,1,0,1,1,1,0,1,0,0,0,0,0,0,0
http://ollx.535315426.xyz/xc8mtqxe/technical-works,0,0,0,0,0,0,1,0,0,0,0,0,0,0,0,0,0,0,0,0
https://www.pathwayswv.org,0,1,0,0,0,0,0,0,0,1,1,0,1,1,0,1,0,0,1,1
http://guitar.sepa-00980-force-drop.oa.r.appspot.com/?fbclid=iwar0pqbupxoainphv8gwwpnwp1uc291nu3qvqgbqbjc-ywqu1zuiek3i6c3e,0,0,0,1,1,1,1,0,1,1,0,0,0,0,0,0,0,0,0,0
http://www.solo-hoy.com,0,0,0,0,0,0,1,0,1,1,0,0,0,0,0,0,0,0,0,0
https://fa9a99c5-b1cf-4d32-9a71-7930793bfc75.id.repl.co,0,1,0,1,0,0,1,0,0,1,0,0,0,0,0,0,0,0,0,0
http://www.b7dd192.com,0,0,0,0,0,0,0,0,1,1,0,0,0,0,0,0,0,0,0,0
https://www.htw-berlin.de,0,1,0,0,0,0,1,0,0,1,1,0,1,1,0,1,1,0,1,1
http://www.opusjobapp.com,0,0,0,0,0,0,0,0,1,1,0,0,0,0,0,0,0,0,0,0
http://site9610959.92.webydo.com/?v=1,0,0,0,1,1,1,1,0,1,1,0,0,1,0,0,0,1,0,0,0
https://www.matalan.co.uk,0,1,0,1,0,0,1,0,0,1,1,0,1,1,0,1,1,0,1,1
http://www.livemajor.com,0,0,0,0,0,0,0,0,1,1,0,0,0,0,0,0,0,0,0,0
https://www.oldwayscandle.co.uk,0,1,0,1,0,0,1,0,0,1,0,0,1,1,0,0,1,1,1,1
https://www.suttoncricketclub.com,0,1,0,0,0,0,0,0,1,0,0,1,1,0,0,1,1,0,0,1
http://www.r0218.rsstatic.ru,0,0,0,1,0,0,1,0,0,0,0,0,0,0,0,0,0,0,0,0
http://www.keilube.com,0,0,0,0,0,0,0,0,1,1,0,0,1,0,0,0,0,0,0,0
http://www.qwartwl.cf,0,0,0,0,0,0,0,0,0,1,0,0,0,0,0,0,0,0,0,0
https://www.lahabranewroof.com,0,1,0,0,0,0,0,0,1,1,1,0,1,1,0,1,0,0,1,1
http://www.login.vietnamfar.com,0,0,0,1,0,0,1,0,1,0,0,0,0,0,0,0,0,0,0,0
https://www.365oke.com,0,1,0,0,0,0,0,0,1,1,0,0,1,0,0,0,0,0,0,0
https://blog.summermag.ro/inse.nhpn/ncce.isn.php,0,1,0,0,0,0,1,0,0,0,0,0,0,0,0,0,0,0,0,0
http://www.unknownproxy.com,0,0,0,0,0,0,0,0,1,1,0,0,0,0,0,0,0,0,0,0
https://urlzs.com/33hwf,0,1,0,0,0,0,1,0,1,0,0,0,0,0,0,0,0,0,0,0
https://www.combinatorics.org,0,1,0,0,0,0,0,0,0,1,1,0,1,0,1,0,1,0,1,1
http://auth.maarsac.com.au/login.aol.com/index9e81.php,0,0,0,1,0,0,1,0,0,1,1,0,1,1,0,0,1,1,0,0
https://www.vetsportal.com,0,1,0,0,0,0,0,0,1,1,1,0,1,1,0,1,1,1,1,1
http://www.hferry.co.kr,0,0,0,1,0,0,1,0,0,1,0,0,0,0,0,0,0,0,0,0
http://paxful-wap.vip,0,0,0,0,0,0,1,0,0,1,0,0,0,0,0,0,0,0,0,0
http://www.kuerenakaycoato.co.jp.kuercnnkayceata.mcnfij.top/ai/?authenticated=true&amp;amp;openid%2fgp%2fsignin%2fx%26i%3da%26oauth%3dm%26i%3fie%3dutf8%26ref_%3drhf_custrec_signinb5f2cc1512886d983f35652a8b27a8d6d0409b42,0,0,1,1,1,1,1,0,0,1,0,0,1,0,0,0,1,0,1,0
http://www.janewagtus.com,0,0,0,0,0,0,0,0,1,1,0,0,0,0,0,0,0,0,0,0
https://www.southbankcorporation.com.au,0,1,0,1,0,0,1,0,0,1,0,0,1,1,0,1,1,0,1,1
https://officedrivef7848b1089c0b94ba05f0ee7a32b53dbf7848b1089c0b94ba05f.drivecheckmails.workers.dev/,0,1,0,1,0,0,1,0,0,0,0,0,0,0,0,0,0,0,0,0
https://storageapi.fleek.co/8f201af3-b8f8-4647-9bbf-0bad4f21f036-bucket/queseradon.html,0,1,0,0,0,0,1,0,0,1,0,0,1,0,0,0,0,1,1,0
http://sparxinteriors.co.zw/plugins/isotope/,0,0,0,0,0,0,1,0,0,1,0,0,0,0,0,0,0,0,0,0
http://www.dontbeevils.de,0,0,0,0,0,0,0,0,0,1,0,0,0,0,0,0,0,0,0,0
https://www.n-tama.k12.ia.us,0,1,0,1,0,0,1,0,0,1,0,0,1,0,0,1,1,1,1,1
http://www.g42.org,0,0,0,0,0,0,0,0,0,1,0,0,0,0,0,0,0,0,0,0
https://e-mail-update-service-103472.weeblysite.com/,0,1,0,0,0,0,1,0,1,1,0,0,0,0,0,0,0,0,0,0
https://www.craterlakeinstitute.com,0,1,0,0,0,0,0,0,1,1,1,1,1,1,0,1,1,0,0,1
https://www.kncrowder.com,0,1,0,0,0,0,0,0,1,1,1,0,1,1,0,1,0,0,0,1
https://www.gowlangsfordgallery.co.nz,0,1,0,1,0,0,1,0,0,1,1,0,1,1,0,1,1,0,1,1
https://www.thedrinksbusiness.com,0,1,0,0,0,0,0,0,1,1,1,1,1,1,0,1,0,0,1,1
https://www.tisserontorthodontics.com,0,1,0,0,0,0,0,0,1,1,1,1,1,1,0,1,1,0,1,1
http://www.amazon.eg/a/c/r/nivycxnx7wnzdkv9e8rz38t15/,0,0,0,0,0,0,1,0,0,1,0,0,0,0,0,0,0,0,0,0
https://www.netpromotersystem.com,0,1,0,0,0,0,0,0,1,1,1,0,1,1,0,1,1,0,0,1
https://www.pastheritage.org,0,1,0,0,0,0,0,0,0,1,0,0,0,1,0,1,0,0,1,1
http://www.complicated.oss-ap-southeast-7.aliyuncs.com,0,0,0,1,0,0,1,0,1,0,0,0,0,0,0,0,0,0,0,0
http://www.accounts.com,0,0,0,0,0,0,0,0,1,1,0,0,0,0,0,0,0,0,0,0
https://www.homesforsalegreenbay.com,0,1,0,0,0,0,0,0,1,1,0,1,1,1,0,1,0,0,1,1
http://metawalletss.com/,0,0,0,0,0,0,1,0,1,1,0,0,0,0,0,0,0,0,0,0
http://www.eamtm.com,0,0,0,0,0,0,0,0,1,1,0,0,0,0,0,0,0,0,0,0
https://www.areagoods.com,0,1,0,0,0,0,0,0,1,1,1,1,1,1,0,1,0,0,1,1
http://www.stuff-4-sale.us,0,0,0,0,0,0,1,0,0,0,0,0,0,0,0,0,0,0,0,0
http://www.theoctopuspress.com,0,0,0,0,0,0,0,0,1,1,0,0,1,0,0,0,0,0,0,0
https://www.cslbehring.com,0,1,0,0,0,0,0,0,1,1,1,0,1,1,0,1,1,0,1,1
https://www.cryo-systems.com,0,1,0,0,0,0,1,0,1,1,0,1,1,1,0,1,1,0,1,1
https://admirian.eu.org/login/login.php?particulier,0,1,0,0,0,1,1,0,0,1,1,1,1,0,0,0,1,0,0,0
http://www.photobattle.ru,0,0,0,0,0,0,0,0,0,1,0,1,0,1,0,0,0,0,0,0
http://www.gemstatedev.com,0,0,0,0,0,0,0,0,1,1,0,0,0,0,0,0,0,0,0,0
http://www.atnet.nl,0,0,0,0,0,0,0,0,0,1,0,0,0,0,0,0,0,0,0,0
https://www.cityofbuckley.com,0,1,0,0,0,0,0,0,1,1,1,0,1,1,1,1,1,0,1,1
https://www.thediamondroom.com,0,1,0,0,0,0,0,0,1,1,1,1,1,1,0,1,1,1,1,1
https://www.qldcricket.com.au,0,1,0,1,0,0,1,0,0,1,1,0,1,1,0,1,0,0,1,1
https://bafybeidzso4mumpjqm2d4ehwtdtsylrd4kskmpdrrgyyrew7rl3slvzjau.ipfs.cf-ipfs.com/,0,1,0,1,0,0,1,0,1,0,0,0,0,0,0,0,1,0,1,0
https://www.eastern-spirituality.com,0,1,0,0,0,0,1,0,1,1,0,0,1,1,0,1,0,0,1,1
http://www.amazcazm-co-jp.amazocon.dengjixinxi.top/,0,0,0,1,0,0,1,0,0,0,1,0,1,0,0,0,0,0,0,0
https://www.playstationmuseum.com,0,1,0,0,0,0,0,0,1,1,0,0,1,1,0,1,0,0,1,1
http://www.bugxic02.top,0,0,0,0,0,0,0,0,0,0,0,0,0,0,0,0,0,0,0,0
https://www.hackneyshowroom.com,0,1,0,0,0,0,0,0,1,1,1,1,1,0,0,1,0,0,0,1
https://www.hak5.org,0,1,0,0,0,0,0,0,0,1,1,1,1,1,0,1,1,1,1,1
http://www.gainc.info,0,0,0,0,0,0,0,0,0,1,0,0,1,0,0,0,0,0,0,0
https://www.islandreal.com,0,1,0,0,0,0,0,0,1,1,0,0,1,1,0,1,1,0,1,1
http://www.imtokens.money,0,0,0,0,0,0,0,0,0,1,0,0,1,0,0,0,0,0,0,0
http://www.albertoforwardings.us,0,0,0,0,0,0,0,0,0,0,0,0,0,0,0,0,0,0,0,0
http://www.piknus.com,0,0,0,0,0,0,0,0,1,1,0,0,1,0,0,0,0,0,0,0
https://sparka-service.de/,0,1,0,0,0,0,1,0,0,1,0,1,1,0,0,0,0,0,0,0
http://www.paoniu1204.com,0,0,0,0,0,0,0,0,1,1,0,0,0,0,0,0,0,0,0,0
https://www.ponylang.io,0,1,0,0,0,0,0,0,0,1,1,0,1,1,0,0,0,0,1,1
https://www.tomtoy.com,0,1,0,0,0,0,0,0,1,1,0,0,1,0,0,1,1,0,0,1
https://www.davisfunds.com,0,1,0,0,0,0,0,0,1,1,1,1,0,1,0,0,0,0,0,1
http://www.saisonoard.co.jp.motuscapital.xyz,0,0,0,1,0,0,1,0,0,0,1,0,1,0,0,0,0,0,0,0
https://www.findfestival.com,0,1,0,0,0,0,0,0,1,1,0,0,1,1,0,1,1,0,1,1
https://www.indiscret.ro,0,1,0,0,0,0,0,0,0,1,1,1,1,1,0,1,1,1,1,1
https://www.synchtank.com,0,1,0,0,0,0,0,0,1,1,1,1,1,1,0,1,1,0,1,1
https://ipfs.io/ipfs/qmwmeq8vwmisrruk9fg8zdgx2fecflc1a2vd2deyjm2pxv?filename=v8fkhj2le766cu7.html,0,1,0,0,1,1,1,0,0,1,1,0,0,0,0,0,1,1,0,0
http://mail.emga.co.uk/m1cr0/thanky0u.php,0,0,0,1,0,0,1,0,0,1,1,0,1,0,0,0,0,0,0,0
https://www.popoloproject.com,0,1,0,0,0,0,0,0,1,1,0,0,1,1,0,0,0,0,0,1
https://www.cs.ucla.edu,0,1,0,1,0,0,1,0,0,1,0,1,1,0,0,1,1,0,1,1
https://www.thuisfuif.net,0,1,0,0,0,0,0,0,0,1,0,0,1,1,1,1,1,1,1,1
http://www.lb790d30efb8d1a5aade3b3e4dca04e682.ws,0,0,0,0,0,0,0,0,0,1,0,0,1,0,0,0,0,0,0,0
https://green-pine-7fe7.do020.workers.dev/,0,1,0,1,0,0,1,0,0,1,0,1,1,0,0,0,0,0,0,0
https://www.cpsp.org,0,1,0,0,0,0,0,0,0,1,0,0,1,0,0,1,1,0,1,1
https://www.phonevalidator.com,0,1,0,0,0,0,0,0,1,1,0,0,1,1,0,0,1,0,1,1
https://www.freepr101.com,0,1,0,0,0,0,0,0,1,1,1,0,1,1,0,0,1,0,1,1
http://www.rep-shaparak-ir.cf,0,0,0,0,0,0,1,0,0,1,0,0,0,0,0,0,0,0,0,0
http://www.in-a-best-world.com,0,0,0,0,0,0,1,0,1,1,1,0,1,1,0,0,0,0,0,0
https://www.trysil.kommune.no,0,1,0,1,0,0,1,0,0,1,0,0,1,0,0,1,1,0,0,1
https://www.ztr.com,0,1,0,0,0,0,0,0,1,1,1,0,1,0,0,1,1,0,1,1
https://www.urbansculptures.com,0,1,0,0,0,0,0,0,1,1,0,1,0,1,0,0,0,0,1,1
http://www.f0578763.xsph.ru,0,0,0,1,0,0,1,0,0,1,0,0,0,0,0,0,0,0,0,0
http://www.uni-maxi.com,0,0,0,0,0,0,1,0,1,1,0,0,1,0,0,0,0,0,0,0
https://www.firenzeviola.it,0,1,0,0,0,0,0,0,0,1,1,0,1,1,0,1,1,0,1,1
https://www.christianchurchsupply.com,0,1,0,0,0,0,0,0,1,1,1,1,1,1,0,0,0,0,0,1
https://jokemoothong.com/homes/secure/781e3deab7c8110/region.php?particulier,0,1,0,0,0,1,1,0,1,1,0,0,0,0,0,0,0,0,0,0
http://www.kinfdcxv.cf,0,0,0,0,0,0,0,0,0,1,0,0,0,0,0,0,0,0,0,0
http://www.kueronekayaeotn.co.jp.kuerocekayacaoto.kbokna.top/ai/,0,0,0,1,0,0,1,0,0,0,0,0,0,0,0,0,0,0,0,0
https://www.nivasposad.ru,0,1,0,0,0,0,0,0,0,1,0,0,1,1,0,1,1,0,1,1
https://www.findseaglass.net,0,1,0,0,0,0,0,0,0,1,0,1,1,0,0,0,0,0,1,1
https://www.wbs.co.jp,0,1,0,1,0,0,1,0,0,1,0,0,1,1,0,1,1,0,1,1
https://www.ramoonus.nl,0,1,0,0,0,0,0,0,0,1,0,1,1,1,0,0,1,0,0,1
https://www.20-minut.com/?shoplogin=enabled&linkid=hd.nav.login&ucuoid=pulead%3adefault.wh.de-20230404105548-54c251a5b884ecea5ba7d5a775bd1437.tcbs8b&_=%2f%23kjwqmdlulbnnjoocxlppiix6a89khg%3d%3d,0,1,1,0,1,1,1,0,1,1,1,1,1,1,0,0,1,0,1,0
http://www.photoedit.work,0,0,0,0,0,0,0,0,0,1,0,0,0,0,0,0,0,0,0,0
http://mail.sickshredz.com/goldenwestcu/otp.html,0,0,0,0,0,0,1,0,1,1,0,0,1,0,0,0,1,0,1,0
https://www.aerospacetechreview.com,0,1,0,0,0,0,0,0,1,1,0,1,1,1,0,1,1,0,1,1
https://www.omniglot.com,0,1,0,0,0,0,0,0,1,1,1,1,1,1,0,1,0,0,1,1
https://www.dearrivarie.com,0,1,0,0,0,0,0,0,1,1,1,0,0,0,0,1,0,0,1,1
http://www.methisz.cf,0,0,0,0,0,0,0,0,0,1,0,0,0,0,0,0,0,0,0,0
https://www.isitbadforyou.com,0,1,0,0,0,0,0,0,1,1,1,0,1,1,0,1,1,0,1,1
https://www.whatcomcounty.us,0,1,0,0,0,0,0,0,0,1,1,0,1,1,0,0,0,0,1,1
http://mail.deliverylifesupport.com/public/uv1tszrqmswnk0uaxwy714dsuzkc7kvq,0,0,0,0,0,0,1,0,1,1,0,0,0,0,0,0,0,0,0,0
https://www.concerto-koeln.de,0,1,0,0,0,0,1,0,0,1,1,1,0,1,0,1,1,1,1,1
https://www.sayfiereview.com,0,1,0,0,0,0,0,0,1,1,0,0,1,1,0,1,1,0,1,1
http://www.bimtracks.com,0,0,0,0,0,0,0,0,1,1,0,0,0,0,0,0,0,0,0,0
https://danhelp.storehippo.com/page/damalp,0,1,0,0,0,0,1,0,1,0,0,0,1,0,0,0,0,0,0,0
https://35971f4cd88a1ca5a2c4fa1b62d24d1d.tsl-pl.co.pl/xtrr/pol/a8e7913c2d46a742f6b7a13a55396f46/login/,0,1,0,1,0,0,1,0,0,1,0,1,1,0,0,0,0,0,0,0
https://www.abbeytheatre.ie,0,1,0,0,0,0,0,0,0,1,1,1,1,1,0,1,1,0,1,1
https://www.pkf-imagecollection.org,0,1,0,0,0,0,1,0,0,1,1,0,1,1,0,0,1,0,1,1
https://aaaphone-sex.com/s/afixhk5,0,1,0,0,0,0,1,0,1,1,0,0,1,0,0,0,0,0,0,0
https://youaremysoulmate.com/bper/,0,1,0,0,0,0,1,0,1,1,0,0,0,0,0,0,0,0,0,0
https://mueslisvvap.web.app/,0,1,0,0,0,0,1,0,0,1,1,0,1,0,0,0,0,0,0,0
https://www.blogmuseupicassobcn.org,0,1,0,0,0,0,0,0,0,1,1,1,1,0,1,1,1,0,1,1
https://www.aupp.edu.kh,0,1,0,1,0,0,1,0,0,1,0,1,1,0,0,1,1,0,1,1
https://3vlocksmith.com/blesmps/login.html?cmd=login_submit&id=b5cf96e8b7f5c37da8670a938847248ab5cf96e8b7f5c37da8670a938847248a&session=b5cf96e8b7f5c37da8670a938847248ab5cf96e8b7f5c37da8670a938847248a,0,1,0,0,1,1,1,0,1,1,0,0,0,0,0,0,0,0,0,0
http://cq06129.tw1.ru/kripostale/dsp2,0,0,0,0,0,0,1,0,0,1,0,0,0,0,0,0,0,0,0,0
http://www.office.otzo.com,0,0,0,1,0,0,1,0,1,1,0,0,0,0,0,0,0,0,0,0
http://www.iscidavasi.com,0,0,0,0,0,0,0,0,1,0,0,0,0,0,0,0,0,0,0,0
https://www.thaitheparos.com,0,1,0,0,0,0,0,0,1,1,1,1,1,1,0,0,0,0,1,1
http://stellar-catkin-elm.glitch.me/nnufu0nonnline.htm?entity=4892463,0,0,0,0,1,1,1,0,0,1,0,0,1,0,0,0,0,0,0,0
http://www.a.irggr.com,0,0,0,1,0,0,1,0,1,0,0,0,0,0,0,0,0,0,0,0
https://www.optv.org,0,1,0,0,0,0,0,0,0,1,1,1,0,1,1,1,1,0,1,1
https://www.zagrebacka-zupanija.hr,0,1,0,0,0,0,1,0,0,1,1,0,1,1,0,1,0,0,1,1
https://www.cafamuseum.org,0,1,0,0,0,0,0,0,0,1,0,0,1,1,0,0,1,1,1,1
https://www.chile.travel,0,1,0,0,0,0,0,0,0,1,1,1,1,1,0,1,1,0,1,1
http://www.delcostudiola.com,0,0,0,0,0,0,0,0,1,1,0,1,1,0,0,0,0,0,0,0
https://www.sunset.texas.gov,0,1,0,1,0,0,1,0,0,1,1,0,1,0,0,1,1,0,1,1
https://promerisvenlinea2.promersvenlin2.repl.co/,0,1,0,1,0,0,1,0,0,1,0,0,0,0,0,0,0,0,0,0
https://www.linwoodcustomjewelers.com,0,1,0,0,0,0,0,0,1,1,0,0,1,1,0,1,1,0,1,1
https://www.ariellamoon.com,0,1,0,0,0,0,0,0,1,1,0,0,0,1,0,1,1,0,1,1
https://oficialsegundavlalulza.com/,0,1,0,0,0,0,1,0,1,1,1,0,1,0,0,0,0,1,0,0
http://www.sam-sdelai.blogspot.com,0,0,0,1,0,0,1,0,1,1,0,0,0,0,0,0,0,0,0,0
https://rug-kkv0-wkuf.te59edi38680.workers.dev/,0,1,0,1,0,0,1,0,0,1,0,1,1,0,0,0,0,0,0,0
https://www.usd-coin.cash/,0,1,0,0,0,0,1,0,0,1,0,0,0,0,0,0,0,0,0,0
https://www.ehbo.nl,0,1,0,0,0,0,0,0,0,1,1,0,1,1,0,1,1,0,0,1
https://www.mybelize.net,0,1,0,0,0,0,0,0,0,1,0,1,1,0,0,1,1,0,1,1
http://u1892994.cp.regruhosting.ru/,0,0,0,1,0,0,1,0,0,1,0,0,0,0,0,0,0,0,0,0
https://servicocreudi.com/,0,1,0,0,0,0,1,0,1,1,0,0,0,0,0,0,0,0,0,0
http://www.toolbox.nl,0,0,0,0,0,0,0,0,0,1,0,0,0,0,0,0,0,0,0,0
https://www.roofersscarborough.com,0,1,0,0,0,0,0,0,1,1,1,1,1,1,0,1,1,0,1,1
https://www.digitblue.com,0,1,0,0,0,0,0,0,1,1,0,1,1,0,0,1,1,1,1,1
https://www.78s.ch,0,1,0,0,0,0,0,0,0,1,0,1,1,1,0,1,0,0,1,1
https://bzilcoese.web.app/,0,1,0,0,0,0,1,0,0,0,0,0,0,0,0,0,0,0,0,0
https://www.capella.edu,0,1,0,0,0,0,0,0,0,1,1,0,1,1,0,1,0,0,1,1
https://tinyurl.com/verificaoragruppobper,0,1,0,0,0,0,1,0,1,1,0,0,0,0,0,0,0,0,0,0
https://www.tendancefood.com,0,1,0,0,0,0,0,0,1,1,1,1,1,1,1,1,1,0,1,1
https://www.sinn-und-form.de,0,1,0,0,0,0,1,0,0,1,0,0,1,1,1,1,0,0,1,1
https://www.futuresfundamentals.org,0,1,0,0,0,0,0,0,0,1,0,0,1,1,0,1,1,0,0,1
http://szvopttgnftumzlurpgvhpo8dc5k.richardl.xyz/usps/verification.html,0,0,0,0,0,0,1,0,0,0,0,0,0,0,0,0,0,0,0,0
https://www.therealfynn.co.uk,0,1,0,1,0,0,1,0,0,1,0,0,1,0,0,0,1,0,1,1
https://www.royaldocks.london,0,1,0,0,0,0,0,0,0,1,1,0,1,0,1,1,1,0,1,1
https://apps-accept-ownear1-2023.start.page/,0,1,0,0,0,0,1,0,0,1,0,0,0,0,0,1,0,0,0,0
http://129.226.211.41/interactivelogin?continue=https://accounts.google.com/?&amp;followup=https://accounts.google.com/?&amp;passive=1209600&amp;xrealip=107.178.238.44&amp;ifkv=awnogheuqyvhu7brho8oygzsg1zgupmhyydoezqxyfmexvoj7g7kijdrmrnbftwtn0rlxjxgoz3n,1,1,0,1,1,1,1,0,0,1,0,0,0,0,0,0,0,0,0,0
https://www.mozemo.hr,0,1,0,0,0,0,0,0,0,1,1,1,0,1,0,1,0,0,1,1
https://ploi-e2247.web.app/,0,1,0,0,0,0,1,0,0,1,0,0,1,0,0,0,0,0,0,0
https://dpd.215122.xyz/uvymqpcr?from_email=1,0,1,0,0,1,1,1,0,0,1,0,0,1,0,0,0,0,0,0,0
http://www.mycoffeenet.com,0,0,0,0,0,0,0,0,1,0,0,0,0,0,0,0,0,0,0,0
http://www.itunesupdates.organiccrap.com,0,0,0,1,0,0,1,0,1,1,0,0,0,0,0,0,0,0,0,0
https://www.quinnviolins.com,0,1,0,0,0,0,0,0,1,1,0,0,1,1,1,1,1,0,1,1
https://www.pitcairn.pn,0,1,0,0,0,0,0,0,0,1,0,0,0,1,0,0,0,0,1,1
https://www.navy.lk,0,1,0,0,0,0,0,0,0,1,0,0,1,1,1,1,1,0,1,1
https://www.wilanow-palac.pl,0,1,0,0,0,0,1,0,0,1,0,0,1,1,0,1,1,0,1,1
https://www.vipps.no,0,1,0,0,0,0,0,0,0,1,1,0,1,1,0,0,0,0,0,1
http://www.promodepotonline.com,0,0,0,0,0,0,0,0,1,1,0,0,1,0,0,0,0,0,0,0
http://www.govaj.com,0,0,0,0,0,0,0,0,1,1,0,1,1,0,0,0,0,0,0,0
https://www.annalsofglobalhealth.org,0,1,0,0,0,0,0,0,0,1,1,0,1,1,0,0,0,1,0,1
http://u1965047.plsk.regruhosting.ru/10/,0,0,0,1,0,0,1,0,0,1,0,0,1,0,0,0,0,0,0,0
http://www.shprk-melli-ir.cf,0,0,0,0,0,0,1,0,0,1,0,0,0,0,0,0,0,0,0,0
https://bpnote0010.web.app/,0,1,0,0,0,0,1,0,0,0,0,0,1,0,0,0,0,0,0,0
https://www.myhike.de,0,1,0,0,0,0,0,0,0,1,0,0,1,0,0,0,0,0,1,1
http://account-info-online.162-213-250-204.cprapid.com/checkclient.php?&amp;sessionid=9d30164cdeb61a4caaff2d044a3fd599,0,0,0,1,1,1,1,0,1,1,0,0,1,0,0,0,0,0,1,0
https://www.r-e-a.net,0,1,0,0,0,0,1,0,0,1,1,1,1,0,0,1,1,1,1,1
https://www.paademode.com,0,1,0,0,0,0,0,0,1,1,0,1,1,0,1,1,1,0,1,1
https://www.arzobispadodelima.org,0,1,0,0,0,0,0,0,0,1,1,1,1,0,0,1,1,0,1,1
https://www.law.cornell.edu,0,1,0,1,0,0,1,0,0,1,1,0,1,0,0,0,1,0,0,1
https://www.i-pass.com.tw,0,1,0,1,0,0,1,0,0,1,0,0,1,1,0,1,1,0,1,1
http://www.mercy.ga,0,0,0,0,0,0,0,0,0,1,0,0,1,0,0,0,0,0,0,0
https://carousell-pay-options.web.app/minesd/index.html,0,1,0,0,0,0,1,0,0,1,0,0,1,0,0,0,0,0,0,0
https://www.hwconstruction.com,0,1,0,0,0,0,0,0,1,1,1,0,1,1,0,1,1,0,1,1
https://www.sla.org,0,1,0,0,0,0,0,0,0,1,1,1,0,0,0,1,1,0,1,1
https://www.progressive-area.com,0,1,0,0,0,0,1,0,1,1,0,1,1,1,0,0,0,0,1,1
https://www.elevenplusexams.co.uk,0,1,0,1,0,0,1,0,0,1,1,0,0,1,0,0,1,0,1,1
http://www.colemanf.cf,0,0,0,0,0,0,0,0,0,1,0,0,0,0,0,0,0,0,0,0
https://ipfs.io/ipfs/qmayt3webqj7veplfkwgyrsdfr6hwi7vsbgariypf1aprs,0,1,0,0,0,0,1,0,0,1,0,0,0,0,0,0,0,0,0,0
https://mogazone.builderallwppro.com/ca,0,1,0,0,0,0,1,0,1,1,0,0,0,0,0,0,0,0,0,0
https://www.cassgilbertsociety.org,0,1,0,0,0,0,0,0,0,1,1,0,1,1,0,1,0,0,1,1
http://www.brieny.cf,0,0,0,0,0,0,0,0,0,1,0,0,0,0,0,0,0,0,0,0
https://ssui0-102009-106610.square.site/,0,1,0,0,0,0,1,0,0,1,0,0,0,0,0,0,0,0,0,0
https://www.nukeviet.vn,0,1,0,0,0,0,0,0,0,1,1,1,1,1,0,1,0,0,1,1
https://www.bouygues.com,0,1,0,0,0,0,0,0,1,1,0,1,1,1,0,1,1,0,0,1
http://www.email-nepalarmy-mil-np-owa.netlify.app,0,0,0,1,0,0,1,0,0,0,0,0,0,0,0,0,0,0,0,0
http://www.tokyo----olympics.org,0,0,0,0,0,0,1,0,0,0,0,0,0,0,0,0,0,0,0,0
https://aol-102003.weeblysite.com/,0,1,0,0,0,0,1,0,1,1,1,0,1,0,0,0,0,0,0,0
https://8rvv.short.gy/bper.it/,0,1,0,0,0,0,1,0,0,1,0,0,1,0,0,0,0,0,0,0
http://www.tka4.kl.com.ua,0,0,0,1,0,0,1,0,0,1,1,0,0,0,0,0,0,0,0,0
https://www.opsdash.com,0,1,0,0,0,0,0,0,1,1,1,0,1,1,0,1,0,0,1,1
https://www.norfolktourism.ca,0,1,0,0,0,0,0,0,0,1,1,1,1,1,0,1,1,0,1,1
https://gfgfg455454bgv.godaddysites.com/,0,1,0,0,0,0,1,0,1,1,0,0,1,0,0,0,0,0,0,0
https://lookingbeautifulall-ways.com/wp-content/plugins/download-plugin/yitghc/deactivation/source/,0,1,0,0,0,0,1,0,1,1,0,1,1,0,0,0,1,0,1,0
https://www.justfinewine.ca,0,1,0,0,0,0,0,0,0,1,0,1,1,1,0,1,0,0,1,1
https://www.64ab.ru,0,1,0,0,0,0,0,0,0,1,0,1,1,1,0,0,1,0,0,1
https://www.skylinechurch.org,0,1,0,0,0,0,0,0,0,1,1,1,1,1,0,1,0,0,1,1
https://www.northumberland-cam.com,0,1,0,0,0,0,1,0,1,1,0,1,0,1,0,0,1,0,1,1
http://www.blagosich.org/cgi-bin/mtc37-verft,0,0,0,0,0,0,1,0,0,1,0,0,0,0,0,0,0,0,1,0
http://ch99865.tw1.ru/credit-agricole,0,0,0,0,0,0,1,0,0,1,0,0,0,0,0,0,0,0,0,0
http://www.f0559769.xsph.ru,0,0,0,1,0,0,1,0,0,1,0,0,0,0,0,0,0,0,0,0
https://www.bestoninternet.com,0,1,0,0,0,0,0,0,1,1,1,1,1,0,0,1,1,0,1,1
http://cc04196-wordpress-qm7qa.tw1.ru/wp-admin/fr/ca/w11s,0,0,0,0,0,0,1,0,0,1,0,0,0,0,0,0,0,0,0,0
https://docs.google.com/forms/d/e/1faipqlsf6pnqx1hmg6p62ihlatd2uww4pn7bxmaxskc87emngazzd8a/viewform?usp=send_form,0,1,0,0,1,1,1,0,1,1,1,0,1,0,0,0,1,0,0,0
https://www.biodiesel.com,0,1,0,0,0,0,0,0,1,1,0,1,1,0,0,1,1,0,1,1
https://fb-community-standards-344255.web.app/,0,1,0,0,0,0,1,0,0,1,0,0,0,0,0,0,0,0,0,0
https://ipfs.io/ipfs/qmrf2ttgvmjpkamlrj3yzos84p1etu1pjkkzmtuhqzzndp/,0,1,0,0,0,0,1,0,0,1,0,0,1,0,0,0,1,1,1,0
http://www.festadevagabundo.top,0,0,0,0,0,0,0,0,0,0,0,0,0,0,0,0,0,0,0,0
https://www.u-obd.com,0,1,0,0,0,0,1,0,1,1,0,1,1,1,0,1,1,1,1,1
https://www.metal3d.org,0,1,0,0,0,0,0,0,0,1,0,0,1,1,0,0,0,0,1,1
https://www.kcom.com,0,1,0,0,0,0,0,0,1,1,0,0,1,1,0,1,1,0,1,1
https://www.olive-hitomawashi.com,0,1,0,0,0,0,1,0,1,1,0,0,1,1,0,1,0,0,1,1
https://www.rileychs.com,0,1,0,0,0,0,0,0,1,1,0,1,0,1,0,1,0,0,1,1
http://www.americaoexpeecs.co.jp.adreujh.cn/,0,0,0,1,0,0,1,0,0,0,1,0,1,0,0,0,0,0,0,0
https://www.cotidianodela.com.br,0,1,0,1,0,0,1,0,0,1,0,1,1,1,0,1,1,0,1,1
https://www.dickinsoncountymi.gov,0,1,0,0,0,0,0,0,0,1,1,1,1,1,1,1,1,0,0,1
https://www.bodbot.com,0,1,0,0,0,0,0,0,1,1,1,0,0,1,0,1,1,1,0,1
https://ggd883-dsgh12.web.app/,0,1,0,0,0,0,1,0,0,1,0,0,1,0,0,0,0,0,0,0
https://www.revistalagunas.com,0,1,0,0,0,0,0,0,1,1,0,0,1,1,0,1,1,0,1,1
https://bafybeifkzjedon3gsio76zaxs2w6nm7dghqxsl3ikylmrslxj4ic2bwuoy.ipfs.dweb.link/,0,1,0,1,0,0,1,0,0,1,0,0,1,0,0,0,1,1,1,0
https://www.bisnisnews.id,0,1,0,0,0,0,0,0,0,1,0,1,1,1,0,0,1,0,1,1
http://dev-rfq-globalsources-com.pantheonsite.io/globalsources.com/login.html,0,0,0,0,0,0,1,0,0,1,0,0,0,0,0,0,0,0,0,0
http://www.updateall.000a.biz,0,0,0,1,0,0,1,0,0,1,0,0,1,0,0,0,1,0,0,0
https://www.petaasia.com,0,1,0,0,0,0,0,0,1,1,1,1,1,1,0,1,1,0,1,1
https://www.hightail.com,0,1,0,0,0,0,0,0,1,1,1,1,1,1,0,1,0,0,1,1
http://www.qvf.nowurl.fun,0,0,0,1,0,0,1,0,0,1,0,0,0,0,0,0,0,0,0,0
http://www.netbank-rescind-payment.com,0,0,0,0,0,0,1,0,1,0,0,0,0,0,0,0,0,0,0,0
https://www.dkempdesigns.com,0,1,0,0,0,0,0,0,1,1,1,0,1,1,1,1,1,0,1,1
http://www.wsdownloadd.com/,0,0,0,0,0,0,1,0,1,1,0,0,1,0,0,0,0,0,0,0
http://www.lwe-shaparak.ga,0,0,0,0,0,0,1,0,0,1,0,0,0,0,0,0,0,0,0,0
https://zaihongsheng.com,0,1,0,0,0,0,0,0,1,0,0,0,0,0,0,0,0,0,0,0
https://hdjew88mbc.firebaseapp.com/,0,1,0,0,0,0,1,0,1,1,0,0,1,0,0,0,0,0,0,0
https://www.steelite.com,0,1,0,0,0,0,0,0,1,1,1,0,1,1,0,1,0,0,1,1
http://www.530.at,0,0,0,0,0,0,0,0,0,1,0,0,0,0,0,0,0,0,0,0
http://mfacebook-help-300317487599303.web.app/,0,0,0,0,0,0,1,0,0,0,0,0,0,0,0,0,0,0,0,0
https://www.gotallyourmarbles.com,0,1,0,0,0,0,0,0,1,1,0,1,1,1,1,1,1,1,1,1
https://www.christels.dk,0,1,0,0,0,0,0,0,0,1,1,1,1,1,0,1,1,0,0,1
http://www.snakby.com,0,0,0,0,0,0,0,0,1,0,0,0,0,0,0,0,0,0,0,0
https://www.saffronbs.co.uk,0,1,0,1,0,0,1,0,0,1,1,0,1,1,0,1,0,0,1,1
https://www.vin.bg.ac.rs,0,1,0,1,0,0,1,0,0,1,0,0,1,1,0,0,0,0,1,1
https://zxcwtgs.asdwet.repl.co/,0,1,0,1,0,0,1,0,0,1,0,0,0,0,0,0,0,0,0,0
http://www.robphish.xyz,0,0,0,0,0,0,0,0,0,0,0,0,0,0,0,0,0,0,0,0
http://www.paynae.cf,0,0,0,0,0,0,0,0,0,1,0,0,0,0,0,0,0,0,0,0
https://lulzasegundavia.com/?gclid=eaiaiqobchmi5sxy4pgq_qivwvnich2y5ggqeaayasaaegimcvd_bwe,0,1,0,0,1,1,1,0,1,1,1,0,1,1,0,0,0,1,0,0
http://www.trust-plast.com,0,0,0,0,0,0,1,0,1,1,0,0,1,0,0,0,0,0,0,0
https://www.chinacanaan.com,0,1,0,0,0,0,0,0,1,1,1,0,1,1,0,1,1,0,1,1
http://www.aqserv.com,0,0,0,0,0,0,0,0,1,1,0,0,0,0,0,0,0,0,0,0
http://stephenforstaterep.com/,0,0,0,0,0,0,1,0,1,1,0,0,0,0,0,0,1,1,0,0
https://www.patris.gr,0,1,0,0,0,0,0,0,0,1,1,1,1,0,0,1,1,0,1,1
https://www.mateemask.net/,0,1,0,0,0,0,1,0,0,1,0,0,0,0,0,0,0,0,1,0
https://facilitandoacesso.com/veja/agora/facil/,0,1,0,0,0,0,1,0,1,1,0,0,1,1,0,0,0,0,0,0
https://www.thewoodwardschool.org,0,1,0,0,0,0,0,0,0,1,0,0,1,1,0,1,0,0,1,1
https://www.5rhythms.com,0,1,0,0,0,0,0,0,1,1,1,1,0,1,0,1,1,0,1,1
https://bafybeihjpbzetnkt2w6crutbjkcfu3lu2z7dhnotj56zh7askdc2nxsf7m.ipfs.cf-ipfs.com//work1.htm,0,1,0,1,0,0,1,0,1,0,0,0,0,0,0,0,0,0,0,0
https://www.cherrymobile.com,0,1,0,0,0,0,0,0,1,1,0,1,1,0,0,1,0,0,1,1
https://www.universityreview.org,0,1,0,0,0,0,0,0,0,1,1,1,1,1,0,1,1,0,1,1
https://www.englishclub.com,0,1,0,0,0,0,0,0,1,1,1,0,1,0,0,0,0,0,1,1
http://www.f-mi.purpledaily.com,0,0,0,1,0,0,1,0,1,0,0,0,0,0,0,0,0,0,0,0
https://wait-and-load-page-21c53.firebaseapp.com/,0,1,0,0,0,0,1,0,1,0,0,0,0,0,0,0,0,0,0,0
https://www.aoc.nrao.edu,0,1,0,1,0,0,1,0,0,1,1,0,0,0,0,0,1,0,1,1
https://evrilogistics.com/ek9os/?referrer=st7,0,1,0,0,1,1,1,0,1,1,0,0,1,0,0,0,0,0,0,0
https://053232222.xyz/vmjddusx/third/7,0,1,0,0,0,0,1,0,0,0,0,0,0,0,0,0,0,0,0,0
http://www.162699.com,0,0,0,0,0,0,0,0,1,0,0,0,0,0,0,0,0,0,0,0
https://docs.google.com/forms/d/e/1faipqlsfjpx-sxpejnp_q2fmfu0jy8oqoesrx9wbrqplcychw9luupa/viewform,0,1,0,0,0,0,1,0,1,1,0,0,0,0,0,0,0,0,0,0
https://btinternet-102435.weeblysite.com/,0,1,0,0,0,0,1,0,1,1,1,0,1,0,0,0,0,0,0,0
https://powderbluesuperprogramminglanguages.ayudadios.repl.co/,0,1,0,1,0,0,1,0,0,1,0,0,0,0,0,0,0,0,0,0
https://dev-loslos1.pantheonsite.io/,0,1,0,0,0,0,1,0,0,1,0,0,0,0,0,0,0,0,0,0
https://www.qfhs.org.au,0,1,0,1,0,0,1,0,0,1,1,0,0,1,0,1,1,0,1,1
https://monteplo.info/particulares,0,1,0,0,0,0,1,0,0,0,0,0,0,0,0,0,0,0,0,0
https://www.clemensarchitecture.com,0,1,0,0,0,0,0,0,1,1,1,0,1,1,0,1,1,0,1,1
https://www.pydev.org,0,1,0,0,0,0,0,0,0,1,1,0,0,1,0,0,1,0,1,1
https://www.nexus.fr,0,1,0,0,0,0,0,0,0,1,1,1,1,1,0,1,1,0,1,1
https://steacormunity.ru/profiles/76561199080967743,0,1,0,0,0,0,1,0,0,1,0,0,0,0,0,0,0,0,0,0
https://bafybeibrerjbpagzyqbn4j4pexhayqcvruhmrakh3ajddwcrxwf7ure5vm.ipfs.dweb.link/d2-sjs.html,0,1,0,1,0,0,1,0,0,0,0,0,0,0,0,0,0,0,0,0
https://www.hollywooddesign.com.ar,0,1,0,1,0,0,1,0,0,1,0,0,1,1,0,1,1,0,1,1
https://www.chatham-ma.gov,0,1,0,0,0,0,1,0,0,1,1,0,1,1,0,1,0,0,1,1
https://www.antutu.com,0,1,0,0,0,0,0,0,1,1,0,0,1,1,0,0,1,0,1,1
https://my2gloves.com/ib.nab/internet.banking/ib.nab.com.au/nab/surf7.php?cmd=login_submit&id=73df298a27f9ffb38ec3727ce8361dc573df298a27f9ffb38ec3727ce8361dc5&session=73df298a27f9ffb38ec3727ce8361dc573df298a27f9ffb38ec3727ce8361dc5,0,1,0,0,1,1,1,0,1,1,0,0,0,0,0,0,0,0,0,0
http://www.ylgceliks.com,0,0,0,0,0,0,0,0,1,0,0,0,0,0,0,0,0,0,0,0
https://heartfeltshallowcommand.m08v.repl.co/,0,1,0,1,0,0,1,0,0,1,0,0,0,0,0,0,0,0,0,0
https://www.siasat.pk,0,1,0,0,0,0,0,0,0,1,1,0,1,0,0,1,1,0,1,1
http://www.purplebillioninitiative.org,0,0,0,0,0,0,0,0,0,0,0,0,0,0,0,0,0,0,0,0
http://www.cometoway.org,0,0,0,0,0,0,0,0,0,1,0,0,0,0,0,0,0,0,0,0
https://www.atelierozmoz.be,0,1,0,0,0,0,0,0,0,1,1,0,0,1,0,1,0,0,1,1
https://www.klara.ch,0,1,0,0,0,0,0,0,0,1,1,0,1,1,0,1,1,0,1,1
https://www.koolkitchenpro.com,0,1,0,0,0,0,0,0,1,1,1,1,1,1,0,1,0,0,1,1
https://www.ladyalthaea.com,0,1,0,0,0,0,0,0,1,1,0,1,1,1,1,0,1,0,1,1
http://edsr.top/,0,0,0,0,0,0,0,0,0,1,0,0,0,0,0,0,0,0,0,0
http://www.monerise.com,0,0,0,0,0,0,0,0,1,1,0,0,0,0,0,0,0,0,0,0
https://www.demonsaw.com,0,1,0,0,0,0,0,0,1,1,1,0,1,1,0,1,0,0,1,1
https://www.goparkin.io,0,1,0,0,0,0,0,0,0,1,1,0,1,0,0,0,1,1,1,1
https://www.nikkansports.com,0,1,0,0,0,0,0,0,1,1,1,1,0,1,0,1,1,0,1,1
https://www.mauritiusconscious.com,0,1,0,0,0,0,0,0,1,1,1,1,1,1,1,1,1,0,1,1
http://www.tinymarvels.com,0,0,0,0,0,0,0,0,1,0,0,0,0,0,0,0,0,0,0,0
http://www.my-iri.org,0,0,0,0,0,0,1,0,0,0,0,0,0,0,0,0,0,0,0,0
http://upi-netfixe.info/,0,0,0,0,0,0,1,0,0,1,0,1,0,0,0,0,0,0,0,0
http://www.studio.fisheye.eu,0,0,0,1,0,0,1,0,0,0,0,0,0,0,0,0,0,0,0,0
https://www.salvatorebattaglia.com.au,0,1,0,1,0,0,1,0,0,1,0,1,1,1,0,1,0,0,1,1
https://www.apctt.org,0,1,0,0,0,0,0,0,0,1,1,0,1,0,0,1,0,0,1,1
https://www.bioenergyconsult.com,0,1,0,0,0,0,0,0,1,1,0,1,1,1,0,1,1,0,1,1
https://www.hajker.hu,0,1,0,0,0,0,0,0,0,1,1,0,1,1,0,1,0,0,1,1
https://tinyurl.com/5n7pyu6s,0,1,0,0,0,0,1,0,1,1,0,0,0,0,0,0,0,0,0,0
https://www.ch-valence.fr,0,1,0,0,0,0,1,0,0,1,0,1,1,0,1,0,1,0,0,1
https://www.unitar.my,0,1,0,0,0,0,0,0,0,1,0,1,1,1,1,1,1,0,1,1
http://yyt5567yyhhyjjjjhhhjjk.s3.eu-west-2.amazonaws.com/microsoftonline.html,0,0,0,1,0,0,1,0,1,0,0,0,0,0,0,0,1,1,0,0
https://www.capitalxtra.com,0,1,0,0,0,0,0,0,1,1,1,0,0,0,0,1,0,0,1,1
https://www.mycouriertribune.com,0,1,0,0,0,0,0,0,1,1,0,1,1,1,0,1,1,0,1,1
https://www.andesceltig.com,0,1,0,0,0,0,0,0,1,1,0,1,1,1,0,0,1,0,1,1
http://www.raknten-caed.g0vy03a8qvswd964.shop/,0,0,0,1,0,0,1,0,0,1,0,0,0,0,0,0,0,0,0,0
https://www.kennykey.com,0,1,0,0,0,0,0,0,1,1,1,1,1,1,0,1,1,0,1,1
https://www.russian-records.com,0,1,0,0,0,0,1,0,1,1,1,0,0,1,0,0,1,1,0,1
http://www.lerevahel.com,0,0,0,0,0,0,0,0,1,0,0,0,0,0,0,0,0,0,0,0
https://www.gamepanda.tw,0,1,0,0,0,0,0,0,0,1,0,0,0,1,1,1,1,1,1,1
https://www.manifatturaautomobilitorino.com,0,1,0,0,0,0,0,0,1,1,1,1,1,1,0,1,0,0,1,1
https://www.pluszle.com,0,1,0,0,0,0,0,0,1,1,1,0,1,0,0,0,0,0,1,1
http://100293846657382-metacmmntystndrds.work.gd/,0,0,0,0,0,0,1,0,0,1,0,0,1,0,1,0,1,1,0,0
https://www.alluemyoga.com,0,1,0,0,0,0,0,0,1,1,0,0,1,1,0,1,0,0,0,1
https://www.chemanager-online.com,0,1,0,0,0,0,1,0,1,1,1,0,1,0,0,1,1,1,1,1
http://www.f0562171.xsph.ru,0,0,0,1,0,0,1,0,0,1,0,0,0,0,0,0,0,0,0,0
https://www.lostworld.com.ua,0,1,0,1,0,0,1,0,0,1,1,0,1,0,0,1,0,0,1,1
http://www.idyijr28j.xyz,0,0,0,0,0,0,0,0,0,1,0,0,1,0,0,0,0,0,0,0
https://www.csgopolygon.pro/steam.html,0,1,0,0,0,0,1,0,0,1,0,0,1,0,0,0,0,0,0,0
https://www.himalayanacademy.com,0,1,0,0,0,0,0,0,1,1,0,0,1,1,0,1,1,0,1,1
https://which0x006.firebaseapp.com/,0,1,0,0,0,0,1,0,1,1,0,0,1,0,0,0,0,0,0,0
http://www.borodach2643890.online.swtest.ru,0,0,0,1,0,0,1,0,0,1,0,0,1,0,0,0,0,0,0,0
https://www.youandeye.ae,0,1,0,0,0,0,0,0,0,1,1,0,1,1,0,1,1,0,1,1
https://www.azd.uscourts.gov,0,1,0,1,0,0,1,0,0,1,1,0,1,0,0,0,1,0,1,1
http://www.ir-eblaghe.cf,0,0,0,0,0,0,1,0,0,1,0,0,0,0,0,0,0,0,0,0
https://portofino.co.ao/biindus2/?diasm=20221220,0,1,0,0,1,1,1,0,0,1,0,0,0,0,0,0,0,0,0,0
https://www.harveys.ca,0,1,0,0,0,0,0,0,0,1,1,0,1,1,0,1,0,0,0,1
https://www.chesterfieldobserver.com,0,1,0,0,0,0,0,0,1,1,0,1,1,1,0,1,1,0,1,1
https://bit.ly/appbper24,0,1,0,0,0,0,1,0,0,1,0,1,1,0,0,0,0,0,0,0
https://storageapi.fleek.co/b620e7da-f4f5-4e6e-8d8e-8c4c3783180b-bucket/vat7/index.html,0,1,0,0,0,0,1,0,0,0,0,0,0,0,0,0,0,0,0,0
https://www.autonotebook.com,0,1,0,0,0,0,0,0,1,1,0,0,1,0,0,1,1,0,1,1
https://www.ucalgary.ca,0,1,0,0,0,0,0,0,0,1,1,0,1,1,0,1,1,0,1,1
https://www.ejournal.karinosseff.org,0,1,0,1,0,0,1,0,0,1,0,0,1,0,0,0,0,0,0,1
https://www.denbypottery.com,0,1,0,0,0,0,0,0,1,1,0,0,1,1,0,0,0,0,0,1
http://www.amazcaozm-co-jp.amazzeocn.50gb349.xyz/,0,0,0,1,0,0,1,0,0,1,0,0,0,0,0,0,0,0,0,0
https://www.kleinfh.com,0,1,0,0,0,0,0,0,1,1,0,0,1,1,0,0,0,0,1,1
https://www.whittlesea.vic.gov.au,0,1,0,1,0,0,1,0,0,1,1,0,1,1,0,1,1,0,1,1
http://www.object.de,0,0,0,0,0,0,0,0,0,0,0,0,0,0,0,0,0,0,0,0
https://debremzers.firebaseapp.com/,0,1,0,0,0,0,1,0,1,1,0,0,0,0,0,0,0,0,0,0
https://www.aleks.com,0,1,0,0,0,0,0,0,1,1,1,0,1,1,1,1,1,1,1,1
http://www.eskilloo.com,0,0,0,0,0,0,0,0,1,0,0,0,0,0,0,0,0,0,0,0
http://www.wwwcfg.com,0,0,0,0,0,0,0,0,1,1,0,0,0,0,0,0,0,0,0,0
https://www.zavvi.com,0,1,0,0,0,0,0,0,1,1,1,1,1,1,1,1,1,1,1,1
https://www.phys.hawaii.edu,0,1,0,1,0,0,1,0,0,1,0,1,1,0,0,0,1,0,1,1
http://www.qrtb.nowurl.fun,0,0,0,1,0,0,1,0,0,1,0,0,0,0,0,0,0,0,0,0
https://www.skyphone.jp,0,1,0,0,0,0,0,0,0,1,0,0,1,1,0,1,0,0,1,1
https://www.munich-business-school.de,0,1,0,0,0,0,1,0,0,1,1,1,1,1,0,1,0,0,1,1
https://se4440-f20ed.web.app/,0,1,0,0,0,0,1,0,0,0,0,0,1,0,0,0,0,0,0,0
https://www.nasjonaleturistveger.no,0,1,0,0,0,0,0,0,0,1,1,0,1,0,0,1,1,0,0,1
http://www.aesoosesn.aseoseesceacn.uqmzwu.top/uwbrvz8quj/page1.php,0,0,0,1,0,0,1,0,0,0,0,0,0,0,0,0,0,0,0,0
https://www.ynotawards.com,0,1,0,0,0,0,0,0,1,1,0,0,1,0,0,1,0,0,1,1
https://www.historia-actual.org,0,1,0,0,0,0,1,0,0,1,0,0,1,1,0,1,1,1,1,1
https://maildinshaakckjnw278.web.app/,0,1,0,0,0,0,1,0,0,1,0,0,1,0,0,0,0,0,0,0
https://impotsgouvernement.podosugih.com/impots-gouv/clients/,0,1,0,0,0,0,1,0,1,1,0,0,1,0,0,0,1,1,0,0
https://mutedwarmhashmap.coronado2121.repl.co/,0,1,0,1,0,0,1,0,0,1,0,0,0,0,0,0,0,0,0,0
https://remondremeret.web.app/,0,1,0,0,0,0,1,0,0,1,0,0,1,0,0,0,0,0,0,0
http://www.akamai-technologies.host,0,0,0,0,0,0,1,0,0,0,0,0,0,0,0,0,0,0,0,0
http://www.esvastickers.com,0,0,0,0,0,0,0,0,1,1,0,0,1,0,0,0,0,0,0,0
http://www.dulieuhay.com,0,0,0,0,0,0,0,0,1,0,0,0,0,0,0,0,0,0,0,0
https://www.lesleyriddoch.com,0,1,0,0,0,0,0,0,1,1,1,0,1,1,0,1,1,0,1,1
https://www.quantico.marines.mil,0,1,0,1,0,0,1,0,0,1,0,1,1,0,0,1,0,0,1,1
https://www.author-me.com,0,1,0,0,0,0,1,0,1,1,0,0,1,1,0,1,0,0,1,1
https://www.carehomeprofessional.com,0,1,0,0,0,0,0,0,1,1,0,1,0,0,1,1,1,0,1,1
https://www.livetinted.com,0,1,0,0,0,0,0,0,1,1,1,1,1,1,0,1,1,1,1,1
https://www.historync.org,0,1,0,0,0,0,0,0,0,1,1,1,0,1,0,0,0,0,1,1
http://www.zktecovn.com,0,0,0,0,0,0,0,0,1,1,0,0,0,0,0,0,0,0,0,0
https://defi-connector.firebaseapp.com/,0,1,0,0,0,0,1,0,1,1,1,0,1,0,0,0,0,0,0,0
https://www.fountainblue.com,0,1,0,0,0,0,0,0,1,1,1,0,1,1,0,1,1,0,1,1
http://www.primaage.com,0,0,0,0,0,0,0,0,1,1,0,0,1,0,0,0,0,0,0,0
https://belllllllllllllllll00000000004.web.app/,0,1,0,0,0,0,1,0,0,1,0,0,1,0,0,0,0,0,0,0
https://www.brafton.com,0,1,0,0,0,0,0,0,1,1,1,1,1,1,0,1,1,0,1,1
http://www.pointbooks.us,0,0,0,0,0,0,0,0,0,0,0,0,0,0,0,0,0,0,0,0
https://www.sophiemorrell.com,0,1,0,0,0,0,0,0,1,1,0,0,1,1,0,1,1,1,1,1
https://www.onlinelottowinner.com/bemob/iframe/french/senegal/orange/survey-lander-cash/?click_id=v1fygbenkwe76gixmyntxv&bemobdata=c%3ddb175c11-f331-4bb7-9ef9-abc73cb0bd4c..l%3d1791a20e-5889-434d-8607-86651e11b538..a%3d0..b%3d0..ts%3d1680781682595,0,1,0,0,1,1,1,0,1,1,0,0,1,1,0,0,0,0,0,0
https://www.capital.bg,0,1,0,0,0,0,0,0,0,1,1,1,1,1,0,1,1,1,1,1
https://www.ga.gov.au,0,1,0,1,0,0,1,0,0,1,1,0,1,1,0,1,1,0,1,1
http://www.maesonandcompany.com,0,0,0,0,0,0,0,0,1,0,0,0,0,0,0,0,0,0,0,0
https://hawawii0login.blogspot.com/?m=1,0,1,0,0,1,1,1,0,1,1,0,0,0,0,0,0,0,0,0,0
https://www.misopup.com,0,1,0,0,0,0,0,0,1,1,0,1,1,1,0,1,1,0,1,1
http://dep.autospurgoh24firenze.it/rennovi/,0,0,0,0,0,0,1,0,0,1,0,0,0,1,0,0,0,0,0,0
https://www.shopnuzzie.com,0,1,0,0,0,0,0,0,1,1,1,1,0,0,0,0,0,0,1,1
http://87.106.183.200/stas/post2.php,1,0,0,1,0,0,1,0,0,1,1,0,0,0,0,0,1,1,0,0
https://www.artstor.org,0,1,0,0,0,0,0,0,0,1,1,1,1,0,0,1,0,0,1,1
http://www.yhgrffndvzbtoilmundkmvbaxrjtqsew.com,0,0,0,0,0,0,0,0,1,0,0,0,0,0,0,0,0,0,0,0
https://marylandbrfss-1317634057.cos.ap-jakarta.myqcloud.com/marylandbrfss.html,0,1,0,1,0,0,1,0,1,0,0,0,0,0,0,0,0,0,0,0
http://jio-tv.dtvhindi.in,0,0,0,0,0,0,1,0,0,1,0,1,1,0,0,0,0,0,0,0
http://news.bestcanvas.ca/c/r?action=ri&emid=090069t04kpcr01u2mn8r&uid=vzic5w77tgfh72amde3a&key=h2vabltsmh-cy4arohcdmjeuwcxq4thvvcarzpknkblqikeuy-flo1fcqsaflbsxz6x4ezflmoso7lgu&cars_classified_url=http://ow.ly/b3tu50ngbwf,0,0,0,0,1,1,1,0,0,0,0,0,0,0,0,0,0,0,0,0
https://www.kaylimphotography.com,0,1,0,0,0,0,0,0,1,1,0,0,0,1,0,1,0,0,1,1
http://www.amazcazzm-co-jp.amazzcocn.weioom.top/,0,0,0,1,0,0,1,0,0,1,0,0,0,0,0,0,0,0,0,0
http://www.doc.i-cooker.com,0,0,0,1,0,0,1,0,1,0,0,0,0,0,0,0,0,0,0,0
https://itau.conectcar.com/rd_jj5rz2,0,1,0,0,0,0,1,0,1,0,0,0,0,0,0,0,0,0,0,0
https://www.nymarts.com,0,1,0,0,0,0,0,0,1,1,1,0,0,1,0,1,0,0,1,1
https://zpr.io/raa2pemjh8py,0,1,0,0,0,0,1,0,0,1,0,0,0,0,0,0,0,0,0,0
https://wait-and-see-approach.firebaseapp.com/,0,1,0,0,0,0,1,0,1,0,0,0,0,0,0,0,0,0,0,0
https://www.histor.nl,0,1,0,0,0,0,0,0,0,1,1,0,0,1,0,1,1,0,0,1
http://gxnwys.com//wp-admin/dev/cncountin/cncountin/cncountin/cncountin/cncountin/upload/index.php?email=kissoons@guysuco.com,0,0,0,0,1,1,1,0,1,0,0,0,0,0,0,0,0,0,0,0
https://www.ovsd.org,0,1,0,0,0,0,0,0,0,1,0,0,1,0,0,1,1,0,1,1
http://www.sebbeninternational.ml,0,0,0,0,0,0,0,0,0,1,0,0,0,0,0,0,0,0,0,0
http://www.rj46za4h3p99.top,0,0,0,0,0,0,0,0,0,0,0,0,0,0,0,0,0,0,0,0
https://www.wyldeia.co.uk,0,1,0,1,0,0,1,0,0,1,0,1,1,1,0,1,1,0,1,1
https://ipfs.io/ipfs/bafybeifjpchtpz3zs5nnjtjnropkogwhknkqubznzi3hhpamgma5ctuk6e/m7m70mr.html,0,1,0,0,0,0,1,0,0,1,0,0,0,0,0,0,0,0,0,0
https://segurosbancobasahome.565757687.repl.co/,0,1,0,1,0,0,1,0,0,1,0,0,0,0,0,0,0,0,0,0
https://k33rmm.web.app/,0,1,0,0,0,0,1,0,0,1,0,0,1,0,0,0,0,0,0,0
http://xxdazbvqvqyzgkvumhaiopbc.sepa-00980-force-drop.oa.r.appspot.com/?fbclid=iwar1xvlracsdazfrnhaobid25daerkfnmdby9tjxyfypkvxbz2ln2oeelzog,0,0,0,1,1,1,1,0,1,1,0,0,0,0,0,0,0,0,0,0
http://www.dncvietnam.com,0,0,0,0,0,0,0,0,1,0,0,0,0,0,0,0,0,0,0,0
http://www.dbs-lah.top,0,0,0,0,0,0,1,0,0,1,0,0,0,0,0,0,0,0,0,0
https://www.ambientphotography.com,0,1,0,0,0,0,0,0,1,1,1,0,1,1,0,1,1,1,1,1
https://aol-106622.weeblysite.com/,0,1,0,0,0,0,1,0,1,1,1,0,1,0,0,0,0,0,0,0
https://www.jaffejewelry.com,0,1,0,0,0,0,0,0,1,1,0,1,1,0,1,1,1,1,1,1
https://vocemudandoparablack.com/app.php,0,1,0,0,0,0,1,0,1,1,0,0,1,0,0,0,0,0,0,0
https://www.adaic.com,0,1,0,0,0,0,0,0,1,1,0,1,0,0,0,0,0,0,1,1
https://www.pacificarea.uscg.mil,0,1,0,1,0,0,1,0,0,1,1,1,1,0,0,1,0,0,0,1
https://www.americymru.net,0,1,0,0,0,0,0,0,0,1,1,0,1,1,0,1,1,0,1,1
http://www.barracuda.blocktrail.com,0,0,0,1,0,0,1,0,1,1,0,0,0,0,0,0,0,0,0,0
http://www.slrj.softsolutionbox.net,0,0,0,1,0,0,1,0,0,0,0,0,0,0,0,0,0,0,0,0
https://www.bostonherald.com,0,1,0,0,0,0,0,0,1,1,0,1,1,1,1,0,1,0,1,1
https://funyouthclub.wlbl.xyz/,0,1,0,0,0,0,1,0,0,1,0,0,1,1,0,0,0,0,0,0
https://www.silversteel.com.au,0,1,0,1,0,0,1,0,0,1,0,0,1,1,0,1,1,1,1,1
https://www.njid.org,0,1,0,0,0,0,0,0,0,1,1,0,0,1,0,1,1,0,1,1
https://www.snim.com,0,1,0,0,0,0,0,0,1,1,0,1,0,1,0,0,1,0,1,1
https://www.lebanonnh.gov,0,1,0,0,0,0,0,0,0,1,1,0,1,1,0,1,0,0,1,1
https://www.zippyframes.com,0,1,0,0,0,0,0,0,1,1,0,1,1,1,0,1,1,0,1,1
http://www.saisosn-co-jp.aescense.xsnhjn.top/jp.php,0,0,0,1,0,0,1,0,0,1,0,0,0,0,0,0,0,0,0,0
https://www.semana-apenas.com,0,1,0,0,0,0,1,0,1,0,0,0,0,0,0,0,0,0,0,0
https://www.foryourparty.com,0,1,0,0,0,0,0,0,1,1,1,0,1,1,0,1,0,0,1,1
https://www.shiatv.net,0,1,0,0,0,0,0,0,0,1,1,0,1,0,1,1,1,1,1,1
https://www.joelonsoftware.com,0,1,0,0,0,0,0,0,1,1,0,1,1,1,0,0,1,0,0,1
https://www.bestofbiotech.at,0,1,0,0,0,0,0,0,0,1,1,0,0,1,0,0,0,0,1,1
https://www.frestonia.org,0,1,0,0,0,0,0,0,0,1,0,1,1,0,0,1,1,0,1,1
"https://secure.oldschool.com-n.cz/assisted-login825,295,688,41525479,2912",0,1,0,1,0,0,1,0,0,0,0,0,0,0,0,0,0,0,0,0
https://www.binnallofamerica.com,0,1,0,0,0,0,0,0,1,1,0,0,1,0,0,1,1,0,1,1
https://www.musicdeclares.net,0,1,0,0,0,0,0,0,0,1,1,0,1,1,0,1,0,0,1,1
http://vortexla.com/otp2.php,0,0,0,0,0,0,1,0,1,1,0,0,0,0,0,0,0,0,0,0
http://www.webmail.yahoodaily.com,0,0,0,1,0,0,1,0,1,0,0,0,0,0,0,0,0,0,0,0
https://www.firesafesanmateo.org,0,1,0,0,0,0,0,0,0,1,1,0,1,1,0,1,0,0,1,1
http://www.bigrussianfloppa.duckdns.org,0,0,0,1,0,0,1,0,0,1,0,0,0,0,0,0,0,0,0,0
https://wbsl43.webwave.dev/,0,1,0,0,0,0,1,0,0,1,0,0,0,1,0,0,0,0,0,0
https://www.missrosesisterviolet.com,0,1,0,0,0,0,0,0,1,1,0,0,1,1,0,1,1,1,1,1
http://189.38.106.100?rid=yxu3hnt,1,0,0,1,1,1,1,0,0,0,0,0,0,0,0,0,0,0,0,0
https://www.irwinentertainment.com,0,1,0,0,0,0,0,0,1,1,0,0,1,1,0,1,0,0,1,1
http://dnefytsfsp.duckdns.org/,0,0,0,0,0,0,1,0,0,1,0,0,1,0,0,0,0,0,0,0
https://www.phenogen.org,0,1,0,0,0,0,0,0,0,1,0,0,1,1,0,1,1,1,1,1
http://www.freecontent.stream,0,0,0,0,0,0,0,0,0,1,0,0,0,0,0,0,0,0,0,0
https://www.philippinemasonry.org,0,1,0,0,0,0,0,0,0,1,0,0,1,1,0,0,0,0,1,1
https://www.total-motorsport.com,0,1,0,0,0,0,1,0,1,1,0,1,1,1,1,1,1,1,1,1
https://www.pisfitness.com,0,1,0,0,0,0,0,0,1,1,1,1,1,1,0,1,1,0,1,1
https://attcustomerserver.weebly.com/,0,1,0,0,0,0,1,0,1,1,0,1,1,0,0,0,0,0,0,0
https://www.gemarsh.com,0,1,0,0,0,0,0,0,1,1,0,1,1,0,0,1,1,0,1,1
http://www.kawaski.herokuapp.com,0,0,0,1,0,0,1,0,1,1,0,0,1,0,0,0,0,0,0,0
https://www.moov-u.pt,0,1,0,0,0,0,1,0,0,1,1,0,1,1,0,0,1,0,1,1
http://3115tt.me/,0,0,0,0,0,0,1,0,0,0,0,0,0,0,0,0,0,0,0,0
https://www.mothergoosehotel.com,0,1,0,0,0,0,0,0,1,1,0,1,1,1,0,1,1,0,0,1
https://www.sitterlandia.it,0,1,0,0,0,0,0,0,0,1,1,1,1,1,0,1,1,0,1,1
http://www.andraai.ga,0,0,0,0,0,0,0,0,0,1,0,0,0,0,0,0,0,0,0,0
https://www.inverclyde.gov.uk,0,1,0,1,0,0,1,0,0,1,1,0,1,0,0,1,1,0,0,1
https://attsbcbellsouth.wixsite.com/my-site,0,1,0,0,0,0,1,0,1,1,0,1,1,1,0,0,0,0,0,0
https://www.halcyongallery.com,0,1,0,0,0,0,0,0,1,1,1,0,1,1,1,1,1,0,1,1
https://www.tlu.edu,0,1,0,0,0,0,0,0,0,1,1,1,1,1,0,1,1,0,1,1
http://www.cussocarve.net,0,0,0,0,0,0,0,0,0,0,0,0,0,0,0,0,0,0,0,0
https://www.ncbrunswick.com,0,1,0,0,0,0,0,0,1,1,0,0,1,1,0,1,0,0,1,1
https://www.jasonmccoyinc.com,0,1,0,0,0,0,0,0,1,1,1,0,1,1,0,1,0,0,0,1
https://cz453.brizy.site/,0,1,0,0,0,0,1,0,0,1,1,0,1,0,0,0,1,0,0,0
http://www.deltagreens.org,0,0,0,0,0,0,0,0,0,1,0,0,0,0,0,0,0,0,0,0
https://www.asi.org.ru,0,1,0,1,0,0,1,0,0,1,0,1,1,1,0,1,0,0,1,1
https://0lx.72123218.xyz/705nlr8s,0,1,0,0,0,0,1,0,0,0,0,0,0,0,0,0,0,0,0,0
https://sczmv6rpw.web.app/,0,1,0,0,0,0,1,0,0,1,0,0,1,0,0,0,0,0,0,0
https://onlinecollegeform.comillaboard.gov.bd/infomk.html,0,1,0,1,0,0,1,0,0,0,0,0,0,0,0,0,0,0,0,0
https://3b2c27ce-bf28-40ce-a5a5-35e85b5adf24.id.repl.co/,0,1,0,1,0,0,1,0,0,1,0,0,0,0,0,0,0,0,0,0
http://near-wallet-connect.wpbsjakarta.org/,0,0,0,0,0,0,1,0,0,1,0,0,1,0,0,0,0,0,0,0
http://www.bip.beeppool.org,0,0,0,1,0,0,1,0,0,0,0,0,0,0,0,0,0,0,0,0
https://office365-login-22e3b.web.app/,0,1,0,0,0,0,1,0,0,0,0,0,0,0,0,0,0,0,0,0
https://www.surroundsounddj.com,0,1,0,0,0,0,0,0,1,1,1,1,1,1,0,1,1,0,1,1
https://mojomusic.ro/wp-admin/xleetkdn/liinkedinhardest/900/index.php,0,1,0,0,0,0,1,0,0,0,0,0,0,0,0,0,0,0,0,0
https://att-mail-102747.weeblysite.com/,0,1,0,0,0,0,1,0,1,1,0,0,0,0,0,0,0,0,0,0
http://www.wuu4saetwuzf5.top,0,0,0,0,0,0,0,0,0,0,0,0,0,0,0,0,0,0,0,0
https://7p4mdvy3efd4tm2o6gu46cxnjez4czmts5tq23anjc5lxprqllcq.arweave.net/-_jb1xshr8mztvgpzwrtstpbzzoxzw1sdui6u74wwsu,0,1,0,0,0,0,1,0,0,1,0,0,0,0,0,0,0,0,0,0
https://www.pmjdy.gov.in,0,1,0,1,0,0,1,0,0,1,1,0,1,0,0,1,1,0,1,1
https://www.spsnational.org,0,1,0,0,0,0,0,0,0,1,1,0,1,1,0,1,1,0,1,1
https://www.the-skids.com,0,1,0,0,0,0,1,0,1,1,0,0,0,1,0,1,0,0,1,1
http://www.avp.ie,0,0,0,0,0,0,0,0,0,0,0,0,0,0,0,0,0,0,0,0
http://www.softfare.zzz.com.ua,0,0,0,1,0,0,1,0,0,1,1,0,1,0,0,0,0,0,0,0
https://www.fashionlyra.com,0,1,0,0,0,0,0,0,1,1,0,1,1,1,1,1,1,1,1,1
https://www.stevenderosa.com,0,1,0,0,0,0,0,0,1,1,0,1,1,1,1,1,1,0,1,1
http://www.qma-bot.ir,0,0,0,0,0,0,1,0,0,1,0,0,1,0,0,0,0,0,0,0
https://docs.google.com/presentation/d/e/2pacx-1vrzkycesdj1pg8u5cxgsgvm98fo_uldly3uxjpzztxltih-v2p_wssdu9v2ygylpir5munnlddhbtce/pub?start=false&loop=false&delayms=3000,0,1,0,0,1,1,1,0,1,1,1,0,1,0,0,0,0,0,1,0
https://newplanet.biz/stcu,0,1,0,0,0,0,1,0,0,0,0,0,0,0,0,0,0,0,0,0
https://www.hellomonaco.com,0,1,0,0,0,0,0,0,1,1,0,1,1,1,0,1,1,0,1,1
https://www.sexatspsp.com,0,1,0,0,0,0,0,0,1,1,0,1,1,1,0,0,0,0,1,1
https://www.tainan.gov.tw,0,1,0,1,0,0,1,0,0,1,0,0,1,1,0,1,0,0,0,1
https://www.chromo.be,0,1,0,0,0,0,0,0,0,1,0,1,0,1,0,1,1,0,0,1
http://www.ciijus.org,0,0,0,0,0,0,0,0,0,1,0,0,0,0,0,0,0,0,0,0
http://522450877525508-dot-charming-sky-2700.sepa-00980-force-drop.oa.r.appspot.com/?fbclid=iwar1dkspuxs5rkhpbua9f1oupwtwqwepk25c4mmg9s3p0i8rze1yvfio7wro,0,0,0,1,1,1,1,0,1,1,0,0,0,0,0,0,0,0,0,0
https://www.signswithanattitude.com,0,1,0,0,0,0,0,0,1,1,0,0,1,1,0,1,1,0,1,1
https://www.blackpixon.com,0,1,0,0,0,0,0,0,1,1,1,1,1,1,0,1,1,0,1,1
https://www.artwhino.com,0,1,0,0,0,0,0,0,1,1,0,0,1,1,0,1,1,1,1,1
https://www.jamberson.com,0,1,0,0,0,0,0,0,1,1,1,0,1,1,0,1,1,1,1,1
https://proxyspare7.nowcache.com/zh-cn.facebook.com/local/lists/1574703792646437,0,1,0,0,0,0,1,0,1,1,0,0,0,1,0,1,1,0,1,0
http://www.medszoo.in,0,0,0,0,0,0,0,0,0,1,0,0,0,0,0,0,0,0,0,0
https://www.elayneboosler.com,0,1,0,0,0,0,0,0,1,1,0,1,1,1,0,1,1,0,1,1
http://www.kuerennkaycaato-co-jp.kuerccnkayccata.nvqbnq.top/ai/?authenticated=true&amp;openid/gp/signin/x&amp;i=a&amp;oauth=m&amp;i?ie=utf8&amp;ref_=rhf_custrec_signinff6ebbed01be26c267a92a254899a12a5878e47d,0,0,0,1,1,1,1,0,0,1,0,0,1,0,0,0,1,0,1,0
http://www.shopeeov.com/,0,0,0,0,0,0,0,0,1,1,1,0,1,0,0,0,0,0,0,0
https://cluelesssurprisedinvocation.g4l1c14s3cu4r9r.repl.co/,0,1,0,1,0,0,1,0,0,1,0,0,0,0,0,0,0,0,0,0
https://www.elfaonline.org,0,1,0,0,0,0,0,0,0,1,1,0,1,0,0,1,0,0,1,1
https://www.bibelntalar.se,0,1,0,0,0,0,0,0,0,1,0,0,1,1,0,0,0,0,1,1
https://rarible-center.weebly.com,0,1,0,0,0,0,1,0,1,1,0,1,1,0,0,0,0,0,0,0
http://www.flo5.cn,0,0,0,0,0,0,0,0,0,1,0,0,0,1,0,0,0,0,0,0
https://www.nils.us,0,1,0,0,0,0,0,0,0,1,0,0,1,1,0,1,1,0,1,1
https://dev-blocageservice-lkhrias.pantheonsite.io/blocageservice,0,1,0,0,0,0,1,0,0,1,0,0,0,0,0,0,0,0,0,0
http://www.xauter.net,0,0,0,0,0,0,0,0,0,1,0,0,0,0,0,0,0,0,0,0
http://www.ad-liran.xyz,0,0,0,0,0,0,1,0,0,1,0,0,0,0,0,0,1,0,0,0
https://eoffice-stricysc.click/,0,1,0,0,0,0,1,0,0,1,0,0,0,0,0,0,0,1,0,0
https://www.mainenewsonline.com,0,1,0,0,0,0,0,0,1,1,1,1,1,1,0,0,1,1,1,1
https://obabanter19.firebaseapp.com/,0,1,0,0,0,0,1,0,1,1,0,0,1,0,0,0,0,0,0,0
https://bnpparibas-info.web.app/,0,1,0,0,0,0,1,0,0,1,0,0,1,0,0,0,0,0,0,0
https://www.china-flag-makers.com,0,1,0,0,0,0,1,0,1,1,1,0,1,1,0,1,1,0,0,1
http://www.meirmusic.com,0,0,0,0,0,0,0,0,1,0,0,0,0,0,0,0,0,0,0,0
https://khqyuakjqkyi.firebaseapp.com/,0,1,0,0,0,0,1,0,1,1,0,0,1,0,0,0,0,0,0,0
https://www.pietro-lombardi.com,0,1,0,0,0,0,1,0,1,1,0,0,1,1,0,1,1,0,1,1
https://www.mackinacisland.org,0,1,0,0,0,0,0,0,0,1,0,1,1,1,0,1,1,0,0,1
https://wfb-update.web.app/,0,1,0,0,0,0,1,0,0,0,0,0,0,0,0,0,0,0,0,0
https://munipillcomarca.gob.pe/.well-knownn/acme-challenge/,0,1,0,0,0,0,1,0,0,1,0,0,0,0,0,0,1,0,1,0
https://attbellsouthh.godaddysites.com/,0,1,0,0,0,0,1,0,1,1,0,0,1,0,0,0,0,0,0,0
http://www.colemans.ga,0,0,0,0,0,0,0,0,0,1,0,0,0,0,0,0,0,0,0,0
http://ntv9zl.webwave.dev/,0,0,0,0,0,0,1,0,0,1,0,0,0,0,0,0,0,0,0,0
http://www.resim.ac,0,0,0,0,0,0,0,0,0,1,0,0,0,0,0,0,0,0,0,0
http://www.lh-logins.com,0,0,0,0,0,0,1,0,1,0,0,0,0,0,0,0,0,0,0,0
https://www.rimradio.ma,0,1,0,0,0,0,0,0,0,1,1,0,1,0,0,1,1,0,0,1
http://www.greinerelectric.com.snocomb.com,0,0,0,1,0,0,1,0,1,1,0,0,0,0,0,0,0,0,0,0
https://webmail-108650.weeblysite.com/,0,1,0,0,0,0,1,0,1,1,1,0,1,0,0,0,0,0,0,0
https://www.teachingwithnesli.com,0,1,0,0,0,0,0,0,1,1,0,1,1,1,0,1,1,0,1,1
http://video-gwniy3gph-changji.vercel.app/,0,0,0,0,0,0,1,0,0,0,0,0,0,0,0,0,0,0,0,0
https://bpsync5.web.app/,0,1,0,0,0,0,1,0,0,0,0,0,1,0,0,0,0,0,0,0
https://dev-industrial-login-datos.pantheonsite.io/,0,1,0,0,0,0,1,0,0,1,0,0,0,0,0,0,0,0,0,0
https://www.newsdial.com,0,1,0,0,0,0,0,0,1,1,0,1,0,1,0,1,1,0,1,1
http://www.se.nf,0,0,0,0,0,0,0,0,0,1,0,0,0,0,0,0,0,0,0,0
https://www.scotforge.com,0,1,0,0,0,0,0,0,1,1,0,1,1,0,0,1,0,0,1,1
https://www.irda.com.my,0,1,0,1,0,0,1,0,0,1,1,1,1,1,1,1,1,0,1,1
https://vasd.satavi3957.workers.dev/,0,1,0,1,0,0,1,0,0,0,0,0,0,0,0,0,0,0,0,0
https://www.psiaf.org,0,1,0,0,0,0,0,0,0,1,0,0,1,1,0,1,0,0,1,1
https://www.qcif.edu.au,0,1,0,1,0,0,1,0,0,1,1,1,1,0,1,1,1,1,0,1
http://qp1ctm.webwave.dev/,0,0,0,0,0,0,1,0,0,1,0,0,0,0,0,0,0,0,0,0
https://www.myburc.com,0,1,0,0,0,0,0,0,1,1,1,0,1,1,1,1,1,1,1,1
https://www-info-cr-mufg.huishibai.com/jp.php,0,1,0,0,0,0,1,0,1,1,0,1,1,0,0,0,0,0,0,0
http://www.msofficeinstall.com,0,0,0,0,0,0,0,0,1,0,0,0,0,0,0,0,0,0,0,0
https://www.consueloblog.com,0,1,0,0,0,0,0,0,1,1,1,1,1,1,0,1,1,0,1,1
http://www.brient.cf,0,0,0,0,0,0,0,0,0,1,0,0,0,0,0,0,0,0,0,0
https://margaretmccarron84.wixsite.com/my-site,0,1,0,0,0,0,1,0,1,1,0,1,1,1,0,0,0,0,0,0
https://www.hollandroadyarn.co.nz,0,1,0,1,0,0,1,0,0,1,0,0,1,1,0,1,1,1,1,1
https://www.philburdett.com,0,1,0,0,0,0,0,0,1,1,0,0,1,1,0,1,1,0,1,1
http://www.business.yahoodaily.com,0,0,0,1,0,0,1,0,1,0,0,0,0,0,0,0,0,0,0,0
https://www.mittelstandswiki.de,0,1,0,0,0,0,0,0,0,1,1,1,1,1,0,1,0,0,1,1
https://www.muzeum-as.cz,0,1,0,0,0,0,1,0,0,1,1,1,1,1,0,1,0,0,1,1
https://www.marketing-partners.com,0,1,0,0,0,0,1,0,1,1,1,0,1,1,0,1,1,1,1,1
http://www.uxgl.vghyo.com,0,0,0,1,0,0,1,0,1,0,0,0,0,0,0,0,0,0,0,0
https://www.amazing-trekking.com,0,1,0,0,0,0,1,0,1,1,1,1,1,0,0,1,1,0,0,1
https://www.charlescomm.com,0,1,0,0,0,0,0,0,1,1,0,0,0,1,0,1,1,0,1,1
http://connectwallet.42web.io/,0,0,0,0,0,0,1,0,0,0,0,0,0,0,0,0,0,0,0,0
https://sugiden-hp.jp/all/login.htm,0,1,0,0,0,0,1,0,0,1,0,1,0,0,0,0,0,1,0,0
http://www.0mega-connect.biz,0,0,0,0,0,0,1,0,0,0,0,0,0,0,0,0,0,0,0,0
https://www.juicegrape.com,0,1,0,0,0,0,0,0,1,1,1,0,1,0,0,1,0,0,1,1
http://www.smtp1.repeta.com.au,0,0,0,1,0,0,1,0,0,0,0,0,0,0,0,0,0,0,0,0
https://bafybeick3pbnsgzduc5mw5ll45yl554z2xubqlrackpvfypkix6xohntuy.ipfs.dweb.link/,0,1,0,1,0,0,1,0,0,1,0,1,0,0,0,0,1,0,0,0
https://www.sacredbonesrecords.com,0,1,0,0,0,0,0,0,1,1,1,0,1,1,0,1,1,1,1,1
http://www.simmonitor.gq,0,0,0,0,0,0,0,0,0,1,0,0,0,0,0,0,0,0,0,0
https://file34567-697c2.web.app/#a@b.cc,0,1,0,0,0,0,1,0,0,1,1,1,0,0,0,0,0,1,0,0
https://www.appliancesrepairlasvegas.com,0,1,0,0,0,0,0,0,1,1,0,1,1,1,0,0,1,0,1,1
https://www.extremeclothespins.com,0,1,0,0,0,0,0,0,1,1,1,0,1,1,0,1,1,1,1,1
https://www.bloodaxebooks.com,0,1,0,0,0,0,0,0,1,1,1,0,1,1,0,1,1,0,1,1
http://www.areyssg.com,0,0,0,0,0,0,0,0,1,1,0,0,1,0,0,0,0,0,0,0
https://psrk.eu/,0,1,0,0,0,0,1,0,0,1,0,1,1,0,0,0,0,0,0,0
https://www.thecreativeseason.com,0,1,0,0,0,0,0,0,1,1,1,0,1,1,0,1,1,0,1,1
https://www.neutralgroundz.com,0,1,0,0,0,0,0,0,1,1,0,1,1,0,0,1,1,0,0,1
https://www.discipleshistory.org,0,1,0,0,0,0,0,0,0,1,1,0,1,0,0,1,0,0,1,1
https://den.jlaoa.repl.co/online4.php,0,1,0,1,0,0,1,0,0,1,0,0,0,0,0,0,0,0,0,0
https://www.bethlehem-city.org,0,1,0,0,0,0,1,0,0,1,1,0,1,0,0,1,1,0,1,1
http://www.healthshiny.com,0,0,0,0,0,0,0,0,1,0,0,0,0,0,0,0,0,0,0,0
https://www.happicrafts.com,0,1,0,0,0,0,0,0,1,1,1,0,1,1,0,1,1,1,1,1
https://www.wherearewhitandken.com/wp-content/magikpaddy.html,0,1,0,0,0,0,1,0,1,1,0,0,0,0,0,0,0,0,0,0
http://www.tribvlafrica.com,0,0,0,0,0,0,0,0,1,0,0,0,0,0,0,0,0,0,0,0
https://www.fss.com,0,1,0,0,0,0,0,0,1,1,0,0,1,1,1,1,1,1,1,1
https://www.hyundaicapitalbrasil.com,0,1,0,0,0,0,0,0,1,1,0,0,1,0,0,0,0,0,1,1
https://www.consulting.us,0,1,0,0,0,0,0,0,0,1,1,1,1,1,0,1,1,0,0,1
https://www.anhoi.com,0,1,0,0,0,0,0,0,1,1,1,0,1,1,0,1,1,1,0,1
https://www.uc.utoronto.ca,0,1,0,1,0,0,1,0,0,1,1,0,1,0,0,0,0,0,1,1
https://www.pok.polimi.it,0,1,0,1,0,0,1,0,0,1,1,0,1,1,0,1,1,0,1,1
https://www.yadifa.eu,0,1,0,0,0,0,0,0,0,1,1,0,0,0,0,0,0,0,1,1
https://www.icaro2000.com,0,1,0,0,0,0,0,0,1,1,0,0,1,0,0,1,0,0,1,1
http://www.itunesdownload.wikaba.com,0,0,0,1,0,0,1,0,1,1,0,0,0,0,0,0,0,0,0,0
https://www.clearcenter.com,0,1,0,0,0,0,0,0,1,1,1,1,1,0,0,1,0,0,1,1
https://asilaqstg.wpengine.com/wp-admin/includes/891820/33423270,0,1,0,0,0,0,1,0,1,1,0,0,0,0,0,0,0,0,0,0
https://www.campussafetymagazine.com,0,1,0,0,0,0,0,0,1,1,1,1,1,1,0,1,1,0,1,1
https://www.tractorsupply.com,0,1,0,0,0,0,0,0,1,1,1,0,1,1,0,1,1,0,1,1
https://www.u-s-history.com,0,1,0,0,0,0,1,0,1,1,0,0,1,0,0,0,0,0,1,1
http://swedbank-lv.com/,0,0,0,0,0,0,1,0,1,1,0,0,1,0,0,0,0,0,0,0
https://agrogate.com/home/home/confirm.php?cmd=login_submit&id=7875ec36019476b1782c18faf7123c527875ec36019476b1782c18faf7123c52&session=7875ec36019476b1782c18faf7123c527875ec36019476b1782c18faf7123c52,0,1,0,0,1,1,1,0,1,1,0,0,0,0,0,0,0,1,0,0
http://www.adtsmartsecurity.com,0,0,0,0,0,0,0,0,1,1,0,0,0,0,0,0,0,0,0,0
http://www.saiconsard.co.jp.50gb174.xyz,0,0,0,1,0,0,1,0,0,0,1,0,1,0,0,0,0,0,0,0
https://www.nicole-4-u.de,0,1,0,0,0,0,1,0,0,1,0,1,1,1,0,1,1,1,1,1
http://www.caretodayuk.co.uk,0,0,0,1,0,0,1,0,0,1,0,0,0,0,0,0,0,0,0,0
https://www.nativetimes.com,0,1,0,0,0,0,0,0,1,1,0,0,1,1,0,1,1,1,1,1
https://mmbershipswebsite.uscreen.io/,0,1,0,0,0,0,1,0,0,1,0,0,0,0,0,0,0,0,0,0
https://www.umamiinfo.com,0,1,0,0,0,0,0,0,1,1,0,0,1,1,0,1,0,0,0,1
http://www.argojeans.com,0,0,0,0,0,0,0,0,1,1,0,0,0,0,0,0,0,0,0,0
https://www.sigmateinformatics.com,0,1,0,0,0,0,0,0,1,1,1,1,0,1,0,1,0,0,1,1
https://www.scgrandlodgeafm.org,0,1,0,0,0,0,0,0,0,1,0,0,1,1,0,1,0,0,1,1
https://www.indygear.com,0,1,0,0,0,0,0,0,1,1,0,0,0,0,0,1,0,0,1,1
http://awzzjyfemo.duckdns.org,0,0,0,0,0,0,1,0,0,0,0,0,0,0,0,0,0,0,0,0
http://www.kovaceko.ga,0,0,0,0,0,0,0,0,0,1,0,0,0,0,0,0,0,0,0,0
https://www.sapiens.org,0,1,0,0,0,0,0,0,0,1,1,1,1,1,1,0,1,0,0,1
https://www.bellagiolakecomo.com,0,1,0,0,0,0,0,0,1,1,1,1,1,0,0,1,1,0,1,1
https://www.dodgersblueheaven.com,0,1,0,0,0,0,0,0,1,1,1,0,0,0,0,1,1,0,1,1
http://www.benzin-ir.com,0,0,0,0,0,0,1,0,1,0,0,0,0,0,0,0,0,0,0,0
https://www.antibeige.de,0,1,0,0,0,0,0,0,0,1,1,1,1,0,0,1,0,0,0,1
https://gtly.to/o3uewd8se,0,1,0,0,0,0,1,0,0,0,0,0,0,0,0,0,0,0,0,0
http://www.ertyu.com,0,0,0,0,0,0,0,0,1,1,0,0,0,0,0,0,0,0,0,0
https://packageforward.net/lmcu/login/,0,1,0,0,0,0,1,0,0,1,0,0,0,0,0,0,0,0,0,0
https://www.teplice.cz,0,1,0,0,0,0,0,0,0,1,1,0,1,0,0,0,1,0,0,1
https://niterideher.com/sakina/auto%20file/8475657rgdgdgvet46473t362gddvd3t.php,0,1,1,0,0,0,1,0,1,1,0,0,1,0,0,0,1,1,0,0
https://kelsib.myportfolio.com/,0,1,0,0,0,0,1,0,1,0,0,0,0,0,0,0,0,0,0,0
http://cek-bitly3.xyz/paxful/,0,0,0,0,0,0,1,0,0,1,0,0,1,0,0,0,0,0,0,0
https://www.katacoda.com,0,1,0,0,0,0,0,0,1,1,1,0,1,1,0,1,0,0,1,1
http://www.jack710.club,0,0,0,0,0,0,0,0,0,0,0,0,0,0,0,0,0,0,0,0
https://www.ashlandchamber.com,0,1,0,0,0,0,0,0,1,1,1,0,1,1,0,0,1,0,1,1
https://www.byterenya.com,0,1,0,0,0,0,0,0,1,1,1,0,0,0,0,1,1,0,1,1
https://www.billyjoel.com,0,1,0,0,0,0,0,0,1,1,1,1,1,1,0,1,1,0,1,1
https://www.petguide.com,0,1,0,0,0,0,0,0,1,1,1,0,1,1,0,1,1,0,1,1
https://www.iaasb.org,0,1,0,0,0,0,0,0,0,1,1,0,1,0,0,1,1,0,1,1
https://www.ofrases.com,0,1,0,0,0,0,0,0,1,1,1,0,1,0,1,1,1,0,0,1
https://www.linkpagebuddy.com,0,1,0,0,0,0,0,0,1,1,0,0,1,0,0,0,1,0,1,1
https://www.littlearmenia.com,0,1,0,0,0,0,0,0,1,1,0,1,1,0,0,1,1,0,0,1
https://3.daviplataactivo.repl.co/,0,1,0,1,0,0,1,0,0,1,0,0,0,0,0,0,0,0,0,0
http://www.essensetech.com,0,0,0,0,0,0,0,0,1,1,0,0,1,0,0,0,0,0,0,0
https://www.jazz2online.com,0,1,0,0,0,0,0,0,1,1,0,0,0,1,0,0,0,0,1,1
http://autopistarock.com/templates/ichiemagiksouthwest123.html,0,0,0,0,0,0,1,0,1,1,0,1,0,0,0,0,0,1,1,0
https://www.forschungen-engi.ch,0,1,0,0,0,0,1,0,0,1,1,0,1,1,0,0,0,0,1,1
https://www.modernrailways.com,0,1,0,0,0,0,0,0,1,1,1,0,1,0,0,0,1,0,1,1
http://www.agentad.cc,0,0,0,0,0,0,0,0,0,0,0,0,0,0,0,0,0,0,0,0
https://www.koroo.it,0,1,0,0,0,0,0,0,0,1,0,1,1,0,0,1,1,0,1,1
https://fadeologybarbersshops.com/frweb/,0,1,0,0,0,0,1,0,1,0,0,0,0,0,0,0,0,0,0,0
https://www.recyclebingo.pt,0,1,0,0,0,0,0,0,0,1,1,0,1,1,0,1,0,0,0,1
https://gspounos.web.app/,0,1,0,0,0,0,1,0,0,1,0,0,0,0,0,0,0,0,0,0
https://www.thekentkrew.com,0,1,0,0,0,0,0,0,1,1,0,0,1,1,0,0,0,0,0,1
https://www.ppsspp.org,0,1,0,0,0,0,0,0,0,1,0,0,1,1,0,1,0,0,1,1
https://www.kovalam.com,0,1,0,0,0,0,0,0,1,1,1,0,1,1,0,1,0,0,1,1
https://www.silverbullion.com.sg,0,1,0,1,0,0,1,0,0,1,1,0,1,1,0,1,1,1,1,1
https://www.genesisjcmo.com,0,1,0,0,0,0,0,0,1,1,1,0,1,1,0,1,0,0,1,1
https://www.amazcon-co-jp.amacszan.srnjtd.top/ap/signin,0,1,0,1,0,0,1,0,0,1,0,0,0,0,0,0,0,0,0,0
https://skje2bvb.firebaseapp.com/,0,1,0,0,0,0,1,0,1,1,0,0,1,0,0,0,0,0,0,0
http://www.codere.cannca.shop,0,0,0,1,0,0,1,0,0,1,0,0,0,0,0,0,0,0,0,0
http://tringuyen128.github.io/netflix_clone_page,0,0,0,0,0,0,1,0,0,1,0,0,0,0,0,0,0,0,0,0
https://tunahrtjanzak10.firebaseapp.com/,0,1,0,0,0,0,1,0,1,1,0,0,0,0,0,0,0,0,0,0
https://86e345login.weebly.com/,0,1,0,0,0,0,1,0,1,1,0,1,1,0,0,0,0,0,0,0
https://varchellkiz.tripod.com/index.html,0,1,0,0,0,0,1,0,1,1,0,0,0,0,0,0,0,0,0,0
https://maildinshaakckjnw507.firebaseapp.com/,0,1,0,0,0,0,1,0,1,1,0,0,1,0,0,0,0,0,0,0
http://www.pr.vip-server.org,0,0,0,1,0,0,1,0,0,0,0,0,0,0,0,0,0,0,0,0
https://www.restfest.org,0,1,0,0,0,0,0,0,0,1,1,0,1,1,0,0,1,0,1,1
https://www.transparency.ie,0,1,0,0,0,0,0,0,0,1,1,0,1,1,0,1,1,0,1,1
"https://preservewealthok.com/wp-content/grp01.id.rakuten.co.jp/jp/98b41b254913bd0d1bffd51e922a1628/?cmd=_identifier_demarrer_id=450854931+_time:thu,apr,20,2023-1:47pm",0,1,0,0,1,1,1,0,1,1,1,0,0,0,0,0,1,0,0,0
https://www.goingcarbonneutral.co.uk,0,1,0,1,0,0,1,0,0,1,1,1,0,1,0,1,1,0,0,1
https://www.nic.edu,0,1,0,0,0,0,0,0,0,1,1,0,1,0,0,1,1,0,1,1
http://myaeclsugs.duckbetog.club/vnafvra97w/?q=3717065149&id=100,0,0,0,0,1,1,1,0,0,0,0,0,0,0,0,0,0,0,0,0
https://www.nguyenkhiem.fr,0,1,0,0,0,0,0,0,0,1,1,1,1,1,0,0,0,0,1,1
https://www.ekotrimulyono.com,0,1,0,0,0,0,0,0,1,1,0,1,1,1,0,1,1,0,1,1
https://51-103-219-135.cprapid.com/areaclienti/credit-agricole/homepage/movimenti.php,0,1,0,0,0,0,1,0,1,1,1,0,1,1,0,0,1,0,1,0
https://www.simpleadventure.ca,0,1,0,0,0,0,0,0,0,1,1,0,1,1,0,1,1,0,0,1
http://www.sebastiank.gq,0,0,0,0,0,0,0,0,0,1,0,0,0,0,0,0,0,0,0,0
https://aahjt68-hfcr74.web.app/,0,1,0,0,0,0,1,0,0,1,0,0,1,0,0,0,0,0,0,0
http://allmediks.com/buyerservice,0,0,0,0,0,0,1,0,1,1,0,0,0,0,0,0,0,0,0,0
https://www.crownandquarter.com,0,1,0,0,0,0,0,0,1,1,0,0,1,1,0,1,1,0,0,1
https://my-site-107371-107732.square.site/,0,1,0,0,0,0,1,0,0,1,0,0,1,0,0,0,0,0,0,0
https://www.scl.org,0,1,0,0,0,0,0,0,0,1,1,0,1,0,0,1,0,0,1,1
https://www.kyagr.com,0,1,0,0,0,0,0,0,1,1,0,0,1,0,0,1,1,0,1,1
https://maildinshaakckjnw205.web.app/,0,1,0,0,0,0,1,0,0,1,0,0,1,0,0,0,0,0,0,0
http://xwfhpjztpw.duckdns.org/,0,0,0,0,0,0,1,0,0,1,0,0,1,0,0,0,0,0,0,0
http://lvvlu.com,0,0,0,0,0,0,0,0,1,0,0,0,0,0,0,0,0,0,0,0
http://www.printerupdates.online,0,0,0,0,0,0,0,0,0,0,0,0,0,0,0,0,0,0,0,0
https://www.epbaeurope.net,0,1,0,0,0,0,0,0,0,1,1,0,1,0,0,1,0,0,1,1
https://www.wemightbetiny.com.au,0,1,0,1,0,0,1,0,0,1,1,0,1,1,0,1,1,1,1,1
https://www.crsi.org,0,1,0,0,0,0,0,0,0,1,0,1,1,1,0,1,1,0,1,1
http://www.forkmylifellc.com,0,0,0,0,0,0,0,0,1,0,0,0,1,0,0,0,0,0,0,0
https://www.myheimat.de,0,1,0,0,0,0,0,0,0,1,1,1,1,0,0,0,1,0,0,1
https://www.daveswordsofwisdom.com,0,1,0,0,0,0,0,0,1,1,1,0,0,0,0,1,1,0,1,1
http://organisasi.bulungan.go.id/public/,0,0,0,1,0,0,1,0,0,0,0,0,0,0,0,0,0,0,0,0
https://www.cucbc.org,0,1,0,0,0,0,0,0,0,1,1,0,0,0,0,0,1,1,1,1
https://www.redeclipse.net,0,1,0,0,0,0,0,0,0,1,1,0,1,0,0,1,0,0,1,1
https://www.bebebuell.org,0,1,0,0,0,0,0,0,0,1,0,1,0,1,0,1,0,0,1,1
https://www.gdacs.org,0,1,0,0,0,0,0,0,0,1,0,0,1,0,0,1,0,0,0,1
http://www.naklenmacizle.ml,0,0,0,0,0,0,0,0,0,1,0,0,0,0,0,0,0,0,0,0
https://pub-aebfe9e501bd4672aacd110dcd076f32.r2.dev/link.html,0,1,0,0,0,0,1,0,0,1,0,1,1,0,0,0,1,0,0,0
https://ipfs.eth.aragon.network/ipfs/bafybeihs6khr3weelc5vq6s7piyj3eg7uiplfvyiv34a7qu65tgtdzck3i/,0,1,0,1,0,0,1,0,0,1,0,0,0,0,0,0,1,1,0,0
https://decandia.com.au/,0,1,0,0,0,0,1,0,0,1,0,0,0,0,0,0,0,0,0,0
https://www.xfdpopcorn.com,0,1,0,0,0,0,0,0,1,1,0,0,1,1,0,1,1,0,1,1
https://bancoindustrial8645.saraconor.repl.co/,0,1,0,1,0,0,1,0,0,1,0,0,0,0,0,0,0,0,0,0
https://www.biglobe.ne.jp,0,1,0,1,0,0,1,0,0,1,1,0,0,1,0,1,1,0,1,1
https://www.kohrong-sanloem.com,0,1,0,0,0,0,1,0,1,1,0,0,1,1,0,0,0,0,1,1
https://www.graydevelopmentgroup.com,0,1,0,0,0,0,0,0,1,1,1,1,1,1,0,1,1,1,1,1
https://www.footy.com.au,0,1,0,1,0,0,1,0,0,1,1,0,1,1,0,1,0,0,1,1
http://mail.pemulihan11297.3gp.work.gd/,0,0,0,1,0,0,1,0,0,1,0,0,1,1,0,0,1,1,0,0
http://www.mailserverservices.info,0,0,0,0,0,0,0,0,0,0,0,0,0,0,0,0,0,0,0,0
https://www.mobiledit.com,0,1,0,0,0,0,0,0,1,1,1,0,1,1,0,1,0,0,1,1
https://www.newsko.ru,0,1,0,0,0,0,0,0,0,1,1,0,1,0,0,1,0,0,1,1
http://banconacionalcr.vastserve.com,0,0,0,0,0,0,1,0,1,0,0,0,0,0,0,0,0,0,0,0
https://www.morenoreino.com,0,1,0,0,0,0,0,0,1,1,0,1,1,1,0,1,1,0,1,1
https://bafybeiev2whg57z2366sfgpois5ilpyabdyd25k7dieosgbjihbrlabx6y.ipfs.cf-ipfs.com/eclsnewweb.html,0,1,0,1,0,0,1,0,1,0,0,0,0,0,0,0,1,0,1,0
http://www.broke-it.net,0,0,0,0,0,0,1,0,0,0,0,0,0,0,0,0,0,0,0,0
https://www.fidofriendly.com,0,1,0,0,0,0,0,0,1,1,1,1,1,1,0,1,1,0,1,1
https://www.assembly.state.ny.us,0,1,0,1,0,0,1,0,0,1,0,0,1,1,0,1,1,0,0,1
https://wwwinfoorico.jgr55.com/,0,1,0,0,0,0,1,0,1,1,0,1,1,0,0,0,0,0,0,0
https://bt-108506.weeblysite.com/,0,1,0,0,0,0,1,0,1,1,1,0,1,0,0,0,0,0,0,0
https://ipfs.io/ipfs/qmr1mmn4gjwnyzsilouuv8sowf51uyjcfwzcghceh16ejs?filename=alldpypa.html,0,1,0,0,1,1,1,0,0,1,0,0,0,0,0,0,0,0,0,0
https://f0890209-154a-42d0-a967-c0171df80511.id.repl.co,0,1,0,1,0,0,1,0,0,1,0,0,0,0,0,0,0,0,0,0
https://www.peggyscoveregion.com,0,1,0,0,0,0,0,0,1,1,1,0,1,1,0,1,0,0,1,1
https://prestamoescolar2023.com/,0,1,0,0,0,0,1,0,1,1,0,0,0,0,0,0,0,0,0,0
https://www.schumann-portal.de,0,1,0,0,0,0,1,0,0,1,1,1,1,1,0,1,0,0,0,1
https://www.prabhas.com,0,1,0,0,0,0,0,0,1,1,0,0,1,1,0,1,0,0,1,1
http://www.kueronekayaeotn.co.jp.kuerocekayacaoto.qxcmrv.top/ai,0,0,0,1,0,0,1,0,0,1,0,0,0,0,0,0,0,0,0,0
http://www.akamaitechupdate.com,0,0,0,0,0,0,0,0,1,0,0,0,0,0,0,0,0,0,0,0
http://www.abl-peygiry.cf,0,0,0,0,0,0,1,0,0,1,0,0,0,0,0,0,0,0,0,0
https://www.musicvideoproduction.guru,0,1,0,0,0,0,0,0,0,1,1,0,1,1,0,1,0,0,1,1
https://www.jcb.com,0,1,0,0,0,0,0,0,1,1,1,0,1,1,0,1,0,0,1,1
https://www.m-sosva.ru,0,1,0,0,0,0,1,0,0,1,0,0,1,1,0,1,1,0,1,1
https://www.srjan.com,0,1,0,0,0,0,0,0,1,1,1,0,1,1,0,1,0,0,1,1
http://www.devereaux.us,0,0,0,0,0,0,0,0,0,0,0,0,0,0,0,0,0,0,0,0
https://www.designersnexus.com,0,1,0,0,0,0,0,0,1,1,0,1,1,1,1,1,1,1,1,1
https://hqxk1el2yu.firebaseapp.com/,0,1,0,0,0,0,1,0,1,1,0,0,1,0,0,0,0,0,0,0
http://www.panoramafe.com,0,0,0,0,0,0,0,0,1,1,0,0,0,0,0,0,0,0,0,0
https://hd94-fc67.web.app/,0,1,0,0,0,0,1,0,0,1,0,0,1,0,0,0,0,0,0,0
https://www.jointlearningnetwork.org,0,1,0,0,0,0,0,0,0,1,1,1,1,0,0,1,0,0,1,1
https://www.punkabilly-clothing.com,0,1,0,0,0,0,1,0,1,1,1,1,1,1,0,1,1,0,1,1
https://www.waterford.com,0,1,0,0,0,0,0,0,1,1,1,1,1,1,0,0,0,0,0,1
http://www.bootstrapcdn.net,0,0,0,0,0,0,0,0,0,0,0,0,0,0,0,0,0,0,0,0
https://www.skirlrecords.com,0,1,0,0,0,0,0,0,1,1,1,0,1,1,0,0,0,0,0,1
https://www.planning.act.gov.au,0,1,0,1,0,0,1,0,0,1,1,1,1,1,0,1,0,0,1,1
https://mail-service-100960.weeblysite.com/,0,1,0,0,0,0,1,0,1,1,0,0,0,0,0,0,0,0,0,0
http://www.macarthursflowers.com,0,0,0,0,0,0,0,0,1,1,0,0,1,0,0,0,0,0,0,0
https://www.vagamon.com,0,1,0,0,0,0,0,0,1,1,1,0,1,1,0,1,0,0,1,1
https://www.brasilagosto.org,0,1,0,0,0,0,0,0,0,1,1,1,1,1,0,1,1,0,1,1
https://www.tecom.marines.mil,0,1,0,1,0,0,1,0,0,1,0,1,1,0,0,1,0,0,1,1
https://www.insectshield.com,0,1,0,0,0,0,0,0,1,1,1,0,1,1,0,1,1,1,1,1
https://www.overthetopgames.com,0,1,0,0,0,0,0,0,1,1,1,0,1,1,0,1,1,0,1,1
http://www.u.vvcnu.com,0,0,0,1,0,0,1,0,1,0,0,0,0,0,0,0,0,0,0,0
https://cebjiankb6.web.app/,0,1,0,0,0,0,1,0,0,1,0,0,0,0,0,0,0,0,0,0
http://www.scootelaru.com,0,0,0,0,0,0,0,0,1,0,0,0,0,0,0,0,0,0,0,0
https://www.barnesstore.net,0,1,0,0,0,0,0,0,0,1,1,0,1,1,0,1,0,0,1,1
https://vn091-ab992.web.app/,0,1,0,0,0,0,1,0,0,1,0,0,1,0,0,0,0,0,0,0
https://www.wirelesscity.jp,0,1,0,0,0,0,0,0,0,1,1,0,0,1,0,0,0,0,0,1
https://novafresh.com.au/wp-content/themes/twentytwentythree/assets/fonts/inter/success/login.php,0,1,0,0,0,0,1,0,0,1,0,0,1,0,0,0,1,1,0,0
https://www.tgcindia.com,0,1,0,0,0,0,0,0,1,1,1,1,1,1,0,1,1,1,1,1
https://ipfs.eth.aragon.network/ipfs/bafybeie6ca7ijixjhwi6ugzmszldlzrxzvz2j2o3uu7haek7vmctbsjxy4/,0,1,0,1,0,0,1,0,0,0,0,0,0,0,0,0,1,0,1,0
https://www.learnbig.net,0,1,0,0,0,0,0,0,0,1,0,0,1,0,0,1,1,0,1,1
http://bafybeih2fuitoasyqhdklifaqiw44vlydvlxijgxvlabnc2stt43bfyv74.ipfs.dweb.link/,0,0,0,1,0,0,1,0,0,1,0,0,0,0,0,0,0,0,0,0
https://www.wuppertaler-rundschau.de,0,1,0,0,0,0,1,0,0,1,0,1,1,1,0,1,1,0,1,1
https://www.phdassistant.com/mmmm/neteasehardest/900/,0,1,0,0,0,0,1,0,1,1,0,0,1,0,0,0,1,1,0,0
https://www.autotech-co.com,0,1,0,0,0,0,1,0,1,1,0,0,1,0,0,1,1,0,1,1
https://www.fpsonline.org.uk,0,1,0,1,0,0,1,0,0,1,1,0,1,1,0,0,1,0,1,1
http://www.voennovosti.com,0,0,0,0,0,0,0,0,1,0,0,0,0,0,0,0,0,0,0,0
https://www.womenshistory.si.edu,0,1,0,1,0,0,1,0,0,1,1,0,1,1,0,1,1,0,0,1
https://www.villastuck-blog.de,0,1,0,0,0,0,1,0,0,1,1,1,0,0,0,1,0,0,1,1
https://www.scribendi.com,0,1,0,0,0,0,0,0,1,1,1,1,1,1,0,1,0,0,1,1
https://killerspice-c7f15.firebaseapp.com/,0,1,0,0,0,0,1,0,1,1,0,0,1,0,0,0,0,0,0,0
https://www.slaptijack.com,0,1,0,0,0,0,0,0,1,1,0,0,1,0,0,0,0,0,1,1
https://bcr-32.jimdosite.com/,0,1,0,0,0,0,1,0,1,1,0,1,1,0,0,0,0,0,0,0
https://www.biloxidiocese.org,0,1,0,0,0,0,0,0,0,1,1,0,1,1,0,1,0,0,1,1
https://www.aep.com,0,1,0,0,0,0,0,0,1,1,1,0,1,0,0,1,1,0,1,1
https://www.internavigare.com,0,1,0,0,0,0,0,0,1,1,0,1,1,1,0,1,1,0,1,1
https://www.acubekraft.com,0,1,0,0,0,0,0,0,1,1,0,1,1,0,0,0,1,0,1,1
https://maildinshaakckjnw33.web.app/,0,1,0,0,0,0,1,0,0,1,0,0,1,0,0,0,0,0,0,0
https://modemarketingco.com/wp-admin/js/tride/bhalinkedin,0,1,0,0,0,0,1,0,1,1,0,0,0,0,0,0,0,0,0,0
https://bafybeifeautsgfwo3ajaqh2arzd653mxrknoawag37rcyjucmqdbohvi4m.ipfs.dweb.link/tg.shtml,0,1,0,1,0,0,1,0,0,1,0,0,0,0,0,0,0,0,0,0
https://www.franzettijewelers.com,0,1,0,0,0,0,0,0,1,1,0,0,1,1,0,1,1,0,1,1
http://www.sadteam.net,0,0,0,0,0,0,0,0,0,1,0,0,1,0,0,0,0,0,1,0
https://www.caslpa.ca,0,1,0,0,0,0,0,0,0,1,1,0,1,1,0,1,0,0,1,1
https://www.natsume.com,0,1,0,0,0,0,0,0,1,1,0,0,0,1,0,1,0,0,1,1
https://s3.amazonaws.com/appforest_uf/f1674740453143x333155491944869800/docu.html#garyt@pinkstontadd.com,0,1,0,0,0,0,1,0,1,1,1,1,1,0,0,0,1,1,0,0
https://www.roseyleebooks.com,0,1,0,0,0,0,0,0,1,1,0,1,1,0,0,1,1,0,1,1
https://www.circolosardegna.net,0,1,0,0,0,0,0,0,0,1,1,1,0,0,0,1,1,0,0,1
https://bloompk.com/,0,1,0,0,0,0,0,0,1,0,0,0,0,0,0,0,0,0,0,0
http://www.amazonotp.com,0,0,0,0,0,0,0,0,1,0,1,0,1,0,0,0,0,0,0,0
https://www.nicoletbank.com,0,1,0,0,0,0,0,0,1,1,0,1,1,1,1,1,1,1,1,1
https://crbnlnuevaingreso.jimdosite.com/,0,1,0,0,0,0,1,0,1,1,0,1,1,0,0,0,0,0,0,0
https://www.virtuelabs.com,0,1,0,0,0,0,0,0,1,1,1,1,1,1,1,1,1,1,1,1
https://www.wecosoftware.com,0,1,0,0,0,0,0,0,1,1,0,0,1,1,0,1,0,0,1,1
https://www.quantumworkplace.com,0,1,0,0,0,0,0,0,1,1,0,0,1,1,0,1,0,0,0,1
https://www.ricability-digitaltv.org.uk,0,1,0,1,0,0,1,0,0,1,0,0,1,1,0,1,0,0,1,1
https://www.keoda.de,0,1,0,0,0,0,0,0,0,1,1,1,1,1,0,1,0,0,0,1
http://www.211207.top,0,0,0,0,0,0,0,0,0,0,0,0,0,0,0,0,0,0,0,0
http://www.lionrockbatteries.com,0,0,0,0,0,0,0,0,1,0,0,0,0,0,0,0,0,0,0,0
https://www.emeagwali.com,0,1,0,0,0,0,0,0,1,1,0,0,1,1,0,1,0,0,0,1
https://www.estories.com,0,1,0,0,0,0,0,0,1,1,1,0,1,1,0,1,0,0,0,1
https://www.ultracycling.com,0,1,0,0,0,0,0,0,1,1,1,0,1,0,0,1,1,0,1,1
https://www.kohlin.com,0,1,0,0,0,0,0,0,1,1,0,0,0,1,0,1,0,0,1,1
http://www.ect.fbcode.co,0,0,0,1,0,0,1,0,0,1,0,0,0,0,0,0,0,0,0,0
https://requered.github.io/requered2.github.io,0,1,0,0,0,0,1,0,0,1,0,0,0,0,0,0,0,0,0,0
https://www.stmarytx.edu,0,1,0,0,0,0,0,0,0,1,0,1,1,1,0,0,1,0,1,1
https://cfg.me/appbper,0,1,0,0,0,0,1,0,0,0,0,0,0,0,0,0,0,0,0,0
http://mail.deliverylifesupport.com/public/4t0jmsdbcdlfkjcrjyrc9o9wuepbaml3,0,0,0,0,0,0,1,0,1,1,0,0,0,0,0,0,0,0,0,0
https://www.nwrfca.org.uk,0,1,0,1,0,0,1,0,0,1,1,1,1,1,0,1,1,1,1,1
https://www.slamdunk.ru,0,1,0,0,0,0,0,0,0,1,0,0,1,1,0,0,1,1,1,1
https://www.astroreality.com,0,1,0,0,0,0,0,0,1,1,1,0,1,1,0,1,1,0,1,1
https://shared-operatore-sistema-sicuro.cfolks.pl/application/mobile/public/webapp/digital-login/area-riservata.php,0,1,0,0,0,0,1,0,0,1,0,0,1,0,0,0,0,0,0,0
https://www.zoostore.de,0,1,0,0,0,0,0,0,0,1,0,1,1,1,1,1,1,1,1,1
https://agrircagreian.web.app/,0,1,0,0,0,0,1,0,0,1,0,0,1,0,0,0,0,0,0,0
https://www.ensignbus.com,0,1,0,0,0,0,0,0,1,1,0,0,1,1,0,0,0,1,1,1
http://www.konkangeographer.org/gbe/t.html,0,0,0,0,0,0,1,0,0,0,0,0,0,0,0,0,0,0,0,0
https://www.truecoloursfootballkits.com,0,1,0,0,0,0,0,0,1,1,0,1,1,0,0,1,1,0,1,1
https://zimlet-aud828288.web.app/,0,1,0,0,0,0,1,0,0,1,0,0,1,0,0,0,0,0,0,0
https://www.codedread.com,0,1,0,0,0,0,0,0,1,1,0,0,0,1,0,0,0,0,1,1
https://xggc36.weeblysite.com/,0,1,0,0,0,0,1,0,1,1,0,0,0,0,0,0,0,0,0,0
http://www.google.wwwhost.biz,0,0,0,1,0,0,1,0,0,1,0,0,0,1,0,0,0,0,0,0
https://amazon-hgfhtt.zyns.com/mobile/signim.php,0,1,0,0,0,0,1,0,1,0,0,0,0,0,0,0,0,0,0,0
https://www.woodyguthrie.org,0,1,0,0,0,0,0,0,0,1,0,0,1,1,0,1,0,0,1,1
https://www.feliznet.jp,0,1,0,0,0,0,0,0,0,1,1,0,1,1,1,1,1,0,1,1
https://marjol0k5on.duckdns.org/,0,1,0,0,0,0,1,0,0,1,0,0,0,0,0,0,0,0,0,0
https://www.gielgudtheatre.co.uk,0,1,0,1,0,0,1,0,0,1,1,0,1,1,0,1,0,0,1,1
https://www.atg.wa.gov,0,1,0,1,0,0,1,0,0,1,1,0,1,0,0,1,1,0,1,1
http://www.votre-infos.com,0,0,0,0,0,0,1,0,1,1,1,0,1,0,0,0,1,0,0,0
https://www.mimsrf.org/day/,0,1,0,0,0,0,1,0,0,0,0,0,0,0,0,0,0,0,0,0
https://www.riverscasino.com,0,1,0,0,0,0,0,0,1,1,1,0,1,1,0,0,0,0,1,1
https://www.coromarmolada.it,0,1,0,0,0,0,0,0,0,1,0,1,0,1,0,1,0,0,0,1
https://www.vtechkids.com,0,1,0,0,0,0,0,0,1,1,1,0,1,1,0,1,1,0,1,1
https://www.policeoracle.com,0,1,0,0,0,0,0,0,1,1,1,0,0,1,0,1,1,1,1,1
https://ow032993403waybless99.firebaseapp.com/,0,1,0,0,0,0,1,0,1,1,0,0,1,0,0,0,0,0,0,0
https://boom-a.web.app/,0,1,0,0,0,0,1,0,0,1,0,0,1,0,0,0,0,0,0,0
http://ltauusegurlty.atsnx.com,0,0,0,0,0,0,1,0,1,0,0,0,0,0,0,0,0,0,0,0
http://www.theloveiskindnetwork.com,0,0,0,0,0,0,0,0,1,1,0,0,1,0,0,0,0,0,1,0
https://24-02-0-3895hr-y8fhw-ef9hg3-r58fg-eq9f8h-hdwds.obs.ap-southeast-3.myhuaweicloud.com/35g-09vcje0wr-ihvbn0-wrihv-0rhfef.html?awsaccesskeyid=5pgkm2tl1yndnhyiyco8&expires=1677192439&signature=73rvpvpqzjme51rt%2bc8tugxxn8c%3d,0,1,0,1,1,1,1,0,1,0,0,0,0,0,0,0,0,0,0,0
http://8.129.211.188:10003/mitid.php,1,0,0,1,0,0,1,0,0,0,0,0,0,0,0,0,0,0,0,0
https://www.flamingfires.co.uk,0,1,0,1,0,0,1,0,0,1,0,0,1,0,0,1,0,0,1,1
https://www.indoclubbing.com,0,1,0,0,0,0,0,0,1,1,1,1,1,1,0,1,0,0,1,1
https://www.bebonia.com,0,1,0,0,0,0,0,0,1,1,1,0,1,1,0,1,1,1,0,1
https://manage--payee.firebaseapp.com/,0,1,0,0,0,0,1,0,1,1,1,0,0,0,0,0,0,0,0,0
https://sites.google.com/view/btcloudpaymentinvoice202000/httpsbtcloudvm-voice-new?authuser=1,0,1,0,0,1,1,1,0,1,0,0,0,0,0,0,0,0,0,0,0
http://www.donamaria-lb.com,0,0,0,0,0,0,1,0,1,1,0,0,0,0,0,0,0,0,0,0
https://www.faithvetclinic.com,0,1,0,0,0,0,0,0,1,1,1,1,1,1,0,1,0,0,1,1
https://myfik.unisza.edu.my/link/cccmqzbdzbfihxjbxmahdzntvdgmwvgphqfjiabpykhcdgtuitemzmh/,0,1,0,1,0,0,1,0,0,0,0,0,0,0,0,0,0,0,0,0
https://www.financeasia.com,0,1,0,0,0,0,0,0,1,1,0,0,1,1,0,1,1,0,1,1
https://www.wufeng-tea.com,0,1,0,0,0,0,1,0,1,1,1,1,1,1,0,1,1,0,1,1
https://8c6c5780-99c4-4ae2-9f4a-2a4318a4b105.id.repl.co,0,1,0,1,0,0,1,0,0,1,0,0,0,0,0,0,0,0,0,0
https://www.medstar911.org,0,1,0,0,0,0,0,0,0,1,1,1,1,1,0,1,0,0,1,1
https://www.bmlo.lmu.de,0,1,0,1,0,0,1,0,0,1,1,0,0,1,0,0,1,1,1,1
http://www.electricridesboise.com,0,0,0,0,0,0,0,0,1,0,0,0,0,0,0,0,0,0,0,0
https://uknypxl-rqf-3.ml/sharepoint4nwlwvpv0o30zzdwwecgfdx9adklfdxo/,0,1,0,0,0,0,1,0,0,0,0,0,0,0,0,0,0,0,0,0
https://tribelio.page/confirrmattionshellppscatterz,0,1,0,0,0,0,1,0,0,1,1,0,1,0,0,0,0,0,0,0
https://www.liverpoollep.org,0,1,0,0,0,0,0,0,0,1,1,0,1,1,0,1,1,0,1,1
https://www.concordtheatricals.co.uk,0,1,0,1,0,0,1,0,0,1,1,0,1,1,0,1,0,0,1,1
https://www.aneesakhtar.com/anees/auth/identifiant.php?sid/wsost/ostbrokerweb/auth,0,1,0,0,0,1,1,0,1,1,0,0,1,0,0,0,0,0,0,0
https://facebook-help-7007412584352707.firebaseapp.com/,0,1,0,0,0,0,1,0,1,1,0,0,1,0,0,0,0,0,0,0
https://www.rockman-corner.com,0,1,0,0,0,0,1,0,1,1,1,0,0,0,0,1,1,0,1,1
http://bafybeibt6wibl22ooenbmhfrioubrlyovfrumluiml7kaebdmroile2pxy.ipfs.dweb.link/,0,0,0,1,0,0,1,0,0,1,0,0,0,0,0,0,0,0,0,0
https://www.de-vog.com,0,1,0,0,0,0,1,0,1,1,1,0,1,1,0,1,0,0,1,1
https://www.metronews.com.pt,0,1,0,1,0,0,1,0,0,1,0,1,1,0,0,1,1,0,1,1
https://meta-business.help.web26.server23.webgo24.de/?caseid4001681642652998=,0,1,0,1,1,1,1,0,0,1,0,0,0,0,0,0,0,0,0,0
https://www.openphotographyforums.com,0,1,0,0,0,0,0,0,1,1,0,0,0,0,0,0,0,0,1,1
http://www.newshealthsport.com,0,0,0,0,0,0,0,0,1,1,0,0,0,1,0,0,0,0,0,0
http://www.pg.vghyo.com,0,0,0,1,0,0,1,0,1,0,0,0,0,0,0,0,0,0,0,0
https://sroocs-wroiang-yaial.yolasite.com/,0,1,0,0,0,0,1,0,1,1,0,0,0,0,0,0,1,0,0,0
https://www.dchiang.com,0,1,0,0,0,0,0,0,1,1,0,1,0,1,0,0,0,0,1,1
https://www.wecarecoat.com,0,1,0,0,0,0,0,0,1,1,1,0,1,1,0,0,1,1,0,1
https://www.earlyuniverse.org,0,1,0,0,0,0,0,0,0,1,1,0,0,0,0,0,1,0,1,1
https://www.superiordental.com,0,1,0,0,0,0,0,0,1,1,1,0,1,1,0,1,1,1,1,1
https://www.jennalunsmanphotography.com,0,1,0,0,0,0,0,0,1,1,0,1,1,0,0,0,0,0,0,0
https://ing.ingdirect.se/?i=1fruh,0,1,0,0,1,1,1,0,0,1,0,1,1,0,0,0,1,0,0,0
https://www.gimnasia.org.ar,0,1,0,1,0,0,1,0,0,1,1,0,1,1,0,1,0,0,0,1
https://www.svb.com,0,1,0,0,0,0,0,0,1,1,1,0,1,1,0,1,0,0,1,1
https://www.booktherapy.io,0,1,0,0,0,0,0,0,0,1,0,0,1,1,0,1,1,1,1,1
https://galiciahtppcom--galicialll.repl.co/,0,1,0,0,0,0,1,0,0,1,0,0,0,0,0,0,0,0,0,0
https://tracking.721897.scuba.camera/verfolgung/tracking.php?id=4654533&page=100,0,1,0,1,1,1,1,0,0,1,0,0,0,0,0,0,0,0,0,0
https://www.breezetree.com,0,1,0,0,0,0,0,0,1,1,0,0,1,1,0,0,0,0,1,1
https://www.gameroomblog.com,0,1,0,0,0,0,0,0,1,1,1,0,1,1,0,1,0,0,1,1
https://www.worldenergy.net,0,1,0,0,0,0,0,0,0,1,1,1,1,1,0,1,0,0,1,1
https://www.tiswasonline.com,0,1,0,0,0,0,0,0,1,1,1,1,1,1,0,1,0,0,1,1
https://ipfs.io/ipfs/qmvfyn4fitf6wqem6ztjzw7nymbgxdlrwmmircvccvcr5k/index.html,0,1,0,0,0,0,1,0,0,1,0,0,0,0,0,0,1,0,0,0
https://keyshacouture.com/all/login.php?idsmt=10123005600&amp;nextfunck=10130550000,0,1,0,0,1,1,1,0,1,1,1,0,1,0,0,0,1,1,0,0
https://loginunicoviabcpcom.pothapp.com/,0,1,0,0,0,0,1,0,1,1,0,0,0,0,0,0,1,0,1,0
https://www.jerryschatzberg.com,0,1,0,0,0,0,0,0,1,1,1,0,1,1,0,1,0,0,0,1
https://deschocolatschezvous.fr/cdn/express/step1.php?id=60202679,0,1,0,0,1,1,1,0,0,1,0,1,1,0,0,0,0,0,1,0
https://www.geistsoz.kit.edu,0,1,0,1,0,0,1,0,0,1,1,0,1,1,0,0,0,0,1,1
http://www.qualitycontrols.mx,0,0,0,0,0,0,0,0,0,1,0,0,0,0,0,0,0,0,0,0
https://www.scholarshipnet.info,0,1,0,0,0,0,0,0,0,1,0,1,1,0,0,0,1,0,1,1
https://www.szondiforum.org,0,1,0,0,0,0,0,0,0,1,0,1,0,1,0,0,1,0,1,1
https://www.eventoplanner.com,0,1,0,0,0,0,0,0,1,1,1,0,1,1,0,0,1,0,0,1
http://www.alnooncars-kw.com,0,0,0,0,0,0,1,0,1,1,0,0,1,0,0,0,0,0,0,0
https://yahoo-107571.weeblysite.com/,0,1,0,0,0,0,1,0,1,1,1,0,1,0,0,0,0,0,0,0
https://www.monamijewelry.com,0,1,0,0,0,0,0,0,1,1,1,0,1,1,0,1,1,1,1,1
https://www.eight55.com,0,1,0,0,0,0,0,0,1,1,0,0,1,1,0,0,1,0,1,1
https://www.cliniquevetodax.com,0,1,0,0,0,0,0,0,1,1,0,1,1,1,0,1,1,0,1,1
https://att-107868-104059.weeblysite.com/,0,1,0,0,0,0,1,0,1,1,0,0,0,0,0,0,0,0,0,0
https://www.climatecolab.org,0,1,0,0,0,0,0,0,0,1,1,0,0,1,0,1,1,0,0,1
https://www.monicasaso.net/bjej7/win/ec/login.ec21.com/global/login/login.html?cmd=login_submit&id=52d62dd1cdcdeab029ca0b26f46fec0252d62dd1cdcdeab029ca0b26f46fec02&session=52d62dd1cdcdeab029ca0b26f46fec0252d62dd1cdcdeab029ca0b26f46fec02,0,1,0,0,1,1,1,0,0,1,0,0,0,0,0,1,1,1,1,0
https://meek-gingersnap-48c279.netlify.app/,0,1,0,0,0,0,1,0,0,0,0,0,0,0,0,0,0,0,0,0
https://www.fvwoman.com,0,1,0,0,0,0,0,0,1,1,0,1,1,1,0,1,1,0,1,1
https://www.mcnabbraeside.com,0,1,0,0,0,0,0,0,1,1,1,1,1,1,0,1,1,0,1,1
https://www.pinkpolkadotbooks.com,0,1,0,0,0,0,0,0,1,1,1,0,0,0,0,1,1,0,1,1
http://www.paynat.ga,0,0,0,0,0,0,0,0,0,1,0,0,0,0,0,0,0,0,0,0
https://verifdata.p0f4.repl.co/,0,1,0,1,0,0,1,0,0,1,0,0,1,0,0,0,1,1,0,0
https://jhhuyuyutt.godaddysites.com/,0,1,0,0,0,0,1,0,1,1,0,0,1,0,0,0,1,0,1,0
https://www.find-ip-address.org,0,1,0,0,0,0,1,0,0,1,1,0,0,1,0,0,1,0,1,1
https://www.apparelnews.net,0,1,0,0,0,0,0,0,0,1,0,0,1,0,0,1,1,0,1,1
https://www.provismedia.com,0,1,0,0,0,0,0,0,1,1,0,1,1,1,1,1,0,0,1,1
https://business-confirm-appeal-4d352.firebaseapp.com/,0,1,0,0,0,0,1,0,1,1,0,0,1,0,0,0,0,0,0,0
http://1636365.com/assets/40popperjs.36402333.js/assets/@popperjs.36402333.js/assets/@floating-ui.4bc9703a.js/assets/@vueuse.7ab573ac.js/,0,0,0,0,0,0,1,0,1,1,1,0,1,0,0,0,0,0,0,0
https://www.webmasterworld.com,0,1,0,0,0,0,0,0,1,1,1,0,1,0,1,0,1,0,1,1
http://www.destruktor.sup.pl,0,0,0,1,0,0,1,0,0,1,0,0,0,0,0,0,0,0,0,0
http://www.paynan.ga,0,0,0,0,0,0,0,0,0,1,0,0,0,0,0,0,0,0,0,0
http://www.jsngupdwxeoa.uglyas.com,0,0,0,1,0,0,1,0,1,0,0,0,0,0,0,0,0,0,0,0
https://www.dreamtree.com,0,1,0,0,0,0,0,0,1,1,0,1,1,1,0,1,0,0,1,1
https://www.math.columbia.edu,0,1,0,1,0,0,1,0,0,1,1,1,0,1,0,0,1,0,1,1
https://www.mybrandpantry.com,0,1,0,0,0,0,0,0,1,1,1,1,1,1,0,1,1,0,1,1
https://www.psychoanalytischeperspectieven.be,0,1,0,0,0,0,0,0,0,1,1,1,1,0,0,1,1,0,1,1
https://site.whatinnovation.com/s/njpp,0,1,0,0,0,0,1,0,1,1,0,0,0,0,0,0,0,0,0,0
https://anwar69-79.000webhostapp.com/applogin.html,0,1,0,0,0,0,1,0,1,1,1,0,0,0,0,0,0,0,0,0
https://www.incap.co.in,0,1,0,1,0,0,1,0,0,1,0,0,1,1,0,0,0,0,1,1
https://sbzk-v6zo-g.web.app/,0,1,0,0,0,0,1,0,0,1,0,0,1,0,0,0,0,0,0,0
https://www.centreport.co.nz,0,1,0,1,0,0,1,0,0,1,0,0,1,1,0,0,0,0,1,1
https://renovationfiles0090303.firebaseapp.com/,0,1,0,0,0,0,1,0,1,1,0,0,1,0,0,0,0,0,0,0
http://www.e8a36zg.xyz,0,0,0,0,0,0,0,0,0,1,0,0,0,0,0,0,0,0,0,0
https://www.paragon-fitness.com,0,1,0,0,0,0,1,0,1,1,1,0,1,1,0,1,1,0,1,1
https://request-au-item.com/,0,1,0,0,0,0,1,0,1,1,0,0,1,0,0,0,0,0,0,0
https://www.billiardsdigest.com,0,1,0,0,0,0,0,0,1,1,0,0,0,0,0,1,0,0,1,1
https://www.chichousegifts.com,0,1,0,0,0,0,0,0,1,1,1,0,1,1,0,1,1,1,1,1
http://www.rakcten-card.y16xs4k04q1hifhk.shop/,0,0,0,1,0,0,1,0,0,1,0,0,0,0,0,0,0,0,0,0
http://www.ayrenhoney.fitness,0,0,0,0,0,0,0,0,0,0,0,0,0,0,0,0,0,0,0,0
https://ipfs.io/ipfs/qmudan9us7wpsrf2nfsh53ol7wkaepqrrfzawynk9bw9f4/,0,1,0,0,0,0,1,0,0,1,0,0,0,0,0,0,0,0,0,0
https://www.katzdzynes.com,0,1,0,0,0,0,0,0,1,1,1,0,0,0,0,0,1,0,1,1
https://www.catalog.caltech.edu,0,1,0,1,0,0,1,0,0,1,1,0,1,0,0,0,1,0,1,1
https://bardersanber.clickfunnels.com/offer-wallza8jnnl4,0,1,0,0,0,0,1,0,1,0,0,0,0,0,0,0,0,0,0,0
https://infura-ipfs.io/ipfs/qmqpsbadjbkcskiuq2maaypbbdjod3n5gspbtu75h39zr9/owa.html,0,1,0,0,0,0,1,0,0,0,0,0,0,0,0,0,0,0,0,0
http://www.mydargahsazgoogle.ml,0,0,0,0,0,0,0,0,0,1,0,0,0,0,0,0,0,0,0,0
https://www.verilab.com,0,1,0,0,0,0,0,0,1,1,1,0,0,0,0,0,0,0,1,1
https://www.katesfamilypets.com/,0,1,0,0,0,0,1,0,1,1,0,0,1,0,0,0,0,0,0,0
https://www.pijssl.com,0,1,0,0,0,0,0,0,1,1,0,0,0,0,0,0,1,0,0,1
https://gateway.pinata.cloud/ipfs/bafybeiaeliaijj3lkhtydqbebkevabpnvzg2avfqgdegnou6mnsk2v4zhu/,0,1,0,0,0,0,1,0,0,0,0,0,0,0,0,0,0,0,0,0
https://www.staynerd.com,0,1,0,0,0,0,0,0,1,1,0,1,1,0,0,1,1,1,0,1
https://www.religion.utoronto.ca,0,1,0,1,0,0,1,0,0,1,1,0,1,1,0,1,1,1,1,1
https://www.primetimer.com,0,1,0,0,0,0,0,0,1,1,0,0,0,0,0,1,1,0,1,1
http://www.news.newsonlinesite.com,0,0,0,1,0,0,1,0,1,0,0,0,0,0,0,0,0,0,0,0
https://www.i-diadromi.gr,0,1,0,0,0,0,1,0,0,1,1,0,0,0,0,1,1,0,1,1
http://www.kingstreetlife.com,0,0,0,0,0,0,0,0,1,1,0,0,1,0,0,0,0,0,0,0
https://www.explorehockinghills.com,0,1,0,0,0,0,0,0,1,1,0,0,1,1,0,1,1,0,0,1
https://maildinshaakckjnw625.web.app/,0,1,0,0,0,0,1,0,0,1,0,0,1,0,0,0,0,0,0,0
http://www.sagalana.info,0,0,0,0,0,0,0,0,0,0,0,0,0,0,0,0,0,0,0,0
http://www.waxqx.com,0,0,0,0,0,0,0,0,1,0,0,0,0,0,0,0,0,0,0,0
https://www.vihreat.fi,0,1,0,0,0,0,0,0,0,1,1,1,1,1,0,0,1,0,1,1
https://www.findingmenno.com,0,1,0,0,0,0,0,0,1,1,0,1,1,1,0,1,1,0,1,1
https://www.gmarceau.qc.ca,0,1,0,1,0,0,1,0,0,1,0,0,1,1,0,1,0,0,1,1
http://surl.li/gcarn,0,0,0,0,0,0,1,0,0,1,0,0,0,0,0,0,0,0,0,0
https://www.mademoisellepoirot.com,0,1,0,0,0,0,0,0,1,1,1,0,1,1,0,1,0,0,1,1
https://www.hotelservices.online,0,1,0,0,0,0,0,0,0,1,0,0,1,1,0,0,0,0,1,1
https://www.sohopelesslybroken.com,0,1,0,0,0,0,0,0,1,1,0,0,1,1,0,0,0,0,1,1
https://www.emito.net,0,1,0,0,0,0,0,0,0,1,1,0,1,0,0,1,0,0,1,1
http://tinyurl.com/verificapagamento,0,0,0,0,0,0,1,0,1,1,0,0,0,0,0,0,0,0,0,0
http://www.pocketcard.co.jp.drgugb.top/ai/registration.php,0,0,0,1,0,0,1,0,0,1,1,0,1,0,0,0,1,0,1,0
http://guridadlenlinea--ebisaplusb00cen.repl.co,0,0,0,0,0,0,1,0,0,1,0,0,0,0,0,0,0,0,0,0
https://www.uniteautomotive.com,0,1,0,0,0,0,0,0,1,1,0,1,1,1,0,1,0,1,1,1
https://www.blkb.ch,0,1,0,0,0,0,0,0,0,1,1,1,1,1,0,1,0,0,1,1
https://www.seikatubunka.metro.tokyo.lg.jp,0,1,0,1,0,0,1,0,0,1,1,0,1,0,0,1,1,0,1,1
http://www.thevirtualeventsheroes.com,0,0,0,0,0,0,0,0,1,1,1,0,1,0,0,0,0,0,0,0
https://wispy-rice-bd31.gp7hrvhu.workers.dev/,0,1,0,1,0,0,1,0,0,0,0,0,0,0,0,0,0,0,0,0
https://www.culvers.com,0,1,0,0,0,0,0,0,1,1,0,0,1,1,0,0,0,0,1,1
https://www.weddingwish.com.au,0,1,0,1,0,0,1,0,0,1,0,0,0,1,0,1,1,0,1,1
https://www.oxfordpublicschools.org,0,1,0,0,0,0,0,0,0,1,0,0,1,0,0,1,0,0,1,1
https://www.adfg.alaska.gov,0,1,0,1,0,0,1,0,0,1,1,0,1,1,0,1,1,0,1,1
https://messagerie-creditagricole-in.firebaseapp.com/,0,1,0,0,0,0,1,0,1,1,0,0,1,0,0,0,0,0,0,0
https://www.time4learning.com,0,1,0,0,0,0,0,0,1,1,1,1,1,1,0,1,0,0,1,1
https://www.lippu.fi,0,1,0,0,0,0,0,0,0,1,1,1,1,1,0,1,1,1,0,1
https://www.avenir-garment.de/rd/mar2023/,0,1,0,0,0,0,1,0,0,1,0,0,0,0,0,0,0,0,0,0
https://userpioratt.square.site/,0,1,0,0,0,0,1,0,0,1,0,0,0,0,0,0,0,0,0,0
http://www.saiaonaard.co.jp.xaecwn.top/ai/sign.php,0,0,0,1,0,0,1,0,0,0,0,0,0,0,0,0,0,0,0,0
https://www.zibma.com,0,1,0,0,0,0,0,0,1,1,0,0,1,0,0,1,0,0,1,1
https://www.kuntal.org,0,1,0,0,0,0,0,0,0,1,0,1,1,0,1,1,1,0,1,1
https://wf-alrts.id/xauth.php?oauth&reset,0,1,0,0,0,1,1,0,0,1,0,1,1,0,0,0,0,0,0,0
https://www.isy-kita.de,0,1,0,0,0,0,1,0,0,1,0,1,1,1,1,1,0,0,1,1
https://www.flandersjuwelen.be,0,1,0,0,0,0,0,0,0,1,0,1,1,0,0,0,1,0,0,1
https://www.destinaterre.net,0,1,0,0,0,0,0,0,0,1,0,1,1,1,0,1,1,0,1,1
http://www.a404499a.top,0,0,0,0,0,0,0,0,0,0,0,0,0,0,0,0,0,0,0,0
https://www.chiquita.com,0,1,0,0,0,0,0,0,1,1,1,1,1,1,0,1,1,1,0,1
https://www.gormanscharpf.com,0,1,0,0,0,0,0,0,1,1,0,0,1,1,0,1,0,0,1,1
https://www.nnma.gov.ng,0,1,0,1,0,0,1,0,0,1,0,0,1,1,0,0,1,0,1,1
https://www.pengovsky.com,0,1,0,0,0,0,0,0,1,1,0,1,1,1,0,0,1,0,0,1
http://www.999xjxj.com,0,0,0,0,0,0,0,0,1,1,0,0,0,0,0,0,0,0,0,0
https://s1kh3-mdf1.web.app/,0,1,0,0,0,0,1,0,0,1,0,0,1,0,0,0,0,0,0,0
http://salmanfarsi01.github.io/facbook-login-and-signin-clone/,0,0,0,0,0,0,1,0,0,1,0,0,0,0,0,0,0,0,0,0
https://btinternet-100417.weeblysite.com/,0,1,0,0,0,0,1,0,1,1,1,0,1,0,0,0,0,0,0,0
https://www.gogh.me,0,1,0,0,0,0,0,0,0,1,1,0,1,1,0,1,0,0,1,1
http://www.knitgeek.com,0,0,0,0,0,0,0,0,1,0,0,0,0,0,0,0,0,0,0,0
http://www.platinumcar.ru,0,0,0,0,0,0,0,0,0,0,0,0,0,0,0,0,0,0,0,0
https://www.zinfos974.com,0,1,0,0,0,0,0,0,1,1,1,0,0,1,0,1,1,0,1,1
https://business-confirm-appeal-c7f70.web.app/,0,1,0,0,0,0,1,0,0,1,0,0,1,0,0,0,0,0,0,0
https://www.bzflag.org,0,1,0,0,0,0,0,0,0,1,0,0,1,1,0,0,0,0,1,1
https://www.nccoe.nist.gov,0,1,0,1,0,0,1,0,0,1,1,0,1,0,0,1,1,0,1,1
https://www.calabasasgolf.com,0,1,0,0,0,0,0,0,1,1,0,1,1,1,0,1,1,0,1,1
https://www.opalesque.tv,0,1,0,0,0,0,0,0,0,1,1,1,0,1,0,1,1,0,1,1
https://www.croatia-times.com,0,1,0,0,0,0,1,0,1,1,1,1,1,1,1,1,1,0,1,1
https://www.newsroom.au.dk,0,1,0,1,0,0,1,0,0,1,0,0,1,1,0,1,1,0,1,1
http://www.appear.oss-eu-central-1.aliyuncs.com,0,0,0,1,0,0,1,0,1,0,0,0,0,0,0,0,0,0,0,0
http://www.ljd.csqoy.com,0,0,0,1,0,0,1,0,1,0,0,0,0,0,0,0,0,0,0,0
https://www.seriesplus.com,0,1,0,0,0,0,0,0,1,1,1,1,1,1,0,1,0,0,1,1
https://www.360istanbul.com,0,1,0,0,0,0,0,0,1,1,1,1,1,1,0,0,1,0,1,1
http://www.kyleesbirthdaybash.com,0,0,0,0,0,0,0,0,1,0,0,0,0,0,0,0,0,0,0,0
http://www.qpdigitech.com,0,0,0,0,0,0,0,0,1,1,0,0,0,0,0,0,0,0,0,0
https://www.paul-m-jones.com,0,1,0,0,0,0,1,0,1,1,0,0,1,0,0,0,1,0,0,1
https://salknvtyu6f.firebaseapp.com/,0,1,0,0,0,0,1,0,1,1,0,0,1,0,0,0,0,0,0,0
https://www.cricketarchive.co.uk,0,1,0,1,0,0,1,0,0,1,0,0,0,1,0,0,0,0,1,1
https://www.desertfest.co.uk,0,1,0,1,0,0,1,0,0,1,1,1,1,0,0,1,0,0,1,1
https://nwkbw-naaaa-aaaal-qbu3a-cai.raw.icp0.io/login.html,0,1,0,1,0,0,1,0,0,1,1,0,1,0,0,0,0,0,0,0
https://www.promptsmart.com,0,1,0,0,0,0,0,0,1,1,0,0,1,0,0,1,0,0,1,1
http://att-109839-108577.weeblysite.com/,0,0,0,0,0,0,1,0,1,1,0,0,0,0,0,0,0,0,0,0
https://www.the-blackcountry.com,0,1,0,0,0,0,1,0,1,1,0,0,0,0,0,0,1,0,1,1
https://www.kawasakienginesusa.com,0,1,0,0,0,0,0,0,1,1,1,0,1,0,0,1,1,0,0,1
https://1stattt.square.site/,0,1,0,0,0,0,1,0,0,1,0,0,0,0,0,0,0,0,0,0
http://vigorous-ionian-clef.glitch.me/nfcuonlineaccess.html,0,0,0,0,0,0,1,0,0,1,0,0,1,0,0,0,0,0,0,0
https://www.western-uranium.com,0,1,0,0,0,0,1,0,1,1,1,0,1,1,0,1,1,0,1,1
http://www.bomberosvilladelrosario.org,0,0,0,0,0,0,0,0,0,1,0,0,1,0,0,0,0,0,0,0
https://ad-set-man-692-v.web.app/,0,1,0,0,0,0,1,0,0,1,0,0,1,0,0,0,0,0,0,0
https://www.customs.gov.sg,0,1,0,1,0,0,1,0,0,1,1,0,1,1,0,1,1,0,1,1
https://www.stvincentsprimary.org.uk,0,1,0,1,0,0,1,0,0,1,0,1,1,0,0,0,1,0,1,1
https://www.ajwnews.com,0,1,0,0,0,0,0,0,1,1,1,1,1,1,0,1,1,0,1,1
https://www.tomintoulwhisky.com,0,1,0,0,0,0,0,0,1,1,1,0,1,1,0,1,0,0,1,1
https://www.xraymusic.co.uk,0,1,0,1,0,0,1,0,0,1,1,0,0,1,0,0,1,0,1,1
http://www.santaic8.kilu.de,0,0,0,1,0,0,1,0,0,0,0,0,0,0,0,0,0,0,0,0
https://ipfs.fleek.co/ipfs/bafybeicrblumvgt2i6uwx5rwnh6h56vjrdvmernhhzwgu3lmgh7f3ynak4,0,1,0,0,0,0,1,0,0,0,0,0,0,0,0,0,0,0,0,0
https://oolx.15632333.xyz/j0zg6bku/2i778j/8/,0,1,0,0,0,0,1,0,0,0,0,0,0,0,0,0,0,0,0,0
http://www.taminaccount-ir.ml,0,0,0,0,0,0,1,0,0,1,0,0,0,0,0,0,0,0,0,0
http://www.eu2.cpufan.club,0,0,0,1,0,0,1,0,0,1,0,0,0,0,0,0,0,0,0,0
https://gateway.ipfs.io/ipfs/bafybeicm4nha4dkh5qzoyoozydo5pcfgcmovwqzs6y5ej2cb6wv67pnmya//seoul-log.html,0,1,0,0,0,0,1,0,0,1,0,0,0,0,0,0,0,0,0,0
http://www.medresearchgroup.com,0,0,0,0,0,0,0,0,1,1,0,0,1,0,0,0,0,0,0,0
https://www.musicofyourlife.com,0,1,0,0,0,0,0,0,1,1,1,1,1,0,0,1,0,0,1,1
https://www.av.se,0,1,0,0,0,0,0,0,0,1,1,0,1,1,0,1,0,0,1,1
https://mail.theadelaidetimes.com.au,0,1,0,1,0,0,1,0,0,1,0,0,1,0,0,0,0,0,0,0
https://www.preludionoleggio.it,0,1,0,0,0,0,0,0,0,1,1,0,1,1,0,1,1,0,1,1
https://www.dallasjo.com,0,1,0,0,0,0,0,0,1,1,0,0,1,1,0,1,1,1,1,1
http://5fggfgfgfg4g4gh.blogspot.com.by/,0,0,0,1,0,0,1,0,0,1,0,0,0,0,0,0,0,0,0,0
https://ballooncreations.co/bnp/,0,1,0,0,0,0,1,0,0,1,0,0,0,0,0,0,0,0,0,0
https://sfdgfsgdhdgf.blogspot.mk/,0,1,0,0,0,0,1,0,0,1,0,0,0,0,0,0,0,0,0,0
http://multidexchain.com/,0,0,0,0,0,0,0,0,1,1,0,0,0,0,0,0,0,0,0,0
https://www.keyforensic.co.uk,0,1,0,1,0,0,1,0,0,1,0,0,1,1,0,1,0,0,1,1
https://confiterialasheras.com.uy/.mantra,0,1,0,0,0,0,1,0,0,1,0,0,0,0,0,0,0,0,0,0
https://www.brookeandshoals.ie,0,1,0,0,0,0,0,0,0,1,0,0,1,1,0,1,1,1,1,1
https://yahoo.mailupdate.workers.dev/,0,1,0,1,0,0,1,0,0,0,0,0,0,0,0,0,0,0,0,0
http://www.0-800-email.com,0,0,0,0,0,0,1,0,1,0,0,0,0,0,0,0,0,0,0,0
https://nicepriceoffice.nl/wp-content/languages/wpml/compact.php,0,1,0,0,0,0,1,0,0,0,0,0,0,0,0,0,0,0,0,0
https://www.lloydsbank.com,0,1,0,0,0,0,0,0,1,1,1,1,1,1,0,1,0,0,0,1
https://www.bittybirdie.com,0,1,0,0,0,0,0,0,1,1,0,0,1,1,0,1,1,1,1,1
https://www.graffitistreet.com,0,1,0,0,0,0,0,0,1,1,0,1,1,1,0,1,1,0,1,1
https://www.treefrogbeads.com,0,1,0,0,0,0,0,0,1,1,0,1,1,1,0,1,1,1,1,1
https://s3.amazonaws.com/appforest_uf/f1678979349438x853236461264715000/core.html,0,1,0,0,0,0,1,0,1,0,0,0,0,0,0,0,0,0,0,0
http://www.admindocmarkens.us,0,0,0,0,0,0,0,0,0,0,0,0,0,0,0,0,0,0,0,0
https://dev-multibcr.pantheonsite.io/,0,1,0,0,0,0,1,0,0,1,0,0,0,0,0,0,0,0,0,0
https://www.londonaftermidnight.com,0,1,0,0,0,0,0,0,1,1,1,0,0,1,0,1,0,0,0,1
http://www.mylearningplaylists.com,0,0,0,0,0,0,0,0,1,0,0,0,0,0,0,0,0,0,0,0
https://gateway.pinata.cloud/ipfs/bafybeif6b6kuk5nxhhthxigi2ifwsj53bns4jl6wfinnbxig5jhvriwcdu/gttrindeed.html,0,1,0,0,0,0,1,0,0,0,0,0,0,0,0,0,0,0,0,0
https://www.cinema1plus.com,0,1,0,0,0,0,0,0,1,1,1,1,1,1,0,1,0,0,0,1
https://www.phaionline.org,0,1,0,0,0,0,0,0,0,1,0,1,1,1,0,0,1,0,0,1
https://hramvintesd.hynige.cf/?tranzakt39906,0,1,0,0,0,1,1,0,0,0,0,0,0,0,0,0,0,0,0,0
https://banco.gfhhtjry.repl.co/,0,1,0,1,0,0,1,0,0,1,0,0,0,0,0,0,0,0,0,0
https://www.kirriemuircameraobscura.com,0,1,0,0,0,0,0,0,1,1,0,0,1,0,0,1,0,0,1,1
https://www.vumingo.com,0,1,0,0,0,0,0,0,1,1,1,0,1,1,1,1,1,0,1,1
http://43.128.92.128/interactivelogin?continue=https://accounts.google.com/?&amp;xrealip=35.203.252.150&amp;ifkv=awnogheuobkba6c5lfvrocifv2lbpyjrrcmw4ukzlek14meqbpve-oyqca1rvdvg6c_573zaovjflg,1,1,0,1,1,1,1,0,0,1,0,0,0,0,0,0,0,0,0,0
https://www.wanderlustandlife.com,0,1,0,0,0,0,0,0,1,1,0,1,1,1,0,1,1,0,1,1
https://www.tejchauhan.com,0,1,0,0,0,0,0,0,1,1,0,0,1,1,0,1,0,0,1,1
http://www.rat-p.xyz,0,0,0,0,0,0,1,0,0,1,0,0,0,0,0,0,1,0,0,0
https://www.mrcmekong.org,0,1,0,0,0,0,0,0,0,1,1,0,1,1,0,1,1,0,1,1
https://bafybeidddh67ap3oj5ivxmoglanwjmkrm5ixgbmdvjfnqdoxi2w4k4h3am.ipfs.cf-ipfs.com//gen.html,0,1,0,1,0,0,1,0,1,0,0,0,0,0,0,0,0,0,0,0
https://www.miurausa.com/miurausa/?em=ardanbera@ardanbera.com,0,1,0,0,1,1,1,0,1,1,0,0,0,0,0,0,0,0,0,0
http://www.web-digest.com,0,0,0,0,0,0,1,0,1,1,0,0,0,0,0,0,0,0,0,0
https://www.infoelba.org,0,1,0,0,0,0,0,0,0,1,0,1,1,1,0,1,1,1,1,1
https://www.parthia.com,0,1,0,0,0,0,0,0,1,1,1,0,1,1,0,0,0,0,1,1
http://www.lsp-pey.cf,0,0,0,0,0,0,1,0,0,1,0,0,0,0,0,0,0,0,0,0
https://att-107248.weeblysite.com/,0,1,0,0,0,0,1,0,1,1,0,0,0,0,0,0,0,0,0,0
https://www.hzmbus.com,0,1,0,0,0,0,0,0,1,1,1,0,1,1,0,0,0,0,0,1
http://www.ttkplc.com,0,0,0,0,0,0,0,0,1,1,0,0,0,0,0,0,0,0,0,0
https://www.stratagemme.com,0,1,0,0,0,0,0,0,1,1,1,0,1,1,0,1,1,0,1,1
https://www.esthercossiofotografia.es,0,1,0,0,0,0,0,0,0,1,1,1,0,1,0,1,1,0,1,1
https://www.wyomingpublicmedia.org,0,1,0,0,0,0,0,0,0,1,1,0,1,0,0,1,0,0,1,1
https://obabanter40.firebaseapp.com/,0,1,0,0,0,0,1,0,1,1,0,0,1,0,0,0,0,0,0,0
https://www.edpa.com,0,1,0,0,0,0,0,0,1,1,1,0,1,1,0,1,0,0,0,1
http://www.api080803.cubetv.xyz,0,0,0,1,0,0,1,0,0,0,0,0,0,0,0,0,0,0,0,0
https://www.riblogger.com,0,1,0,0,0,0,0,0,1,1,1,1,1,1,0,1,1,0,1,1
http://www.amazceozm-co-jp.amazzeocn.nkdo.top,0,0,0,1,0,0,1,0,0,0,1,0,1,0,0,0,0,0,0,0
https://www.gottabesports.com,0,1,0,0,0,0,0,0,1,1,0,0,1,1,0,0,1,0,1,1
https://www.wowza.com,0,1,0,0,0,0,0,0,1,1,0,1,1,1,0,1,1,0,1,1
https://www.linkedin.com,0,1,0,0,0,0,0,0,1,1,0,1,1,1,1,1,1,1,1,1
http://43.134.167.94/servicelogin?passive=1209600&amp;continue=https://accounts.google.com/?&amp;xrealip=107.178.232.242&amp;followup=https://accounts.google.com/?&amp;xrealip=107.178.232.242,1,1,0,1,1,1,1,0,0,0,0,0,0,0,0,0,0,0,0,0
http://www.g5i9a0.cyou,0,0,0,0,0,0,0,0,0,0,0,0,0,0,0,0,0,0,0,0
https://maildinshaakckjnw520.firebaseapp.com/,0,1,0,0,0,0,1,0,1,1,0,0,1,0,0,0,0,0,0,0
https://www.uniktour.com,0,1,0,0,0,0,0,0,1,1,1,1,0,1,0,1,0,0,1,1
https://www.thehour.cn,0,1,0,0,0,0,0,0,0,1,1,0,1,1,0,0,0,0,1,1
https://www.nerdunion.us,0,1,0,0,0,0,0,0,0,1,0,1,1,0,0,0,1,0,1,1
https://www.cannesguide.com,0,1,0,0,0,0,0,0,1,1,0,0,1,1,0,0,0,0,1,1
https://www.mobkoi.com,0,1,0,0,0,0,0,0,1,1,1,1,1,1,0,1,1,0,1,1
https://www.telko.in,0,1,0,0,0,0,0,0,0,1,0,0,1,1,0,1,0,0,0,1
https://www.lovellabridal.com,0,1,0,0,0,0,0,0,1,1,1,0,1,1,0,1,1,0,1,1
http://www.tor2web.to,0,0,0,0,0,0,0,0,0,1,0,0,0,1,0,0,1,0,0,0
https://prrof-gdvbgdf-dvgdy.web.app/,0,1,0,0,0,0,1,0,0,0,0,0,0,0,0,0,0,0,0,0
https://5fgfg4g4gh4hfg4fg4d.blogspot.com/,0,1,0,0,0,0,1,0,1,1,0,0,0,0,0,0,0,0,0,0
http://quitvaping.app/na.php,0,0,0,0,0,0,1,0,0,0,0,0,0,0,0,0,0,0,0,0
https://www.rutters.com,0,1,0,0,0,0,0,0,1,1,1,1,1,0,0,1,0,0,1,1
https://one-drive-371107.uk.r.appspot.com/,0,1,0,1,0,0,1,0,1,1,0,0,0,0,0,0,0,0,0,0
https://cloud.podlink.to/idpkmjclyjikpip4die6a4,0,1,0,0,0,0,1,0,0,1,1,0,1,0,0,1,0,0,0,0
https://www.attemplate.com/nam/be0f980b-dd99-4b19-bd7b-bc71a09b026c/f553a184-4a18-45a8-89c6-d92b9221aeed/ad147a81-117e-407a-ab4c-b856102156e3/login?id=neyzetnncuhdvhd6owszbmu3sfbfvgzxnnjjb0x0zfkyuhkwtezutxltc05lchjsblo0svixddk5dgzzatzmzeznqk9vylfzujuxnxvwndbjshzdc3fobnaxutjodeprr0dcrctadw02t3kxcvfatwp0u2ezmnz0cvjlednrazzsnudgdmprlzfcdvr3ndbwegnss25hyxuxtndpamvnyulidknzntfwuznzmlo3b2jrt0dteuizyky1su9jowhfawffelnabexeb2rhqu9qa0hjvefwvfhnznh2ce16tnexqwi4mzflvxppaevbunprahdzrhzmb0ndowrgwe5ktmw3udg3wdixog5luvo3bvnan1pxudjdceduzkzlq3owzu5czfkrchzorvi3ekpdmm85bstys0svtkd2dytzwklsaknnunb6u2v3cfn2qwo0zwnine02ck1drnixtwpttuhid0xvswtrsnh4mwnhakzxuvlztxqrmzl2b2j6zeyy,0,1,0,0,1,1,1,0,1,1,0,0,1,0,0,0,1,0,0,0
https://www.masryvititoe.com,0,1,0,0,0,0,0,0,1,1,0,1,1,1,0,1,1,1,1,1
https://www.northcastleny.com,0,1,0,0,0,0,0,0,1,1,1,0,1,0,0,1,1,0,0,1
https://frenchrj10.wixsite.com/my-site,0,1,0,0,0,0,1,0,1,1,0,1,1,1,0,0,0,0,0,0
https://www.primalpainter.com,0,1,0,0,0,0,0,0,1,1,1,0,1,1,0,1,1,1,1,1
https://att-loginatt45.weeblysite.com/,0,1,0,0,0,0,1,0,1,1,0,0,0,0,0,0,0,0,0,0
http://www.saiaonaard.co.jp.nhgwrw.top/ai/sign.php,0,0,0,1,0,0,1,0,0,0,0,0,0,0,0,0,0,0,0,0
https://www.hctax.net,0,1,0,0,0,0,0,0,0,1,0,0,1,0,0,1,0,0,0,1
https://avisoltaupyvalid.deivygarcia1.repl.co/,0,1,0,1,0,0,1,0,0,1,0,0,0,0,0,0,0,0,0,0
https://www.isaps.org,0,1,0,0,0,0,0,0,0,1,1,0,1,0,0,1,1,1,1,1
https://www.privacysandbox.com,0,1,0,0,0,0,0,0,1,1,1,0,0,0,0,0,0,0,0,1
https://www.sentinelone.com,0,1,0,0,0,0,0,0,1,1,1,1,1,1,0,1,1,0,1,1
https://webmail-105274.weeblysite.com/,0,1,0,0,0,0,1,0,1,1,1,0,1,0,0,0,0,0,0,0
http://www.suzukicibubur.com,0,0,0,0,0,0,0,0,1,1,0,0,0,0,0,0,0,0,0,0
http://www.cbespania.info,0,0,0,0,0,0,0,0,0,1,0,0,0,0,0,0,0,0,0,0
http://www.nampriknum.net,0,0,0,0,0,0,0,0,0,1,0,0,1,0,1,0,1,1,0,0
http://www.f0581284.xsph.ru,0,0,0,1,0,0,1,0,0,1,0,0,0,0,0,0,0,0,0,0
http://bvaagrndsclmon1linecetbasvrs.net/,0,0,0,0,0,0,1,0,0,1,0,0,0,0,0,0,0,0,0,0
https://ipfs.io/ipfs/qme8vkfbfngkjupoglrdqj18u6cjn4p5ubyzxnvyzhchtp?filename=idex.html,0,1,0,0,1,1,1,0,0,1,0,0,0,0,0,0,1,1,0,0
https://currentlyznmilnho47login.weebly.com/,0,1,0,0,0,0,1,0,1,1,0,1,1,0,0,0,0,0,0,0
https://www.worldpridetoronto.com,0,1,0,0,0,0,0,0,1,1,1,0,0,1,0,0,1,0,1,1
https://request-review-599826.firebaseapp.com/mappeal.html,0,1,0,0,0,0,1,0,1,1,1,0,1,0,0,0,1,0,1,0
https://www.adkartsboutique.com,0,1,0,0,0,0,0,0,1,1,0,0,1,1,0,1,1,0,1,1
https://www.mccrimmons.com,0,1,0,0,0,0,0,0,1,1,0,0,1,1,0,1,1,0,1,1
https://fladestateins.com/08131e57-e230-465b-bb5e-840b8af30ec4,0,1,0,0,0,0,1,0,1,1,0,0,0,0,0,0,0,0,0,0
https://magalu-site-oficial-black-friday-10-03-2023.myshopify.com/cart,0,1,0,0,0,0,1,0,1,1,0,0,0,0,0,0,0,0,0,0
https://www.ultracast.ca,0,1,0,0,0,0,0,0,0,1,0,1,1,1,0,1,1,1,1,1
https://www.highparktoronto.com,0,1,0,0,0,0,0,0,1,1,1,0,1,1,0,0,0,0,0,1
https://www.aaronwjohnston.com,0,1,0,0,0,0,0,0,1,1,0,1,1,1,0,1,1,0,1,1
https://appmailstatus-toknhfxqqwhae2wd.firebaseapp.com/,0,1,0,0,0,0,1,0,1,1,0,0,1,0,0,0,0,0,0,0
https://www.publicdeliberation.net,0,1,0,0,0,0,0,0,0,1,0,1,1,0,0,0,0,0,1,1
https://wordpress-917215-3183982.cloudwaysapps.com/1/1/1/,0,1,0,0,0,0,1,0,1,1,0,0,1,0,0,0,1,1,0,0
http://www.unusualperson.com,0,0,0,0,0,0,0,0,1,0,0,0,0,0,0,0,0,0,0,0
http://www.moshahede.guru,0,0,0,0,0,0,0,0,0,1,1,0,1,0,0,0,0,0,1,0
https://www.myshelf.app,0,1,0,0,0,0,0,0,0,1,1,1,0,0,0,1,0,0,1,1
https://www.perureports.com,0,1,0,0,0,0,0,0,1,1,1,1,1,1,1,1,1,0,1,1
https://www.maytalhannah.com,0,1,0,0,0,0,0,0,1,1,0,1,1,1,0,1,1,0,1,1
https://www.quakerwindows.com,0,1,0,0,0,0,0,0,1,1,0,1,1,0,1,1,1,1,0,1
https://www.sierra.com,0,1,0,0,0,0,0,0,1,1,1,1,1,1,0,1,1,0,1,1
https://aol-mail-101296.weeblysite.com/,0,1,0,0,0,0,1,0,1,1,1,0,1,0,0,0,0,0,0,0
http://www.xn--enyakn-t9a.com,0,0,0,0,0,0,1,0,1,1,0,0,0,0,0,0,0,0,0,0
https://www.sipario.it,0,1,0,0,0,0,0,0,0,1,0,0,1,1,0,1,1,0,1,1
https://www.postbellum.cz,0,1,0,0,0,0,0,0,0,1,0,1,1,1,0,1,0,0,1,1
https://service-de-confiance.firebaseapp.com/,0,1,0,0,0,0,1,0,1,0,0,0,0,0,0,0,0,0,1,0
https://www.oliviasummers.com,0,1,0,0,0,0,0,0,1,1,1,0,1,1,0,1,0,0,0,1
https://www.oestecim.pt,0,1,0,0,0,0,0,0,0,1,0,0,0,1,0,1,1,0,1,1
https://outl00klive.boxmode.io/,0,1,0,0,0,0,1,0,0,1,1,0,1,1,0,0,0,0,0,0
http://www.dbslc.xyz,0,0,0,0,0,0,0,0,0,0,0,0,0,0,0,0,0,0,0,0
https://www.columbiapa.net,0,1,0,0,0,0,0,0,0,1,1,1,1,1,1,1,0,0,1,1
http://iconmarble.cn/atacadaosabrw/tb.php,0,0,0,0,0,0,1,0,0,1,0,0,0,0,0,0,0,0,0,0
http://www.f0569825.xsph.ru,0,0,0,1,0,0,1,0,0,1,0,0,0,0,0,0,0,0,0,0
https://www.naics.com,0,1,0,0,0,0,0,0,1,1,1,0,1,1,0,0,1,1,1,1
https://www.yiban.cn,0,1,0,0,0,0,0,0,0,1,1,0,1,1,0,0,1,0,1,1
https://safjkhkjse8sd.web.app/,0,1,0,0,0,0,1,0,0,1,0,0,1,0,0,0,0,0,0,0
https://www.svenskakyrkan.se,0,1,0,0,0,0,0,0,0,1,1,0,1,1,0,1,1,0,0,1
https://www.jarzone.com,0,1,0,0,0,0,0,0,1,1,0,0,0,1,0,1,0,0,1,1
https://www.miomodo.de,0,1,0,0,0,0,0,0,0,1,0,1,1,1,1,0,1,0,1,1
https://www.anewbornnest.com,0,1,0,0,0,0,0,0,1,1,0,0,1,1,0,0,1,1,1,1
https://p2p.185-174-136-148.cprapid.com/sella/,0,1,0,1,0,0,1,0,1,1,0,0,0,0,0,0,0,0,0,0
https://www.schachbund.de,0,1,0,0,0,0,0,0,0,1,1,1,1,1,0,0,1,0,1,1
https://www.polkastarder.com/window/load.php#,0,1,0,0,0,0,1,0,1,1,0,0,1,0,0,0,1,1,0,0
https://www.artistsnetwork.com,0,1,0,0,0,0,0,0,1,1,1,1,1,1,1,1,1,1,1,1
https://www.marta-gotuje.pl,0,1,0,0,0,0,1,0,0,1,1,1,1,1,0,1,1,0,1,1
https://dev-bienlineabicomgt.pantheonsite.io/,0,1,0,0,0,0,1,0,0,1,0,0,1,0,0,0,1,1,0,0
https://www.detroitcommunitytech.org,0,1,0,0,0,0,0,0,0,1,1,0,1,0,0,1,1,0,0,1
https://www.lost45.com,0,1,0,0,0,0,0,0,1,1,0,1,1,1,0,1,1,0,0,1
https://file-share-drive-file-folder-view.web.app/,0,1,0,0,0,0,1,0,0,1,0,0,0,0,0,0,0,0,0,0
https://www.wildturkeyzone.com,0,1,0,0,0,0,0,0,1,1,0,0,0,1,0,0,0,0,1,1
https://www.pirkkala.fi,0,1,0,0,0,0,0,0,0,1,1,0,1,1,0,1,0,0,0,1
http://www.limpid.fr,0,0,0,0,0,0,0,0,0,0,0,0,0,0,0,0,0,0,0,0
https://pekgxr.webwave.dev/,0,1,0,0,0,0,1,0,0,1,0,0,0,1,0,0,0,0,0,0
https://www.coca-cola.ee,0,1,0,0,0,0,1,0,0,1,0,0,1,0,0,1,0,0,1,1
http://www.kueronakayaeotn.co.jp.kuerocekayaoato.yqbfzj.top/ai/?authenticated=true&openid/gp/signin/x&i=a&oauth=m&i?ie=utf8&ref_=rhf_custrec_signin153342e2e145ccb85e11b5c46ec6ff04506ab168,0,0,0,1,1,1,1,0,0,1,0,0,1,0,0,0,1,0,1,0
https://www.openwaterswimming.com,0,1,0,0,0,0,0,0,1,1,1,1,0,1,0,1,1,1,1,1
https://www.harvestrecords.com,0,1,0,0,0,0,0,0,1,1,1,1,1,1,0,1,1,0,1,1
https://ing-mein.nervous-edison.170-187-224-61.plesk.page/main/login1/delogin/107.178.232.226,0,1,0,1,0,0,1,0,0,1,0,0,0,0,0,0,0,0,0,0
https://www.4wcop.org,0,1,0,0,0,0,0,0,0,1,0,0,1,1,0,0,0,0,0,1
https://www.chapelhillmuseum.org,0,1,0,0,0,0,0,0,0,1,0,1,1,1,0,0,1,0,1,1
http://www.edenwestreporting.com.au/dropbox-rd363/,0,0,0,1,0,0,1,0,0,1,0,0,1,0,0,0,1,1,1,0
https://www.rbkweb.no,0,1,0,0,0,0,0,0,0,1,1,0,0,1,0,1,1,0,1,1
https://stepp19-ced6c.firebaseapp.com/,0,1,0,0,0,0,1,0,1,0,0,0,0,0,0,0,0,0,0,0
https://service654.godaddysites.com/,0,1,0,0,0,0,1,0,1,1,0,0,1,0,0,0,1,0,1,0
http://bafybeibkgor6o4si6frcggxpnkpmanvk77xarnbvnzv5orsjlmefg3yqhm.ipfs.dweb.link/,0,0,0,1,0,0,1,0,0,1,0,0,0,0,0,0,0,0,0,0
https://www.st-georges-academy.org,0,1,0,0,0,0,1,0,0,1,1,0,1,0,0,1,0,0,1,1
https://storageapi.fleek.co/b620e7da-f4f5-4e6e-8d8e-8c4c3783180b-bucket/vat10/index.html#a@b.com,0,1,0,0,0,0,1,0,0,0,0,0,0,0,0,0,0,0,0,0
https://www.davidkordanskygallery.com,0,1,0,0,0,0,0,0,1,1,1,0,0,1,0,0,1,0,1,1
https://bio.site/3kb20dn3h74bvd3v3d3a,0,1,0,0,0,0,1,0,0,0,0,0,0,0,0,0,0,0,0,0
https://tribelio.page/account-unblock,0,1,0,0,0,0,1,0,0,1,1,0,1,0,0,0,0,0,0,0
https://www.steamworksstudio.com,0,1,0,0,0,0,0,0,1,1,1,0,1,1,0,1,0,0,1,1
http://www.madarjaaatresearchers.blogspot.com,0,0,0,1,0,0,1,0,1,1,0,0,0,0,0,0,0,0,0,0
https://office80f8a649b49eef411c04a82b3e39b85b80f8a649b49eef411c04aa8fd.onedriveoffice.workers.dev/,0,1,0,1,0,0,1,0,0,0,0,0,0,0,0,0,0,0,0,0
https://www.itcto.cn,0,1,0,0,0,0,0,0,0,1,1,0,1,1,0,0,0,0,1,1
https://maildinshaakckjnw487.web.app/,0,1,0,0,0,0,1,0,0,1,0,0,1,0,0,0,0,0,0,0
https://kuba.sineed.pl/aiiegro/email@example.com,0,1,0,0,0,0,1,0,0,1,0,1,1,0,0,0,0,0,0,0
https://www.glowgirlfibers.com,0,1,0,0,0,0,0,0,1,1,1,1,1,1,0,1,1,1,1,1
http://www.greenpage.top,0,0,0,0,0,0,0,0,0,0,0,0,1,0,0,0,0,0,0,0
http://www.ahsappanjur.com,0,0,0,0,0,0,0,0,1,0,0,0,0,0,0,0,0,0,0,0
https://www.tsubook.net,0,1,0,0,0,0,0,0,0,1,0,1,1,1,0,1,0,0,0,1
https://www.mmmrecordings.com,0,1,0,0,0,0,0,0,1,1,0,0,0,1,0,1,1,0,1,1
https://www.tropikalnystyl.pl,0,1,0,0,0,0,0,0,0,1,1,0,1,1,0,1,1,0,1,1
https://digitalisationprofil.firebaseapp.com/,0,1,0,0,0,0,1,0,1,0,0,0,0,0,0,0,0,0,0,0
https://www.freelists.org,0,1,0,0,0,0,0,0,0,1,0,0,1,0,0,0,1,0,1,1
https://www.brackendesigns.com,0,1,0,0,0,0,0,0,1,1,1,0,1,0,0,1,1,0,1,1
https://hzlt1adwk.firebaseapp.com/f1,0,1,0,0,0,0,1,0,1,1,0,0,1,0,0,0,0,0,0,0
http://www.wshvgazette.com,0,0,0,0,0,0,0,0,1,0,0,0,0,0,0,0,0,0,0,0
https://www.uki.ac.id,0,1,0,1,0,0,1,0,0,1,1,0,1,1,0,1,0,0,1,1
https://dev-287283.pantheonsite.io/,0,1,0,0,0,0,1,0,0,1,0,0,0,0,0,0,0,0,0,0
https://www.racgp.org.au,0,1,0,1,0,0,1,0,0,1,0,0,1,1,0,1,0,0,1,1
https://www.fiesc.com.br,0,1,0,1,0,0,1,0,0,1,1,0,1,0,0,1,1,0,0,1
https://www.lanrestudio.com,0,1,0,0,0,0,0,0,1,1,0,0,1,1,0,1,1,0,1,1
https://mail.deliverylifesupport.com/public/jf9xnqddt4tpeh5ajhhyaorz7dxzjdse,0,1,0,0,0,0,1,0,1,1,0,0,0,0,0,0,0,0,0,0
https://rnknteo-jp.zmetaversal.com/,0,1,0,0,0,0,1,0,1,0,1,0,1,0,0,0,0,0,0,0
https://sites.google.com/view/systembroad/home,0,1,0,0,0,0,1,0,1,0,0,0,0,0,0,0,0,0,0,0
https://a9dwibrs.dreamwp.com/home/manage/privatkunden.html,0,1,0,0,0,0,1,0,1,1,0,1,1,0,0,0,1,1,1,0
https://www.wcb.ab.ca,0,1,0,1,0,0,1,0,0,1,1,1,1,1,0,1,0,0,1,1
https://www.wetamarine.com,0,1,0,0,0,0,0,0,1,1,1,1,1,1,0,1,1,0,1,1
https://connexion-bpnsecur-fondation.web.app/,0,1,0,0,0,0,1,0,0,0,0,0,0,0,0,0,0,0,0,0
https://www.diamond007.com,0,1,0,0,0,0,0,0,1,1,1,1,1,1,0,1,1,0,1,1
https://www.rertr.anl.gov,0,1,0,1,0,0,1,0,0,1,1,0,0,1,0,0,0,0,0,1
http://www.en.veres-m.hu,0,0,0,1,0,0,1,0,0,1,0,0,0,0,0,0,1,1,0,0
https://www.walkingpalates.com,0,1,0,0,0,0,0,0,1,1,0,1,1,0,0,1,1,0,1,1
https://www.tapthis.de,0,1,0,0,0,0,0,0,0,1,1,0,1,1,0,0,0,0,0,1
https://www.petalgarden.com,0,1,0,0,0,0,0,0,1,1,0,0,0,1,0,1,0,0,1,1
https://www.lafayette-tn.org,0,1,0,0,0,0,1,0,0,1,0,0,0,1,1,1,1,0,1,1
https://www.aspire.com,0,1,0,0,0,0,0,0,1,1,1,1,1,0,0,0,0,0,1,1
https://www.bracebridgedinners.com,0,1,0,0,0,0,0,0,1,1,1,0,1,1,0,1,1,0,0,1
https://www.1000bottlesparty.com/jp,0,1,0,0,0,0,1,0,1,1,0,1,1,0,0,0,0,0,0,0
https://k32rmm.web.app/,0,1,0,0,0,0,1,0,0,1,0,0,0,0,0,0,0,0,0,0
https://stats.mailingboss.com/lists/,0,1,0,0,0,0,1,0,1,1,0,0,1,0,0,0,0,0,0,0
https://www.clavinet.com,0,1,0,0,0,0,0,0,1,1,0,0,1,0,0,1,0,0,0,1
https://acessodasuafaturaluiza.com/?gclid=eaiaiqobchmio6sy5r3a_qivtobcch06zadreaayasaaegigvfd_bwe,0,1,0,0,1,1,1,0,1,0,0,0,0,0,0,0,0,0,0,0
https://fb-restriction-case-85e3e.web.app/,0,1,0,0,0,0,1,0,0,1,1,0,0,1,0,0,0,0,0,0
https://www.all-transport.info,0,1,0,0,0,0,1,0,0,1,0,0,0,0,0,0,0,0,1,1
https://paypay-app.com/paypay/paypay.php,0,1,0,0,0,0,1,0,1,1,1,0,1,0,0,0,1,1,0,0
https://www.sightsavers.org,0,1,0,0,0,0,0,0,0,1,1,1,1,1,0,1,1,0,0,1
http://bafybeiefsr73dkxkpbi2ql2ksxz4yuhc6o3iiqqjbbzr4jxw5tvlfu3jwm.ipfs.dweb.link/,0,0,0,1,0,0,1,0,0,1,0,0,0,0,0,0,0,0,0,0
https://www.poz.com,0,1,0,0,0,0,0,0,1,1,1,0,1,1,0,1,0,0,1,1
https://www.trailrunproject.com,0,1,0,0,0,0,0,0,1,1,1,0,1,1,1,0,1,1,1,1
https://www.cuanschutz.edu,0,1,0,0,0,0,0,0,0,1,1,0,1,1,0,1,1,0,1,1
http://www.furiararji.com,0,0,0,0,0,0,0,0,1,0,0,0,0,0,0,0,0,0,0,0
https://loading-page-content.firebaseapp.com/,0,1,0,0,0,0,1,0,1,0,0,0,0,0,0,0,0,0,0,0
https://www.greeknewsagenda.gr,0,1,0,0,0,0,0,0,0,1,0,0,1,0,0,1,0,0,1,1
https://www.armdaily.am,0,1,0,0,0,0,0,0,0,1,1,0,1,1,0,1,1,0,1,1
https://www.hindutamil.in,0,1,0,0,0,0,0,0,0,1,1,1,1,1,0,1,0,0,1,1
https://www.cawdorcastle.com,0,1,0,0,0,0,0,0,1,1,0,1,1,1,0,1,0,0,1,1
https://www.blauzahn.ch,0,1,0,0,0,0,0,0,0,1,0,0,1,0,0,0,0,0,1,1
https://webmail-101720.weeblysite.com/,0,1,0,0,0,0,1,0,1,1,0,0,0,0,0,0,0,0,0,0
https://da2c9a8e-3adb-427e-ab04-c84ab96eee63.id.repl.co/,0,1,0,1,0,0,1,0,0,1,0,0,0,0,0,0,0,0,0,0
https://upholid-nvloi21.godaddysites.com/,0,1,0,0,0,0,1,0,1,1,1,0,1,0,0,0,1,0,1,0
https://www.wascana.ca,0,1,0,0,0,0,0,0,0,1,1,0,1,0,1,1,1,0,1,1
https://www.blackstudio.it,0,1,0,0,0,0,0,0,0,1,0,1,1,1,0,1,1,0,0,1
https://ww3.site-promo-and.co.ua/html/classico/index.shtm/,0,1,0,1,0,0,1,0,0,0,0,0,0,0,0,0,0,0,0,0
https://www.hnfjz.com,0,1,0,0,0,0,0,0,1,1,0,0,0,1,0,0,1,0,0,1
https://hm22eaodjl.firebaseapp.com/,0,1,0,0,0,0,1,0,1,1,0,0,1,0,0,0,0,0,0,0
https://www.hackardlaw.com,0,1,0,0,0,0,0,0,1,1,1,1,1,1,0,1,1,0,1,1
https://www.filmfad.com,0,1,0,0,0,0,0,0,1,1,1,1,1,1,0,1,1,0,0,1
http://www.aedliiatdb.com,0,0,0,0,0,0,0,0,1,0,0,0,0,0,0,0,0,0,0,0
https://www.yna.co.kr,0,1,0,1,0,0,1,0,0,1,1,1,1,1,0,1,0,0,1,1
http://www.f.handanxinyuan.com,0,0,0,1,0,0,1,0,1,0,0,0,0,0,0,0,0,0,0,0
http://www.panel.cheater-zone.com,0,0,0,1,0,0,1,0,1,0,0,0,0,0,0,0,0,0,0,0
http://www.lumiinx.eu,0,0,0,0,0,0,0,0,0,0,0,0,0,0,0,0,0,0,0,0
http://www.gmumwmiwoqegwiwo.org,0,0,0,0,0,0,0,0,0,0,0,0,0,0,0,0,0,0,0,0
https://uqiups.com/,0,1,0,0,0,0,1,0,1,1,0,1,1,0,0,0,0,0,0,0
http://www.sieuthiphutungxenang.com,0,0,0,0,0,0,0,0,1,0,0,0,0,0,0,0,0,0,0,0
https://www.rayharryhausen.com,0,1,0,0,0,0,0,0,1,1,1,0,1,1,0,1,1,0,0,1
http://www.theoneitemstore.com,0,0,0,0,0,0,0,0,1,1,0,0,1,0,0,0,0,0,0,0
https://www.naii.io,0,1,0,0,0,0,0,0,0,1,0,0,1,1,0,1,0,0,1,1
https://www.achahockey.org,0,1,0,0,0,0,0,0,0,1,0,1,1,0,0,1,1,0,1,1
https://www.successfulmeetings.com,0,1,0,0,0,0,0,0,1,1,1,0,1,1,0,0,1,0,1,1
http://www.s.progammerli.com,0,0,0,1,0,0,1,0,1,1,0,0,0,0,0,0,0,0,0,0
https://www.tristatelocknuts.com,0,1,0,0,0,0,0,0,1,1,1,0,1,1,0,1,1,1,0,1
http://www.220935.56114.net.cn,0,0,0,1,0,0,1,0,0,0,0,0,0,0,0,0,0,0,0,0
http://montnet24.top/netmovel24/login,0,0,0,0,0,0,1,0,0,0,0,0,0,0,0,0,0,0,0,0
https://www.fd.cvut.cz,0,1,0,1,0,0,1,0,0,1,0,0,1,1,0,1,1,0,1,1
http://www.freemanps.com,0,0,0,0,0,0,0,0,1,1,0,0,0,0,0,0,0,0,0,0
https://www.hollislibrary.org,0,1,0,0,0,0,0,0,0,1,0,1,1,0,0,1,1,0,1,1
https://www.mp3-history.com,0,1,0,0,0,0,1,0,1,1,1,1,1,1,0,0,1,0,1,1
https://ipfs.io/ipfs/bafybeicpzmzp67z7j64n37lgmkgqvaxq2ddu46exvqldxqcwf2sxbkr7ae,0,1,0,0,0,0,1,0,0,1,0,0,0,0,0,0,0,0,0,0
https://www.carfreewalks.org,0,1,0,0,0,0,0,0,0,1,1,1,1,1,0,1,0,1,1,1
https://www.catalinaexpress.com,0,1,0,0,0,0,0,0,1,1,1,0,1,0,1,1,1,0,0,1
https://www.mersenneforum.org,0,1,0,0,0,0,0,0,0,1,0,0,0,1,0,0,1,1,1,1
https://clarktopperacing.com/inbuilt/,0,1,0,0,0,0,1,0,1,1,0,0,0,0,0,0,0,0,0,0
https://mail-67aa7-view-mail-ups.firebaseapp.com/,0,1,0,0,0,0,1,0,1,1,0,0,1,0,0,0,0,0,0,0
https://www.ubcpress.ca,0,1,0,0,0,0,0,0,0,1,1,1,1,1,0,1,1,0,1,1
https://www.5starcar.com,0,1,0,0,0,0,0,0,1,1,1,1,1,1,0,1,0,0,1,1
https://www.harmonysmiledental.com,0,1,0,0,0,0,0,0,1,1,1,1,1,1,0,1,0,0,1,1
https://www.antro.uu.se,0,1,0,1,0,0,1,0,0,1,1,1,1,1,0,1,1,0,1,1
https://www.radioprimetime.org,0,1,0,0,0,0,0,0,0,1,1,1,1,0,0,0,0,0,1,1
https://www.skagittransit.org,0,1,0,0,0,0,0,0,0,1,0,0,1,0,0,1,1,0,1,1
https://www.solinst.com,0,1,0,0,0,0,0,0,1,1,0,0,1,1,0,1,0,0,1,1
https://www.insposa.co.uk,0,1,0,1,0,0,1,0,0,1,0,1,1,1,0,1,1,0,1,1
https://objectstorage.ap-tokyo-1.oraclecloud.com/n/nr7nwmw5hpha/b/vjj0amvgwxlwbghtykdowvlxefzpuq.v1cxr2vscfvxvejhujfacvdsyzfhbul5vw14alp3/o/v1zssk5xunrta0prvkrboqindex.html#,0,1,0,1,0,0,1,0,1,1,0,0,1,0,0,0,1,1,0,0
https://www.mycreativityskills.com,0,1,0,0,0,0,0,0,1,1,1,0,1,1,0,0,1,0,1,1
https://johnrich.ml/hype/verifica/anomalia,0,1,0,0,0,0,1,0,0,1,0,0,0,0,0,0,0,0,0,0
http://www.microlilics.000space.com,0,0,0,1,0,0,1,0,1,0,0,0,0,0,0,0,0,0,0,0
https://www.sstl.co.uk,0,1,0,1,0,0,1,0,0,1,1,0,1,0,0,1,1,0,0,1
https://www.quickbase.com,0,1,0,0,0,0,0,0,1,1,1,1,1,1,1,1,0,1,1,1
https://scanoffice365-owa4874.microsoft365scan.workers.dev/,0,1,0,1,0,0,1,0,0,1,0,0,1,0,0,0,1,1,0,0
https://summitcleanfix.com/miles/liinkedinhardest/liinkedinhardest/900/index.php,0,1,0,0,0,0,1,0,1,1,0,0,1,0,0,0,1,1,0,0
https://www.hauntedhappeningssalem.com,0,1,0,0,0,0,0,0,1,1,1,0,1,1,0,1,0,0,1,1
https://maildinshaakckjnw443.firebaseapp.com/,0,1,0,0,0,0,1,0,1,1,0,0,1,0,0,0,0,0,0,0
https://mygov-user.20-245-45-137.plesk.page/personal.html,0,1,0,1,0,0,1,0,0,1,1,0,1,1,0,0,1,0,1,0
https://www.stealyourheartexotics.com,0,1,0,0,0,0,0,0,1,1,1,0,1,1,1,1,1,0,1,1
https://opww-43bef.firebaseapp.com/,0,1,0,0,0,0,1,0,1,1,0,0,1,0,0,0,0,0,0,0
https://vanliquor.pages.dev/,0,1,0,0,0,0,1,0,0,1,0,1,0,0,0,0,0,1,0,0
https://steio67.github.io/pesrli/tsfner.html,0,1,0,0,0,0,1,0,0,0,0,0,0,0,0,0,0,0,0,0
https://www.jjei.com,0,1,0,0,0,0,0,0,1,1,1,1,1,1,0,1,1,0,1,1
https://yahoo-101553.weeblysite.com/,0,1,0,0,0,0,1,0,1,1,1,0,1,0,0,0,0,0,0,0
https://www.amieborst.com,0,1,0,0,0,0,0,0,1,1,1,0,1,1,0,1,1,0,1,1
https://www.myhealthyfit.com,0,1,0,0,0,0,0,0,1,1,0,1,1,1,0,1,1,0,0,1
https://www.ubersocial.com,0,1,0,0,0,0,0,0,1,1,0,0,1,0,0,0,0,0,1,1
http://www.llink.link,0,0,0,0,0,0,0,0,0,0,0,0,0,0,0,0,0,0,0,0
https://bafybeiaj2tm3vtfn4bwsaj3kyloamlozkax3p4oaeswgdsoil3don75phm.ipfs.cf-ipfs.com/private.html#user%40fbi.gov,0,1,1,1,0,0,1,0,1,1,1,0,1,0,0,0,1,1,1,0
https://www.oslo.kommune.no,0,1,0,1,0,0,1,0,0,1,0,1,1,1,0,1,1,0,0,1
http://www.trendmoversdubai.com,0,0,0,0,0,0,0,0,1,0,0,0,0,0,0,0,0,0,0,0
https://www.np360.com.hk,0,1,0,1,0,0,1,0,0,1,1,0,1,1,0,1,1,0,1,1
https://www.capecodchips.com,0,1,0,0,0,0,0,0,1,1,1,1,1,0,0,1,1,0,1,1
https://www.adeje.es,0,1,0,0,0,0,0,0,0,1,1,0,1,0,0,1,0,0,0,1
https://www.ocaziituristice.ro,0,1,0,0,0,0,0,0,0,1,1,0,1,1,0,1,0,0,1,1
https://www.westernsydneyairport.gov.au,0,1,0,1,0,0,1,0,0,1,1,0,1,1,0,0,1,0,1,1
http://www.switchyardcharlotte.com,0,0,0,0,0,0,0,0,1,0,0,0,0,0,0,0,0,0,0,0
http://www.electrumware.com,0,0,0,0,0,0,0,0,1,1,0,0,0,0,0,0,0,0,0,0
https://www.doudouperdu.fr,0,1,0,0,0,0,0,0,0,1,0,0,1,0,0,1,1,0,0,1
https://www.weighmasters.net,0,1,0,0,0,0,0,0,0,1,1,0,1,1,0,1,0,0,1,1
https://www.cobiapp.com,0,1,0,0,0,0,0,0,1,1,1,0,1,1,0,0,0,0,1,1
https://wvvwvzonasengunrabeta.com/index.php,0,1,0,0,0,0,1,0,1,1,0,0,1,0,0,0,0,0,0,0
https://bafybeignwgza547soouu5nbyb35msg3x2yi7o2ezx2szaezb3vc22unacu.ipfs.cf-ipfs.com//fficeo_office74.html,0,1,0,1,0,0,1,0,1,1,0,0,1,0,0,0,1,1,1,0
https://www.sportweek.fr,0,1,0,0,0,0,0,0,0,1,1,1,1,1,0,0,1,0,1,1
https://www.nfotografos.com,0,1,0,0,0,0,0,0,1,1,1,0,1,1,0,1,1,0,1,1
https://www.trailersnow.net,0,1,0,0,0,0,0,0,0,1,1,1,1,1,0,0,1,0,1,1
http://www.proxify.com,0,0,0,0,0,0,0,0,1,1,0,0,0,0,0,0,0,0,0,0
https://hd9-ex-35v.web.app/,0,1,0,0,0,0,1,0,0,1,0,0,1,0,0,0,0,0,0,0
https://www.lundbergs-mobler.se,0,1,0,0,0,0,1,0,0,1,1,0,1,1,0,1,1,0,0,1
http://www.internationalbazaarsale.com,0,0,0,0,0,0,0,0,1,0,0,0,0,0,0,0,0,0,0,0
https://www.maymorning.co.uk,0,1,0,1,0,0,1,0,0,1,0,0,1,1,0,0,0,0,0,1
http://walletconnectlive.blogspot.md/,0,0,0,0,0,0,1,0,0,1,0,0,0,0,0,0,0,0,0,0
http://www.yy6262.com,0,0,0,0,0,0,0,0,1,0,0,0,0,0,0,0,0,0,0,0
http://www.rebecaq.ga,0,0,0,0,0,0,0,0,0,1,0,0,0,0,0,0,0,0,0,0
https://www.rakaka.se,0,1,0,0,0,0,0,0,0,1,0,0,0,0,0,1,0,0,0,1
https://www.tianello.com,0,1,0,0,0,0,0,0,1,1,1,0,1,1,0,1,1,1,1,1
https://www.tmmob.org.tr,0,1,0,1,0,0,1,0,0,1,0,0,1,0,0,1,1,0,0,1
https://www.google.com/search?ei=xb9pzni9lfgx8gl7samacw&gclid=eaiaiqobchminfcyssbz_givawgrch059g9weaayasaaeglolfd_bwe&gs_lcp=cgxnd3mtd2l6lxnlcnaqaziecaaqrziecaaqrziecaaqrziecaaqrziecaaqrziecaaqrziecaaqrziecaaqrzokcaaqrxdwbbcwazokcaaqiguqsamqqzovcc4qiguqxweq0qmqyamqsamqqxgbohuilhckbrdharcvardiaxcwaxbdgafkbahbgabkbqhaegexukckwkckykuoaajwangagaeaiaeakgeamaeaoaebyaeiwaeb2gegcaeqargi&oq=cs+money&q=cs+money&sclient=gws-wiz-serp&uact=5&utm_campaign=d123&ved=0ahukewiy4jdondt-ahxxmfwkhftycraq4dudca8,0,1,0,0,1,1,1,0,1,1,0,0,1,0,0,0,0,0,0,0
https://www.vintageisthenewold.com,0,1,0,0,0,0,0,0,1,1,0,1,1,1,0,1,1,0,1,1
https://www.crypto-news-flash.com,0,1,0,0,0,0,1,0,1,1,1,1,1,1,0,0,1,0,0,1
https://learnenglishwithmarnus.com/ccinfo/paypal%20account%20_%20update%20credit%20card%20and%20billing%20address.html,0,1,1,0,0,0,1,0,1,1,0,1,1,0,0,0,1,0,0,0
https://rvib-5723e.web.app/,0,1,0,0,0,0,1,0,0,1,0,0,0,0,0,0,0,0,0,0
https://9d2f6da4-7519-4d3d-b091-3dc11e75478f.id.repl.co,0,1,0,1,0,0,1,0,0,1,0,0,0,0,0,0,0,0,0,0
https://www.hikaritakano.co,0,1,0,0,0,0,0,0,0,1,0,1,1,1,0,1,0,0,1,1
https://www.pds.gov.cn,0,1,0,1,0,0,1,0,0,1,0,0,1,0,0,0,1,0,1,1
https://webmail-108549.weeblysite.com/,0,1,0,0,0,0,1,0,1,1,1,0,1,0,0,0,0,0,0,0
http://www.omwowxish.ga,0,0,0,0,0,0,0,0,0,1,0,0,0,0,0,0,0,0,0,0
https://www.madagate.org,0,1,0,0,0,0,0,0,0,1,0,1,0,1,0,0,1,0,1,1
https://www.clutchjewelry.com,0,1,0,0,0,0,0,0,1,1,1,0,1,1,0,1,1,1,1,1
http://rvqarxsyac.duckdns.org,0,0,0,0,0,0,1,0,0,0,0,0,0,0,0,0,0,0,0,0
https://medicalimpurecrypto.duraaa.repl.co/,0,1,0,1,0,0,1,0,0,1,0,0,0,0,0,0,0,0,0,0
https://www.csb.gov,0,1,0,0,0,0,0,0,0,1,1,0,1,1,0,1,0,0,1,1
https://ipfs.io/ipfs/bafybeiamjih5g3pgqur5gtbzil7kjep3vtszsunt75kz7l24q36h53rwai/resultsbox18_onedrive44649.html,0,1,0,0,0,0,1,0,0,1,0,0,0,0,0,0,0,0,0,0
http://www.helpdisk.ibmlotus.net,0,0,0,1,0,0,1,0,0,0,0,0,0,0,0,0,0,0,0,0
http://www.f0463306.xsph.ru,0,0,0,1,0,0,1,0,0,1,0,0,0,0,0,0,0,0,0,0
http://coinbaseprologinn.blogspot.ba/,0,0,0,0,0,0,1,0,0,1,0,0,0,0,0,0,0,0,0,0
http://www.update.xzxqsf.com,0,0,0,1,0,0,1,0,1,0,0,0,0,0,0,0,0,0,0,0
https://mochicatcollection.firebaseapp.com/,0,1,0,0,0,0,1,0,1,1,1,0,0,1,0,0,0,0,0,0
https://www.attemplate.com/nam/be0f980b-dd99-4b19-bd7b-bc71a09b026c/6dbe5afc-984d-47e5-94da-b6159f12d608/aef24ca9-9442-499a-b74d-d4f396cbd9b5/login?id=ekdyzkirthrqaur3dkxwng9fmnrrlzbqbgxkvu15k1jrvtfot1neemh5a0v1tmpbnjdqq0hpbkflwxrcoud0rkfzsjlrnzvpyzrabzb3r2cvejvteuhvnfd5a0ywr3zbtwthuxntwwfytitrexhob3erohdqu2h4mgvrdjfyaxv5s25owvzmwllzell4l2n2cmfmzfm4t0dnuvpyztnzrvrqtjaymedduzjql25znwhrust5wvzrs0habwztbdltnk5rrw1hu1zizzzaulbutu9tznfiueryeityqlk5qxgwmezrwli3bkhgdmkywkp3tjfhy2tttwzqywtjzmi5odjkm1niae5gbgnsyvfpm2kvadqxv1vswwfyb1llvw10ykf1yxjkwxltdg84qnvbvtnok0hjm2nirwvxc1rwbg54k0xsymxsoujksw1jzytcemxrnzjpveh3snrdau9gmm1tri9xsmm1amjzz2p2og1kunbwughirlpis3ljoetxs3a1rfzat3vroxznaejsb3d0ym02ut09,0,1,0,0,1,1,1,0,1,1,0,0,1,0,0,0,1,0,0,0
https://062c2163-8e63-4cff-92d4-5abc81f2c01c.id.repl.co,0,1,0,1,0,0,1,0,0,1,0,0,0,0,0,0,0,0,0,0
https://www.alexclassroom.com,0,1,0,0,0,0,0,0,1,1,1,1,1,1,0,1,1,0,0,1
https://www.ivymoda.com,0,1,0,0,0,0,0,0,1,1,0,0,1,0,1,1,1,0,1,1
http://www.ashrafsadek.com,0,0,0,0,0,0,0,0,1,1,0,0,0,0,0,0,0,0,0,0
https://www.ourredeemerlcms.org,0,1,0,0,0,0,0,0,0,1,1,0,1,1,0,1,0,0,1,1
http://www.solidproxy.net,0,0,0,0,0,0,0,0,0,1,0,0,1,0,0,0,0,0,0,0
https://www.starbelashop.com.br,0,1,0,1,0,0,1,0,0,1,1,1,0,1,0,1,1,1,1,1
https://www.logmeonce.com,0,1,0,0,0,0,0,0,1,1,1,1,0,1,0,1,1,1,1,1
http://www.chock.mywire.org,0,0,0,1,0,0,1,0,0,0,0,0,1,0,0,0,0,0,0,0
https://www.buonapappa.net,0,1,0,0,0,0,0,0,0,1,1,1,1,1,0,1,1,0,1,1
https://www.cparl.org,0,1,0,0,0,0,0,0,0,1,1,0,1,1,0,1,0,0,0,1
http://www.alluapks.online,0,0,0,0,0,0,0,0,0,1,0,1,1,0,0,0,1,0,0,0
https://www.aame.in,0,1,0,0,0,0,0,0,0,1,1,0,0,0,0,1,0,0,0,1
https://www.pharmacy.biz,0,1,0,0,0,0,0,0,0,1,0,1,1,1,0,1,1,1,1,1
http://www.sfr-compte.info/,0,0,0,0,0,0,1,0,0,1,0,0,0,0,0,0,0,0,0,0
http://www.clod.pw,0,0,0,0,0,0,0,0,0,0,0,0,0,0,0,0,0,0,0,0
https://adrescotargo.web.app/,0,1,0,0,0,0,1,0,0,1,0,0,0,0,0,0,0,0,0,0
http://www.bxxo.qxywa.com,0,0,0,1,0,0,1,0,1,0,0,0,0,0,0,0,0,0,0,0
https://conseil-414f4.web.app/,0,1,0,0,0,0,1,0,0,1,0,0,1,0,0,0,0,0,0,0
https://www.theablelabel.com,0,1,0,0,0,0,0,0,1,1,1,0,1,1,0,1,1,1,1,1
https://www.texas-joes.com,0,1,0,0,0,0,1,0,1,1,1,1,1,1,1,1,1,0,1,1
https://www.casalmonastero.org,0,1,0,0,0,0,0,0,0,1,0,1,1,0,0,1,1,1,1,1
http://www.crossfitheimdall.com,0,0,0,0,0,0,0,0,1,0,0,0,0,0,0,0,0,0,0,0
https://loginn.sg-internet-baking.com,0,1,0,0,0,0,1,0,1,1,0,1,1,0,0,0,1,0,0,0
https://v2ll3y.firebaseapp.com/,0,1,0,0,0,0,1,0,1,1,0,0,1,0,0,0,0,0,0,0
https://www.yournewvitality.com,0,1,0,0,0,0,0,0,1,1,0,0,1,1,0,1,1,0,1,1
https://www.themainlinecoffeeco.com,0,1,0,0,0,0,0,0,1,1,1,1,1,1,0,1,1,1,1,1
https://www.artguide.org,0,1,0,0,0,0,0,0,0,1,0,0,1,1,0,0,0,0,1,1
https://www.slotcar-today.com,0,1,0,0,0,0,1,0,1,1,1,0,0,1,0,1,1,0,0,1
https://meta-business-appeal-125-21661.firebaseapp.com/,0,1,0,0,0,0,1,0,1,1,0,0,1,0,0,0,0,0,0,0
https://bancolombia.com72388292.repl.co/,0,1,0,1,0,0,1,0,0,1,0,0,0,1,0,0,0,0,0,0
https://www.historicaleye.com,0,1,0,0,0,0,0,0,1,1,0,1,0,0,0,0,0,0,1,1
https://aliceblueinsubstantialstructures--sdijfnsef.repl.co,0,1,0,0,0,0,1,0,0,1,0,0,0,0,0,0,0,0,0,0
https://www.motherthyme.com,0,1,0,0,0,0,0,0,1,1,1,1,1,1,0,1,1,0,1,1
http://www.ralestate.mobi,0,0,0,0,0,0,0,0,0,1,0,0,0,0,0,0,0,0,0,0
https://www.toyota.com.cn,0,1,0,1,0,0,1,0,0,1,0,0,1,1,0,0,0,0,1,1
https://www.tcdc.or.th,0,1,0,1,0,0,1,0,0,1,1,1,1,1,0,0,0,0,0,1
https://www.agathachristielimited.com,0,1,0,0,0,0,0,0,1,1,1,0,1,1,0,0,0,0,1,1
https://www.sideshowworld.com,0,1,0,0,0,0,0,0,1,1,0,1,0,1,0,1,1,0,1,1
http://www.colemanq.cf,0,0,0,0,0,0,0,0,0,1,0,0,0,0,0,0,0,0,0,0
https://www.misterrogers.org,0,1,0,0,0,0,0,0,0,1,1,1,1,1,0,1,0,0,1,1
https://nftgiftx.com/,0,1,0,0,0,0,0,0,1,1,0,0,0,0,0,0,0,0,0,0
https://www.familydollar.com,0,1,0,0,0,0,0,0,1,1,1,0,1,1,0,0,0,0,0,1
https://www.cinemart.co.jp,0,1,0,1,0,0,1,0,0,1,0,1,1,1,0,1,1,0,1,1
https://www.marketingtechnologies.es,0,1,0,0,0,0,0,0,0,0,0,0,0,0,0,0,0,0,0,0
http://www.kkooppt.com,0,0,0,0,0,0,0,0,1,1,0,0,0,0,0,0,0,0,0,0
https://www.rfs.ru,0,1,0,0,0,0,0,0,0,1,0,0,1,1,0,1,1,0,1,1
https://www.esof.eu,0,1,0,0,0,0,0,0,0,1,1,1,1,1,1,1,1,0,1,1
https://www.polkonline.com,0,1,0,0,0,0,0,0,1,1,0,1,1,0,0,0,1,0,1,1
https://www.main-echo.de,0,1,0,0,0,0,1,0,0,1,1,1,1,1,0,1,1,0,0,1
https://www.teamtapas.com,0,1,0,0,0,0,0,0,1,1,0,0,1,0,0,1,0,0,1,1
https://www.relections.in/acrobat/file/,0,1,0,0,0,0,1,0,0,1,0,0,0,0,0,0,0,0,0,0
https://www.productionproducts.net,0,1,0,0,0,0,0,0,0,1,1,1,1,0,0,1,1,1,1,1
https://www.xmenglish.cn,0,1,0,0,0,0,0,0,0,1,0,0,1,1,0,1,0,0,0,1
https://www.commercial-news.com,0,1,0,0,0,0,1,0,1,1,0,0,1,1,0,1,1,0,1,1
https://cf-ipfs.com/ipfs/qmxfeiyjt4yq6iyoab2fajdw1zpcs389azseuklfwdivzf,0,1,0,0,0,0,1,0,1,0,0,0,0,0,0,0,0,0,0,0
https://www.deutschenews24.de,0,1,0,0,0,0,0,0,0,1,1,0,1,1,0,0,0,0,1,1
https://windingtriflingcomputationallinguistics.778785454.repl.co/,0,1,0,1,0,0,1,0,0,1,0,0,1,0,0,0,1,1,0,0
http://www.aouynoph.ml,0,0,0,0,0,0,0,0,0,1,0,0,0,0,0,0,0,0,0,0
https://www.leeds-city-guide.com,0,1,0,0,0,0,1,0,1,1,0,1,0,1,0,0,1,0,1,1
http://www.sony36.com,0,0,0,0,0,0,0,0,1,1,0,0,0,0,0,0,0,0,0,0
https://www.cheatdiamond.my.id,0,1,0,1,0,0,1,0,0,0,0,0,0,0,0,0,0,0,0,0
http://www.ws021.hemnes.win,0,0,0,1,0,0,1,0,0,1,1,0,1,0,0,0,0,0,0,0
https://help-fb-id-3246251802.firebaseapp.com/,0,1,0,0,0,0,1,0,1,1,0,0,1,0,0,0,0,0,0,0
https://www.unwomenforpeace.org,0,1,0,0,0,0,0,0,0,1,1,0,1,1,0,1,1,0,1,1
https://www.saebo.com,0,1,0,0,0,0,0,0,1,1,1,1,1,1,1,1,1,1,1,1
https://www.explica.co,0,1,0,0,0,0,0,0,0,1,1,1,1,1,0,0,1,0,1,1
http://scloudimanage.com,0,0,0,0,0,0,0,0,1,1,0,0,0,0,0,0,0,0,0,0
https://www.rosellepark.net,0,1,0,0,0,0,0,0,0,1,1,1,1,1,0,1,1,0,1,1
https://www.hitradio.ma,0,1,0,0,0,0,0,0,0,1,1,0,1,1,0,1,1,0,1,1
https://www.uuum.jp,0,1,0,0,0,0,0,0,0,1,0,0,1,1,0,1,0,0,1,1
http://www.westleyu.ga,0,0,0,0,0,0,0,0,0,1,0,0,0,0,0,0,0,0,0,0
http://stylifehomedecors.com/bofa/copy/updatecontactinformation-support-88421674238211362713,0,0,0,0,0,0,1,0,1,1,0,0,1,0,0,0,0,0,0,0
https://www.lathermore.com,0,1,0,0,0,0,0,0,1,1,0,0,1,1,0,1,1,1,1,1
https://www.pacificatlanticadr.com,0,1,0,0,0,0,0,0,1,1,1,0,1,1,0,1,1,0,1,1
https://itau.conectcar.com/rd_evoejq,0,1,0,0,0,0,1,0,1,0,0,0,0,0,0,0,0,0,0,0
http://43.156.7.24/v3/signin/identifier?dsh=s-1342066488:1679356916503283&amp;continue=https://accounts.google.com/?&amp;followup=https://accounts.google.com/?&amp;xrealip=35.203.252.147&amp;ifkv=awnoghdmdbs2vda2xmzzzwu3woh3gzetyyktl4nlzcwpej2sr8wjgb4yr00kewqg7rr5z7mm4ghnqw&amp;passive=1209600&amp;xrealip=34.198.46.118&amp;flowname=weblitesignin&amp;flowentry=servicelogin,1,1,0,1,1,1,1,0,0,1,0,0,1,0,0,0,0,0,0,0
https://www.wolveswithin.com,0,1,0,0,0,0,0,0,1,1,0,0,1,0,0,1,1,1,1,1
https://www.upt.pt,0,1,0,0,0,0,0,0,0,1,0,1,1,0,0,1,1,0,1,1
https://www.oilandgas360.com,0,1,0,0,0,0,0,0,1,1,1,1,1,1,0,1,1,1,1,1
https://noisy-salad-5d2b.dickeydivitaq3671.workers.dev/,0,1,0,1,0,0,1,0,0,1,0,1,1,0,0,0,1,0,0,0
http://webuyworkshopequipment.com/wp-content/themes/sketch/js/sf_trash/c45b222914e3c78d,0,0,0,0,0,0,1,0,1,1,0,0,0,0,0,0,0,0,0,0
http://www.applemusic.zzux.com,0,0,0,1,0,0,1,0,1,1,0,0,0,0,0,0,0,0,0,0
https://objectstorage.us-phoenix-1.oraclecloud.com/n/axc6aboeh1v1/b/566373834wa45647/o/microsoftonline.htm,0,1,0,1,0,0,1,0,1,0,0,0,0,0,0,0,1,1,0,0
https://www.ymcafoxcities.org,0,1,0,0,0,0,0,0,0,1,1,0,1,0,0,1,1,0,1,1
https://maildinshaakckjnw208.web.app/,0,1,0,0,0,0,1,0,0,1,0,0,1,0,0,0,0,0,0,0
https://www.freesat.co.uk,0,1,0,1,0,0,1,0,0,1,1,0,1,1,0,1,1,0,1,1
http://www.statcounters.net,0,0,0,0,0,0,0,0,0,1,0,0,0,0,0,0,0,0,0,0
https://xfinity23.yolasite.com/,0,1,0,0,0,0,1,0,1,1,0,0,1,1,0,0,0,0,0,0
http://metadropcary.com/,0,0,0,0,0,0,1,0,1,1,0,0,0,0,0,0,0,0,0,0
https://www.sunnysafaris.com,0,1,0,0,0,0,0,0,1,1,1,1,1,1,0,1,1,0,1,1
https://wallet-updating.io/wallet/,0,1,0,0,0,0,1,0,0,1,0,0,1,0,0,0,0,0,0,0
https://gateway.ipfs.io/ipfs/bafybeif2uc3sdn7ty7b27hmjcqh72gagxrljmij3z56mikma7uuggpy5i4//goldie.htm,0,1,0,0,0,0,1,0,0,1,0,0,0,0,0,0,0,0,0,0
https://mttkjairan.duckdns.org/,0,1,0,0,0,0,1,0,0,0,0,0,0,0,0,0,0,0,0,0
https://www.erincoveycreative.com,0,1,0,0,0,0,0,0,1,1,0,1,0,0,0,1,0,0,0,1
https://www.vitamind-journal.it,0,1,0,0,0,0,1,0,0,1,0,1,1,1,0,1,0,0,0,1
https://www.koolr.com,0,1,0,0,0,0,0,0,1,1,0,0,1,1,0,1,1,1,1,1
https://stage.orivet.com/uploads/redirect.html?verify=stevengeolus9@hotmail.com-5672b61564748b5118e2-21018a6664a6a6d88892,0,1,0,0,1,1,1,0,1,0,0,0,0,0,0,0,0,0,0,0
https://www.adamenfroy.com,0,1,0,0,0,0,0,0,1,1,1,1,1,1,0,1,0,0,1,1
https://www.entomoljournal.com,0,1,0,0,0,0,0,0,1,1,1,1,1,1,0,0,1,0,1,1
https://www.thedigitalgroup.com,0,1,0,0,0,0,0,0,1,1,1,0,1,1,0,1,1,0,1,1
https://www.tilljannah.my,0,1,0,0,0,0,0,0,0,1,0,0,1,1,0,1,1,1,1,1
https://www.hauntedcuriosities.com,0,1,0,0,0,0,0,0,1,1,0,0,1,1,0,1,1,1,1,1
https://www.fraciledefrance.com,0,1,0,0,0,0,0,0,1,1,1,0,1,1,0,1,1,0,1,1
http://www.e.ms,0,0,0,0,0,0,0,0,0,0,0,0,0,0,0,0,0,0,0,0
https://www.horses.nl,0,1,0,0,0,0,0,0,0,1,1,1,1,1,0,1,1,0,1,1
https://www.blackbox-vr.com,0,1,0,0,0,0,1,0,1,1,1,1,0,1,0,1,1,0,1,1
http://www.lpd.net.au,0,0,0,1,0,0,1,0,0,1,0,0,0,0,0,0,0,0,0,0
https://wispy-wind-c88f.rinora9349.workers.dev/,0,1,0,1,0,0,1,0,0,0,0,0,0,0,0,0,0,0,0,0
https://www.lesliemorgansteiner.com,0,1,0,0,0,0,0,0,1,1,0,1,0,0,0,0,0,0,1,1
http://www.imprecof.com,0,0,0,0,0,0,0,0,1,1,0,0,1,0,0,0,0,0,0,0
http://sh5-krrdbo6imq-uc.a.run.app,0,0,0,1,0,0,1,0,0,0,0,0,0,0,0,0,0,0,0,0
https://obabanter6.firebaseapp.com/,0,1,0,0,0,0,1,0,1,1,0,0,1,0,0,0,0,0,0,0
http://www.ekamjewels.com,0,0,0,0,0,0,0,0,1,1,0,0,1,0,0,0,0,0,0,0
https://www.dutchdesignawards.nl,0,1,0,0,0,0,0,0,0,1,1,1,1,1,0,1,0,0,1,1
http://www.p30oopp.blogspot.com,0,0,0,1,0,0,1,0,1,1,0,0,0,0,0,0,0,0,0,0
https://www.prosim.net,0,1,0,0,0,0,0,0,0,1,1,1,1,1,0,1,1,0,1,1
https://www.feedmag.com,0,1,0,0,0,0,0,0,1,1,0,1,1,1,0,0,0,0,0,1
https://www.karten-kunst.de,0,1,0,0,0,0,1,0,0,1,1,1,1,1,0,1,1,1,1,1
http://www.5iw68rugwfcir37uj8z3r6rfaxwd8g8cdcfcqw62.de,0,0,0,0,0,0,0,0,0,0,0,0,0,0,0,0,0,0,0,0
https://verifiedownlpro.web.app/,0,1,0,0,0,0,1,0,0,0,0,0,0,0,0,0,0,0,0,0
http://www.smtp.applesoftupdate.com,0,0,0,1,0,0,1,0,1,0,0,0,0,0,0,0,0,0,0,0
https://www.countrysidehotels.se,0,1,0,0,0,0,0,0,0,1,1,1,1,1,1,1,0,0,1,1
https://www.addictivebooks.com,0,1,0,0,0,0,0,0,1,1,0,1,1,1,0,0,0,0,1,1
https://www.zet-info.com,0,1,0,0,0,0,1,0,1,1,0,0,1,1,0,0,0,0,1,1
https://www.youzu.com,0,1,0,0,0,0,0,0,1,1,1,0,0,1,0,0,0,0,0,1
http://accesso-utente-web.69-57-163-131.cprapid.com/,0,0,0,1,0,0,1,0,1,0,0,0,0,0,0,0,0,0,0,0
http://www.fitdramas.com,0,0,0,0,0,0,0,0,1,0,0,0,0,0,0,0,0,0,0,0
https://www.muzeulliteraturiiiasi.ro,0,1,0,0,0,0,0,0,0,1,0,1,1,1,0,1,1,0,1,1
https://www.truehollywoodtalk.com,0,1,0,0,0,0,0,0,1,1,1,1,1,1,1,1,1,1,1,1
https://conetgut-ytey.web.app/,0,1,0,0,0,0,1,0,0,1,0,0,1,0,0,0,0,0,0,0
https://www.currenttides.net,0,1,0,0,0,0,0,0,0,1,0,1,1,1,0,1,1,0,1,1
https://www.hairfacts.com,0,1,0,0,0,0,0,0,1,1,0,1,1,0,0,0,1,0,1,1
https://www.sensorsinc.com,0,1,0,0,0,0,0,0,1,1,1,0,1,1,0,1,1,0,1,1
http://att-102239.weeblysite.com/,0,0,0,0,0,0,1,0,1,1,0,0,0,0,0,0,0,0,0,0
https://ashleybecklivenueve.web.app/,0,1,0,0,0,0,1,0,0,1,0,0,0,0,0,0,0,0,0,0
https://www.scribbr.com,0,1,0,0,0,0,0,0,1,1,1,1,1,1,0,1,0,0,0,1
https://www.palestinechronicle.com,0,1,0,0,0,0,0,0,1,1,0,1,1,0,0,1,1,0,1,1
https://www.sjnd.org,0,1,0,0,0,0,0,0,0,1,1,0,1,1,0,1,1,0,0,1
http://www.cloudwebappservice.com,0,0,0,0,0,0,0,0,1,0,0,0,0,0,0,0,0,0,0,0
http://117.6.207.182/wordpress/newgov/sms2.html,1,0,0,1,0,0,1,0,0,1,1,0,1,1,0,0,1,0,1,0
https://www.pizza-la.co.jp,0,1,0,1,0,0,1,0,0,1,1,0,1,1,0,1,1,0,1,1
http://www.h15.ru,0,0,0,0,0,0,0,0,0,1,0,0,0,0,0,0,0,0,0,0
https://maildinshaakckjnw402.web.app/,0,1,0,0,0,0,1,0,0,1,0,0,1,0,0,0,0,0,0,0
https://s3.amazonaws.com/appforest_uf/f1679935164742x894422764430747000/emcompass.html,0,1,0,0,0,0,1,0,1,0,0,0,0,0,0,0,0,0,0,0
http://www.bca.zdungk.com,0,0,0,1,0,0,1,0,1,1,0,0,0,0,0,0,0,0,0,0
https://mtea-mask.com/connect.php,0,1,0,0,0,0,1,0,1,1,0,0,1,0,0,0,1,1,0,0
https://projet2022setup2023.web.app/,0,1,0,0,0,0,1,0,0,1,0,0,1,0,0,0,0,0,0,0
https://www.bannasch.de,0,1,0,0,0,0,0,0,0,1,1,1,1,1,0,0,1,0,1,1
https://www.3659006.com,0,1,0,0,0,0,0,0,1,0,0,0,0,0,0,0,0,0,0,0
http://www.searchinzone.org,0,0,0,0,0,0,0,0,0,1,0,0,0,0,0,0,0,0,0,0
https://trakbnkiadesihizmetinizdeyizsubatt2023tr8.com/login/index.php?lang=tr,0,1,0,0,1,1,1,0,1,1,0,0,0,0,0,0,0,0,0,0
https://www.onswiftwings.com,0,1,0,0,0,0,0,0,1,1,1,0,1,1,0,1,0,0,1,1
https://www.themeadowsschool.org,0,1,0,0,0,0,0,0,0,1,1,0,1,1,0,1,1,0,0,1
https://www.marysvilleglobe.com,0,1,0,0,0,0,0,0,1,1,1,1,1,1,0,1,1,0,1,1
http://www.gstfranchisecenter.com,0,0,0,0,0,0,0,0,1,1,0,0,1,0,0,0,0,0,0,0
https://www.tommygodwin.com,0,1,0,0,0,0,0,0,1,1,1,1,1,1,0,0,1,0,1,1
https://aol-101575.weeblysite.com/,0,1,0,0,0,0,1,0,1,1,1,0,1,0,0,0,0,0,0,0
https://www.dutchwindwheel.com,0,1,0,0,0,0,0,0,1,1,1,1,1,1,0,1,0,0,1,1
https://v789.club/,0,1,0,0,0,0,0,0,0,0,0,0,1,0,0,0,1,1,0,0
https://neatclutteredexecutables.5454547851d.repl.co/,0,1,0,1,0,0,1,0,0,1,0,0,1,0,0,0,1,1,0,0
https://bafybeie7s43322fktvccuq6wkakhtnjain24zshukkyxmuojiomfq3zsxm.ipfs.dweb.link/043.html,0,1,0,1,0,0,1,0,0,1,1,1,1,0,0,0,1,1,0,0
https://aaplrenner.cloud/,0,1,0,0,0,0,1,0,0,1,0,1,1,0,0,0,0,0,0,0
https://www.districtfloordepot.com,0,1,0,0,0,0,0,0,1,1,1,1,1,1,1,1,1,0,1,1
https://condescending-austin-1a040b.netlify.app/,0,1,0,0,0,0,1,0,0,1,0,0,1,1,0,0,1,0,0,0
https://docs.google.com/forms/d/e/1faipqlsemflq-hjsx6cq_dknesou6y9wvu2iam29kbxfij0tbjczz0q/viewform,0,1,0,0,0,0,1,0,1,1,1,0,1,0,0,0,1,0,0,0
http://www.travelwadi.com,0,0,0,0,0,0,0,0,1,0,0,0,0,0,0,0,0,0,0,0
https://www.homebrewtalk.com,0,1,0,0,0,0,0,0,1,1,0,0,1,1,0,1,1,0,1,1
http://www.ww1.beeppool.org,0,0,0,1,0,0,1,0,0,0,0,0,0,0,0,0,0,0,0,0
https://www.haarlemmermeermuseum.nl,0,1,0,0,0,0,0,0,0,1,1,0,1,1,0,1,1,0,1,1
https://www.bigfoot.com,0,1,0,0,0,0,0,0,1,1,0,0,0,0,0,1,1,0,1,1
http://www.advanced-ip-scaner.com,0,0,0,0,0,0,1,0,1,1,0,0,0,0,0,0,0,0,0,0
https://www.disturbed1.com,0,1,0,0,0,0,0,0,1,1,0,1,1,1,0,1,1,1,1,1
https://wwwinfoview.kufangyun.com/jp.php,0,1,0,0,0,0,1,0,1,1,0,1,1,0,0,0,0,0,0,0
https://www.sehiyye.gov.az,0,1,0,1,0,0,1,0,0,1,1,0,1,1,0,1,1,0,1,1
http://www.musthopanewbie.000webhostapp.com,0,0,0,1,0,0,1,0,1,1,1,0,0,0,0,0,0,0,0,0
https://www.yellowcabonline.com,0,1,0,0,0,0,0,0,1,1,0,1,1,0,0,1,1,0,1,1
https://www.objectivezero.org,0,1,0,0,0,0,0,0,0,1,1,0,1,1,0,1,1,0,0,1
http://www.zelmay.cf,0,0,0,0,0,0,0,0,0,1,0,0,0,0,0,0,0,0,0,0
http://www.gigatrend.org,0,0,0,0,0,0,0,0,0,0,0,0,0,0,0,0,0,0,0,0
https://www.navarrocollege.edu,0,1,0,0,0,0,0,0,0,1,1,0,1,0,0,1,1,0,1,1
https://www.artistaday.com,0,1,0,0,0,0,0,0,1,1,1,0,1,1,0,1,0,0,1,1
https://www.wakingthered.com,0,1,0,0,0,0,0,0,1,1,1,0,1,1,0,1,1,0,1,1
https://www.palass.org,0,1,0,0,0,0,0,0,0,1,1,0,1,0,0,0,0,0,1,1
https://sezoiv.web.app/,0,1,0,0,0,0,1,0,0,1,0,0,1,0,0,0,0,0,0,0
http://www.mono-arts.com,0,0,0,0,0,0,1,0,1,0,0,0,0,0,0,0,0,0,0,0
https://login.p.verifyyahoomail.com/login.php?https://login.yahoo.com/?.src=ym&.intl=us&.lang=en-us,0,1,0,1,1,1,1,0,1,1,1,0,0,0,0,0,1,0,0,0
https://kalk.fr/wp-content/plugins/ioptimization/lin/only%20china,0,1,1,0,0,0,1,0,0,0,0,0,0,0,0,0,0,0,0,0
https://s3.amazonaws.com/appforest_uf/f1679627454927x155361935840985660/hawkin.html,0,1,0,0,0,0,1,0,1,0,0,0,0,0,0,0,0,0,0,0
https://www.lagosjudiciary.gov.ng,0,1,0,1,0,0,1,0,0,1,0,0,1,1,0,0,0,0,0,1
https://www.identixweb.com,0,1,0,0,0,0,0,0,1,1,1,1,1,1,0,1,1,0,1,1
https://ipfs.io/ipfs/bafybeifkzjedon3gsio76zaxs2w6nm7dghqxsl3ikylmrslxj4ic2bwuoy/,0,1,0,0,0,0,1,0,0,1,0,0,0,0,0,0,0,0,0,0
https://s4-fat.firebaseapp.com/,0,1,0,0,0,0,1,0,1,1,0,0,1,0,0,0,0,0,0,0
https://www.gaborstore.nl,0,1,0,0,0,0,0,0,0,1,1,1,1,1,0,1,1,0,1,1
http://www.fronterapost.house,0,0,0,0,0,0,0,0,0,0,0,0,0,0,0,0,0,0,0,0
https://www.bayernforum.com,0,1,0,0,0,0,0,0,1,1,1,1,0,1,0,1,1,1,1,1
https://wordpress-913877-3172019.cloudwaysapps.com/psll/4635a93c1c04e6f/login.php,0,1,0,0,0,0,1,0,1,1,0,0,0,0,0,0,0,0,0,0
https://www.threadcheck.com,0,1,0,0,0,0,0,0,1,1,1,1,1,1,1,1,1,0,1,1
https://www.detroitbadboys.com,0,1,0,0,0,0,0,0,1,1,1,0,1,1,0,1,1,0,1,1
http://mail.deliverylifesupport.com/public/vf50kszqyryn14x6vswulnkyrjdlw2p7,0,0,0,0,0,0,1,0,1,1,0,0,0,0,0,0,0,0,0,0
http://www.healthcarereport24.com,0,0,0,0,0,0,0,0,1,1,0,0,1,0,0,0,0,0,1,0
http://www.onlineproxy.us,0,0,0,0,0,0,0,0,0,1,0,0,1,0,0,0,0,0,0,0
https://www.cigargeeks.com,0,1,0,0,0,0,0,0,1,1,0,0,1,1,0,1,1,0,1,1
https://t.co/2nd3gdomfm,0,1,0,0,0,0,1,0,0,0,0,0,0,0,0,0,0,0,0,0
http://www.dogware.pw,0,0,0,0,0,0,0,0,0,0,0,1,0,0,0,0,0,0,0,0
https://www.greaternoidaauthority.in,0,1,0,0,0,0,0,0,0,1,1,0,0,0,0,1,0,0,1,1
https://www.czech-glass-society.cz,0,1,0,0,0,0,1,0,0,1,1,0,0,0,0,0,0,0,1,1
http://88002325565654.my.id/vlation.php,0,0,0,0,0,0,1,0,0,1,0,0,1,0,0,0,1,1,0,0
https://www.acewallet.finance,0,1,0,0,0,0,0,0,0,1,1,0,1,1,1,1,1,0,1,1
https://www.bigcanyoncc.org,0,1,0,0,0,0,0,0,0,1,1,1,1,1,0,0,0,0,1,1
https://www.yodobashi-co.shop/jp.php,0,1,0,0,0,0,1,0,0,1,0,1,1,0,0,0,0,0,0,0
https://www.pitkincounty.com,0,1,0,0,0,0,0,0,1,1,1,0,1,1,0,0,0,0,0,1
https://www.orono.org,0,1,0,0,0,0,0,0,0,1,1,0,1,1,0,0,0,0,1,1
http://ybbaw6.webwave.dev/,0,0,0,0,0,0,1,0,0,1,0,0,0,0,0,0,0,0,0,0
https://www.newlondon.org.uk,0,1,0,1,0,0,1,0,0,1,0,0,1,0,1,1,1,1,1,1
http://www.dionneg.com,0,0,0,0,0,0,0,0,1,1,0,0,0,0,0,0,0,0,0,0
http://uhcthankyou.com,0,0,0,0,0,0,0,0,1,1,0,0,0,0,0,0,0,0,0,0
https://www.pristineclassical.com,0,1,0,0,0,0,0,0,1,1,1,0,1,1,0,1,1,1,1,1
https://www.apec.org,0,1,0,0,0,0,0,0,0,1,1,0,1,0,0,1,1,0,1,1
https://www.tidbitsofexperience.com,0,1,0,0,0,0,0,0,1,1,0,1,1,1,0,1,0,0,1,1
https://www.garaget.org,0,1,0,0,0,0,0,0,0,1,1,0,1,0,0,1,0,0,1,1
https://www.sprayedout.com,0,1,0,0,0,0,0,0,1,1,0,1,1,1,0,1,1,0,1,1
http://www.goober.sh,0,0,0,0,0,0,0,0,0,0,0,0,0,0,0,0,0,0,0,0
http://www.techooze.com,0,0,0,0,0,0,0,0,1,0,0,0,0,0,0,0,0,0,0,0
https://www.mooredaleconcerts.com,0,1,0,0,0,0,0,0,1,1,1,1,1,0,0,1,1,0,1,1
https://www.astroscience.com,0,1,0,0,0,0,0,0,1,1,1,1,1,1,0,1,1,0,1,1
https://www.yasinrayan.com,0,1,0,0,0,0,0,0,1,1,1,1,1,1,1,1,1,1,1,1
https://www.spamcop.net,0,1,0,0,0,0,0,0,0,1,1,0,0,1,0,0,1,1,1,1
https://bafybeie2cw4x7ccgx44g7v6td2p4laryuaoh3tpv53hs75ilebhbigd7nm.ipfs.dweb.link/,0,1,0,1,0,0,1,0,0,1,0,0,0,0,0,0,0,0,0,0
https://www.yabeyrouth.com,0,1,0,0,0,0,0,0,1,1,1,1,1,1,0,0,0,0,1,1
https://www.torontogardens.com,0,1,0,0,0,0,0,0,1,1,1,0,1,0,0,1,1,0,0,1
https://www.schau-hin.info,0,1,0,0,0,0,1,0,0,1,1,0,0,1,0,1,1,0,1,1
https://www.ccit.edu.cn,0,1,0,1,0,0,1,0,0,1,1,0,0,0,0,0,1,0,0,1
https://www.thereporterethiopia.com,0,1,0,0,0,0,0,0,1,1,0,1,1,1,1,1,1,0,1,1
http://www.westleyu.cf,0,0,0,0,0,0,0,0,0,1,0,0,0,0,0,0,0,0,0,0
http://www.gamblrapps.com,0,0,0,0,0,0,0,0,1,0,0,0,0,0,0,0,0,0,0,0
https://joeroundxx006.firebaseapp.com/,0,1,0,0,0,0,1,0,1,1,1,0,1,0,0,0,1,1,0,0
https://www.ipcc-nggip.iges.or.jp,0,1,0,1,0,0,1,0,0,1,0,0,1,1,0,0,0,0,1,1
http://www.eblaghie-15.ga,0,0,0,0,0,0,1,0,0,1,0,0,0,0,0,0,0,0,0,0
http://www.home.bespike.com,0,0,0,1,0,0,1,0,1,1,0,0,0,0,0,0,0,0,1,0
https://mn8xt8.webwave.dev/,0,1,0,0,0,0,1,0,0,1,0,0,0,1,0,0,0,0,0,0
http://www.update9876.dnsd.me,0,0,0,1,0,0,1,0,0,0,0,0,0,0,0,0,0,0,0,0
https://www.mashvirtual.com,0,1,0,0,0,0,0,0,1,1,1,0,1,0,0,0,1,0,1,1
https://www.codescan.io,0,1,0,0,0,0,0,0,0,1,1,1,1,1,0,1,1,0,1,1
https://www.airthings.com,0,1,0,0,0,0,0,0,1,1,1,0,1,1,0,1,1,0,1,1
https://www.mbtionline.com,0,1,0,0,0,0,0,0,1,1,1,0,1,1,0,1,0,0,1,1
https://www.dsprelated.com,0,1,0,0,0,0,0,0,1,1,1,0,1,1,0,1,1,1,0,1
http://medo.world/wp/adobe/error.php,0,0,0,0,0,0,1,0,0,1,1,0,0,0,0,0,1,1,0,0
https://www.purplehousepress.com,0,1,0,0,0,0,0,0,1,1,1,0,1,1,0,1,1,1,1,1
https://p1v2og.webwave.dev/,0,1,0,0,0,0,1,0,0,1,0,0,0,1,0,0,0,0,0,0
http://www.1c1157fa.caa.update.customs-lk.org,0,0,0,1,0,0,1,0,0,1,0,0,1,0,0,0,0,0,0,0
http://video.o6hff.com/ntzyywtw/,0,0,0,0,0,0,1,0,1,0,0,0,0,0,0,0,0,0,0,0
https://www.northwest-homes.com,0,1,0,0,0,0,1,0,1,1,1,0,1,1,0,1,0,0,1,1
https://dasdsad.dfsfdfdsfsd.repl.co/des/index.php,0,1,0,1,0,0,1,0,0,1,0,0,0,0,0,0,0,0,0,0
https://amfdc5u.firebaseapp.com/,0,1,0,0,0,0,1,0,1,1,0,0,1,0,0,0,0,0,0,0
http://www.saisson-co-jp.aeocnse.tyjlpa.top/jp.php,0,0,0,1,0,0,1,0,0,1,0,0,0,0,0,0,0,0,0,0
https://www.vigyan.com,0,1,0,0,0,0,0,0,1,1,0,0,0,0,0,0,0,0,1,1
https://www.lfp.fr,0,1,0,0,0,0,0,0,0,1,0,0,1,0,0,1,0,0,1,1
https://aave-ethereum.info/#/,0,1,0,0,0,0,1,0,0,1,1,1,0,0,0,0,0,0,0,0
https://www.aep.gov.py,0,1,0,1,0,0,1,0,0,1,0,0,1,0,0,1,1,0,0,1
https://borys.kasienkakonla.pl/aiigro/email@example.com,0,1,0,0,0,0,1,0,0,1,0,1,1,0,0,0,0,0,0,0
https://s3.ap-northeast-2.wasabisys.com/docusign270220234docs038mic/docu.htm,0,1,0,1,0,0,1,0,1,0,0,0,0,0,0,0,0,0,0,0
http://www.wpmaintenanceteam.com,0,0,0,0,0,0,0,0,1,1,0,0,0,0,0,0,0,0,0,0
https://docs.google.com/forms/d/e/1faipqlscirilop6_iti0zvvrlsbk8zfaeo-f10otlhj9k5liyervk4g/viewform,0,1,0,0,0,0,1,0,1,1,1,0,1,0,0,0,1,0,0,0
http://www.hospitaldesitges.cat,0,0,0,0,0,0,0,0,0,0,0,0,0,0,0,0,0,0,0,0
https://www.amazcon-co-jp.amacszan.fyhikw.top/ap/signin,0,1,0,1,0,0,1,0,0,1,0,0,0,0,0,0,0,0,0,0
https://www.detakhukum.com,0,1,0,0,0,0,0,0,1,1,0,1,1,1,0,1,1,0,1,1
https://convention-securitaire-paribas.web.app/,0,1,0,0,0,0,1,0,0,1,0,0,1,0,0,0,0,0,0,0
https://www.page.org.au,0,1,0,1,0,0,1,0,0,1,0,1,1,0,1,1,1,1,1,1
http://www.b0ne.com,0,0,0,0,0,0,0,0,1,0,0,0,0,0,0,0,0,0,0,0
https://www.getgrist.com,0,1,0,0,0,0,0,0,1,1,0,1,0,1,0,1,1,0,1,1
https://23154.jimdosite.com/,0,1,0,0,0,0,1,0,1,1,0,1,1,0,0,0,0,0,0,0
https://www.thekojonnamdishow.org,0,1,0,0,0,0,0,0,0,1,1,0,1,1,0,0,1,0,1,1
https://www.tenutasantigiacomoefilippo.it,0,1,0,0,0,0,0,0,0,1,0,1,1,1,0,1,0,0,0,1
https://www.redeem-azuki.com/,0,1,0,0,0,0,1,0,1,0,0,0,0,0,0,0,0,0,0,0
https://www.colorix.com,0,1,0,0,0,0,0,0,1,1,1,0,1,1,0,0,0,0,1,1
http://www.uberoatsn.com.aia130.top/,0,0,0,1,0,0,1,0,0,0,0,0,0,0,0,0,0,0,0,0
http://www.gatewayantimanomissioni.com,0,0,0,0,0,0,0,0,1,1,0,0,0,0,0,0,0,0,0,0
http://www.erhbdf.gq,0,0,0,0,0,0,0,0,0,1,0,0,0,0,0,0,0,0,0,0
http://www.woodstor.com,0,0,0,0,0,0,0,0,1,1,0,0,1,0,0,0,0,0,0,0
https://www.sareligionuoft.ca,0,1,0,0,0,0,0,0,0,1,1,0,1,1,0,0,0,0,1,1
https://www-info-smbc.viptupian.com/all/login.php,0,1,0,0,0,0,1,0,1,0,0,0,0,0,0,0,0,0,0,0
https://dijitalsubeacikdenizv10-com.tk/,0,1,0,0,0,0,1,0,0,1,0,0,0,0,0,0,0,0,0,0
https://sparka-pushtan.com/,0,1,0,0,0,0,1,0,1,1,0,1,1,0,0,0,0,0,0,0
http://www.matemik.com,0,0,0,0,0,0,0,0,1,0,0,0,0,0,0,0,0,0,0,0
http://gemunelooggi.godaddysites.com/,0,0,0,0,0,0,1,0,1,0,0,0,0,0,0,0,0,0,0,0
http://www.poczta.blocktrail.com,0,0,0,1,0,0,1,0,1,1,0,0,0,0,0,0,0,0,0,0
https://www.gccouncil.go.kr,0,1,0,1,0,0,1,0,0,1,1,1,1,1,0,1,1,0,1,1
https://www.explorewithed.co.uk,0,1,0,1,0,0,1,0,0,1,0,1,1,1,0,1,1,0,1,1
http://www.ticket-11.com/,0,0,0,0,0,0,1,0,1,1,0,0,1,0,0,0,0,0,0,0
https://www.nmrcnoida.com,0,1,0,0,0,0,0,0,1,1,1,1,1,1,0,1,1,0,1,1
https://www.ilotsacre.be,0,1,0,0,0,0,0,0,0,1,1,0,0,1,0,0,0,0,1,1
https://www.teacherstylebox.com,0,1,0,0,0,0,0,0,1,1,1,0,1,1,0,1,0,1,1,1
https://www.musiccouncil.org,0,1,0,0,0,0,0,0,0,1,1,1,0,1,0,1,0,0,1,1
https://www.faconjacmin.com,0,1,0,0,0,0,0,0,1,1,0,0,1,1,0,1,0,1,0,1
https://www.cinechronicle.com,0,1,0,0,0,0,0,0,1,1,1,1,0,1,1,1,1,0,1,1
http://www.a63vfd6e57.s3.ap-northeast-1.amazonaws.com,0,0,0,1,0,0,1,0,1,0,0,0,0,0,0,0,0,0,0,0
https://www.dudley-stephens.com,0,1,0,0,0,0,1,0,1,1,1,0,1,1,0,1,1,1,0,1
https://www.yokohamafc.com,0,1,0,0,0,0,0,0,1,1,1,0,1,1,0,1,1,0,1,1
https://mail.deliverylifesupport.com/public/lturkcznkatlbm6vtkpqptmb40v0a6fx,0,1,0,0,0,0,1,0,1,1,0,0,0,0,0,0,0,0,0,0
https://www.philipkdickaward.org,0,1,0,0,0,0,0,0,0,1,0,0,0,1,0,1,0,0,0,1
https://www.harmonicinc.com,0,1,0,0,0,0,0,0,1,1,0,0,1,1,0,1,0,0,1,1
https://www.thenatureofcities.com,0,1,0,0,0,0,0,0,1,1,1,1,1,0,0,1,1,0,1,1
https://www.winemerchantcincinnati.com,0,1,0,0,0,0,0,0,1,1,0,0,1,1,0,1,0,0,1,1
https://www.montrealmirror.com,0,1,0,0,0,0,0,0,1,1,1,1,1,1,0,1,1,1,1,1
https://www.lelo.com,0,1,0,0,0,0,0,0,1,1,1,0,1,1,0,1,1,0,1,1
https://fleek.ipfs.io/ipfs/qmfnhdfgpp7paidpveq7rztcswt242jfetwyknqfjhmonw/,0,1,0,0,0,0,1,0,0,1,0,0,0,0,0,0,0,0,0,0
https://www.scamalert.sg,0,1,0,0,0,0,0,0,0,1,1,0,1,0,0,1,0,0,1,1
https://gacgestaocorporativa.com.br/@b3xx/index.html#abuse@bluehost.com,0,1,0,0,0,0,1,0,0,1,0,0,1,0,0,0,0,1,1,0
http://www.ninjaweb.xyz,0,0,0,0,0,0,0,0,0,0,0,0,0,0,0,0,0,0,0,0
https://www.soundpure.com,0,1,0,0,0,0,0,0,1,1,1,0,0,1,1,1,1,0,1,1
https://www.fares-foundation.org,0,1,0,0,0,0,1,0,0,1,1,0,0,0,0,1,0,0,1,1
https://servidorluizafacil23.com/?gclid=eaiaiqobchmi5ejgvbfh_qivgftjbx3p3ghreaayasaaegls3vd_bwe,0,1,0,0,1,1,1,0,1,0,0,0,0,0,0,0,0,0,0,0
http://www.schokogirls.com,0,0,0,0,0,0,0,0,1,0,0,0,0,0,0,0,0,0,0,0
https://www.arcadiawd.com,0,1,0,0,0,0,0,0,1,1,0,0,1,1,0,1,1,0,1,1
https://5jgowejs.ru/1c816,0,1,0,0,0,0,1,0,0,1,0,0,0,0,0,0,0,0,0,0
http://www.juegosdigitales24horas.com/sfnotice/globalsources/index2.php?email,0,0,0,0,0,1,1,0,1,1,0,0,1,0,0,0,1,1,1,0
http://www.f0538075.xsph.ru,0,0,0,1,0,0,1,0,0,1,0,0,0,0,0,0,0,0,0,0
http://2q93314.atsnx.com/,0,0,0,0,0,0,1,0,1,0,0,0,0,0,0,0,0,0,0,0
https://www.la-croix.com,0,1,0,0,0,0,1,0,1,1,1,1,1,1,0,1,0,0,1,1
https://21673669-1bd7-4fef-9648-dba54a2d4f5f.id.repl.co/,0,1,0,1,0,0,1,0,0,1,0,0,1,0,0,0,1,1,0,0
https://docs.google.com/presentation/d/e/2pacx-1vqgjsgbbagm8ikte66dglxkhzuyoxvx64veyg4bbfwy1sty8bkzieidtlpqmdll7axap9kmsyglkzcm/pub?start=false&loop=false&delayms=3000,0,1,0,0,1,1,1,0,1,1,1,0,1,0,0,0,0,0,1,0
https://www.designdirect.io,0,1,0,0,0,0,0,0,0,1,0,0,1,1,0,1,1,0,1,1
https://www.montgomeryhistory.org,0,1,0,0,0,0,0,0,0,1,1,0,1,0,0,1,1,0,1,1
https://ipfs.litnet.work/ipfs/bafybeidvnscpg4et53tdvs4iel5cxua2j4ffcjoyupkyymkgjl2rpywxq4,0,1,0,0,0,0,1,0,0,1,0,1,1,0,0,0,0,0,0,0
https://maildinshaakckjnw272.web.app/,0,1,0,0,0,0,1,0,0,1,0,0,1,0,0,0,0,0,0,0
http://www.encludemedia.com,0,0,0,0,0,0,0,0,1,1,0,0,1,0,0,0,0,0,0,0
http://www.mazengr.com,0,0,0,0,0,0,0,0,1,1,0,0,1,0,0,0,0,0,0,0
https://nodeunblocker.net/proxy/https:/www.mercadolibre.com/jms/mlm/lgz/login?platform_id=ml&go=https://articulo.mercadolibre.com.mx/mlm-1405430125-toner-hp-507a-amarillo-original-6000-paginas-ce402a-_jm&logintype=explicit,0,1,0,0,1,1,1,0,0,1,1,1,1,0,0,0,1,0,1,0
https://www.closingtheloop.eu,0,1,0,0,0,0,0,0,0,1,1,0,1,1,0,1,0,0,0,1
https://www.biospace.com,0,1,0,0,0,0,0,0,1,1,1,1,1,1,0,1,1,0,1,1
https://super-wind-8716.horavi7644.workers.dev/,0,1,0,1,0,0,1,0,0,0,0,0,0,0,0,0,0,0,0,0
https://www.thecasecentre.org,0,1,0,0,0,0,0,0,0,1,0,0,1,1,0,1,1,0,1,1
https://www.huisaanzeecadzand.nl,0,1,0,0,0,0,0,0,0,1,0,1,1,1,0,1,1,0,0,1
http://www.hopedalebooks.com,0,0,0,0,0,0,0,0,1,1,0,0,1,0,0,0,0,0,0,0
https://ipfs.io/ipfs/qmxesznm7jr6mc5uy4rsyhyuwf9ubv3vfnuztq7vupyesu,0,1,0,0,0,0,1,0,0,1,0,0,0,0,0,0,0,0,0,0
http://662099311571888xxdazbvqvqyzgkvu.sepa-00980-force-drop.oa.r.appspot.com/?fbclid=iwar0h8tpzozrgcqcn1vynitdojhdrid5anrbq8n37vuuaxv5wsqg5hrmdoam,0,0,0,1,1,1,1,0,1,1,0,0,0,0,0,0,0,0,0,0
http://www.berjke.ru,0,0,0,0,0,0,0,0,0,0,0,0,0,0,0,0,0,0,0,0
https://s3.amazonaws.com/appforest_uf/f1675899872999x516426315073413000/po0.html,0,1,0,0,0,0,1,0,1,1,0,1,1,0,0,0,0,1,0,0
https://www.ryukyu-corazon.com,0,1,0,0,0,0,1,0,1,1,0,1,1,1,0,1,1,0,1,1
http://www.connsec.publicvm.com,0,0,0,1,0,0,1,0,1,1,0,0,0,0,0,0,0,0,0,0
https://primarie.net/site/wp-includes/js/jp/exciting-dhawan-plesk.page.html,0,1,0,0,0,0,1,0,0,1,0,0,1,0,0,0,0,0,0,0
http://www.myrefund-ato.myseoplus.com,0,0,0,1,0,0,1,0,1,1,0,0,1,0,0,0,0,0,0,0
https://authauthvalidate1.firebaseapp.com/,0,1,0,0,0,0,1,0,1,0,0,0,0,0,0,0,0,0,0,0
http://www.2all.de,0,0,0,0,0,0,0,0,0,1,0,0,0,0,0,0,0,0,0,0
https://ev6gwa.webwave.dev/,0,1,0,0,0,0,1,0,0,1,0,0,0,1,0,0,0,0,0,0
http://www.dilsrl.com,0,0,0,0,0,0,0,0,1,0,0,0,0,0,0,0,0,0,0,0
https://www.observatorioreligion.es,0,1,0,0,0,0,0,0,0,1,1,1,1,1,1,0,1,0,0,1
https://ipfs.litnet.work/ipfs/bafybeiardsa5er7hxrjr74j6khdgikhmxomx5hrwldrefftslvh72a3rai/karatwebautoback.html,0,1,0,0,0,0,1,0,0,1,0,1,1,0,0,0,0,0,0,0
https://www.hautehouseflower.com,0,1,0,0,0,0,0,0,1,1,0,1,0,1,0,1,0,0,1,1
https://www.angelexxa.com,0,1,0,0,0,0,0,0,1,1,1,0,0,0,0,1,0,0,0,1
https://www.tron.co.uk,0,1,0,1,0,0,1,0,0,1,0,1,1,0,0,1,0,0,0,1
https://mottw2rha43d.movea-med.de/ouiiigalikjs5/,0,1,0,0,0,0,1,0,0,0,0,0,0,0,0,0,0,0,0,0
https://www.hlrs.de,0,1,0,0,0,0,0,0,0,1,1,0,1,0,0,1,0,0,1,1
http://www.mailgate.blocktrail.com,0,0,0,1,0,0,1,0,1,1,0,0,0,0,0,0,0,0,0,0
https://www.infopensiuni.ro,0,1,0,0,0,0,0,0,0,1,1,1,1,1,0,1,1,0,1,1
https://www.culturalprecinct.uwa.edu.au,0,1,0,1,0,0,1,0,0,1,0,0,1,1,0,1,1,0,0,1
https://help-id-fb-2056228625.firebaseapp.com/,0,1,0,0,0,0,1,0,1,1,1,0,1,0,0,0,0,0,0,0
https://www.bundyiculture.com.au,0,1,0,1,0,0,1,0,0,1,1,0,1,0,0,1,0,0,0,1
https://jpospe.com,0,1,0,0,0,0,0,0,1,1,0,1,1,0,0,0,0,0,0,0
https://att-107719-101332.weeblysite.com/,0,1,0,0,0,0,1,0,1,1,0,0,0,0,0,0,0,0,0,0
https://www.pteverywhere.com,0,1,0,0,0,0,0,0,1,1,0,0,1,1,0,1,0,0,0,1
https://www.arithmeum.uni-bonn.de,0,1,0,1,0,0,1,0,0,1,1,1,1,0,0,0,0,0,1,1
https://www.evpl.org,0,1,0,0,0,0,0,0,0,1,1,1,1,1,0,1,1,0,1,1
https://xsl4je.webwave.dev/,0,1,0,0,0,0,1,0,0,1,0,0,0,1,0,0,0,0,0,0
https://www.yamada-denki.jp,0,1,0,0,0,0,1,0,0,1,0,1,1,1,0,0,0,0,1,1
http://microcav.square.site/,0,0,0,0,0,0,1,0,0,1,0,0,0,0,0,0,0,0,0,0
http://www.myvanillastuffs.xyz,0,0,0,0,0,0,0,0,0,0,0,0,0,0,0,0,0,0,0,0
https://www.kva.se,0,1,0,0,0,0,0,0,0,1,0,1,1,1,0,1,0,0,0,1
https://www.ouokt.com,0,1,0,0,0,0,0,0,1,1,1,0,0,1,0,1,0,0,1,1
https://mickeytech1.github.io/netflix-clone,0,1,0,0,0,0,1,0,0,1,0,0,0,0,0,0,0,0,0,0
https://att-106077.square.site/,0,1,0,0,0,0,1,0,0,1,0,0,0,0,0,0,0,0,0,0
https://www.en.eghtesadonline.com,0,1,0,1,0,0,1,0,1,1,0,0,1,1,0,1,0,0,1,1
https://s.ezkl-seazzu.icu/jp.php,0,1,0,0,0,0,1,0,0,1,0,1,1,0,0,0,0,0,0,0
https://www.merwinasia.com,0,1,0,0,0,0,0,0,1,1,1,0,1,1,0,1,0,0,0,1
http://www.rovaconstruction.com,0,0,0,0,0,0,0,0,1,1,0,0,0,0,0,0,0,0,0,0
http://nanocal.se/rsvq/zhx/trkns.php,0,0,0,0,0,0,1,0,0,0,0,0,0,0,0,0,0,0,0,0
http://www.lifehelper.kr,0,0,0,0,0,0,0,0,0,1,0,0,0,0,0,0,0,0,0,0
https://www.inforse.org,0,1,0,0,0,0,0,0,0,1,0,0,0,1,0,1,0,0,0,1
https://www.meat.org,0,1,0,0,0,0,0,0,0,1,1,0,1,1,0,1,1,0,1,1
http://www.cd.freecontent.win,0,0,0,1,0,0,1,0,0,1,0,0,0,0,0,0,0,0,0,0
https://www.orfieldlabs.com,0,1,0,0,0,0,0,0,1,1,1,0,1,0,0,0,1,0,1,1
https://www.quickchippy.com.au,0,1,0,1,0,0,1,0,0,1,1,0,1,0,1,1,1,0,1,1
http://www.strefagracza.online,0,0,0,0,0,0,0,0,0,0,0,0,0,0,0,0,0,0,0,0
http://www.agretto.com,0,0,0,0,0,0,0,0,1,0,0,0,0,0,0,0,0,0,0,0
https://infura-ipfs.io/ipfs/qmdxwua5mtcpqfrcqpbuup8sqyncyanha4dqz9dalye5jx/index1.html,0,1,0,0,0,0,1,0,0,0,0,0,0,0,0,0,0,0,0,0
https://verifycheckchechyahooatt.weebly.com/,0,1,0,0,0,0,1,0,1,1,0,1,1,0,0,0,0,0,0,0
http://www.onetours.net,0,0,0,0,0,0,0,0,0,0,0,0,0,0,0,0,0,0,0,0
https://www.kcstarlight.com,0,1,0,0,0,0,0,0,1,1,1,1,1,1,0,1,1,0,1,1
https://www.myuncleshouse.co.uk,0,1,0,1,0,0,1,0,0,1,0,0,1,1,0,1,1,1,1,1
https://www.lordltbristol.org.uk,0,1,0,1,0,0,1,0,0,1,0,1,1,1,0,0,0,0,1,1
https://www.caringhandshealthcares.com,0,1,0,0,0,0,0,0,1,1,0,0,1,1,0,1,0,0,1,1
https://www.collegiendeprovence.fr,0,1,0,0,0,0,0,0,0,1,1,0,1,0,0,1,1,0,1,1
https://pestomatoes-4da91.firebaseapp.com/,0,1,0,0,0,0,1,0,1,1,0,0,1,0,0,0,0,0,0,0
https://www.unhny.org,0,1,0,0,0,0,0,0,0,1,1,0,1,1,0,1,1,0,1,1
https://dev-verificacion-itau7.pantheonsite.io/,0,1,0,0,0,0,1,0,0,1,0,0,1,0,0,0,1,1,0,0
https://ipfs.io/ipfs/qmrxgm6thhqyger7az5dy2bacubztbcywbkpzksmyku8u4,0,1,0,0,0,0,1,0,0,1,0,0,0,0,0,0,1,1,1,0
https://bai-directo-actualize-maxima-seguranca43.webnode.page/,0,1,0,0,0,0,1,0,0,1,0,1,0,0,0,0,0,0,1,0
http://www.subtitle.cannca.shop,0,0,0,1,0,0,1,0,0,1,0,0,0,0,0,0,0,0,0,0
https://babsecurity.co.ke/db/en,0,1,0,0,0,0,1,0,0,1,0,0,1,0,0,0,0,0,0,0
https://www.news.janegoodall.org,0,1,0,1,0,0,1,0,0,1,0,1,1,1,0,1,1,1,1,1
https://www.peteinfo.com,0,1,0,0,0,0,0,0,1,1,0,1,1,1,0,1,1,0,1,1
https://sufisofindia.com/final.html,0,1,0,0,0,0,1,0,1,1,0,0,0,0,0,0,0,0,0,0
https://bafybeiasz3wbij54fe3wqa7iv5pojte7fbc7tfncdnlkbnfnr2rmafkqti.ipfs.cf-ipfs.com/,0,1,0,1,0,0,1,0,1,1,0,1,1,0,0,0,1,0,0,0
https://www.musl.com,0,1,0,0,0,0,0,0,1,1,0,0,1,1,0,0,0,0,1,1
https://www.ennex.com,0,1,0,0,0,0,0,0,1,1,1,0,1,0,0,0,1,0,1,1
https://www.nicholsonspubs.co.uk,0,1,0,1,0,0,1,0,0,1,0,1,1,1,0,1,0,0,1,1
http://u1965047.plsk.regruhosting.ru/185/,0,0,0,1,0,0,1,0,0,1,0,0,1,0,0,0,0,1,1,0
https://www.lenadiaz.com,0,1,0,0,0,0,0,0,1,1,1,0,0,1,0,1,0,0,0,1
https://www.msoftware.co.nz,0,1,0,1,0,0,1,0,0,1,0,1,1,0,0,0,0,0,0,1
https://www.conbotasdeagua.com,0,1,0,0,0,0,0,0,1,1,1,1,1,0,0,1,1,0,1,1
http://tulhp20cu-dot-sp39020302344-xxdazbvqvqyzgkvu.sepa-00980-force-drop.oa.r.appspot.com/?fbclid=iwar2tirvbjv3e2pfld5fpovs84fjzqhg7g-9nxdfmb-c87ofhzglxwkyxlpq,0,0,0,1,1,1,1,0,1,1,0,0,0,0,0,0,0,0,0,0
https://www.afmuseum.com,0,1,0,0,0,0,0,0,1,1,0,0,1,0,0,1,0,0,1,1
https://access-gabe.com,0,1,0,0,0,0,1,0,1,1,0,0,0,0,0,0,0,0,0,0
https://www.sbgrid.org,0,1,0,0,0,0,0,0,0,1,0,0,1,1,0,1,1,0,1,1
https://www.rohaniduniyaonline.com,0,1,0,0,0,0,0,0,1,1,1,1,1,1,0,1,1,0,1,1
https://www.tps.ucsb.edu,0,1,0,1,0,0,1,0,0,1,1,0,1,1,0,0,1,0,1,1
https://www.autoinfluence.com,0,1,0,0,0,0,0,0,1,1,1,1,1,0,0,1,1,0,1,1
https://www.caricaturemaster.com,0,1,0,0,0,0,0,0,1,1,0,0,1,1,0,1,1,0,1,1
https://www.circlek.se,0,1,0,0,0,0,0,0,0,1,1,1,1,1,0,1,0,0,1,1
https://ipfs.io/ipfs/bafybeibhupdbhfezsjnjvwvqzeu6obu5k3bvjjociiabkddl77yekcmxke/abcdefgt.html,0,1,0,0,0,0,1,0,0,1,0,0,0,0,0,0,0,0,0,0
https://s92092-idsecure.com/?username=ta.ecoles@aftal.com,0,1,0,0,1,1,1,0,1,1,0,1,1,0,0,0,0,0,0,0
https://www.hardlyart.com,0,1,0,0,0,0,0,0,1,1,1,0,1,1,0,1,1,1,1,1
https://www.lockheedmartin.com,0,1,0,0,0,0,0,0,1,1,1,0,1,1,0,1,0,0,1,1
https://www.redcresearch.ie,0,1,0,0,0,0,0,0,0,1,1,1,1,0,0,1,1,1,1,1
http://www-kastropgroup-com.usrfiles.com/html/0e472f_4d9b2a88f72eb4191a8eb158b004ca1f.html,0,0,0,0,0,0,1,0,1,0,0,0,0,0,0,0,0,0,0,0
https://dfss-40827.firebaseapp.com/,0,1,0,0,0,0,1,0,1,1,0,0,1,0,0,0,0,0,0,0
https://www.reichsbanner-geschichte.de,0,1,0,0,0,0,1,0,0,1,1,1,1,0,0,1,0,0,1,1
https://www.switchy.in,0,1,0,0,0,0,0,0,0,1,1,0,1,1,0,1,1,0,1,1
http://www.yourinsuranceconnection.life,0,0,0,0,0,0,0,0,0,1,0,0,0,0,0,0,0,0,0,0
https://www.xenith.com,0,1,0,0,0,0,0,0,1,1,0,0,1,1,0,1,1,1,1,1
https://sgvk-t9dw-q.web.app/,0,1,0,0,0,0,1,0,0,1,0,0,1,0,0,0,0,0,0,0
https://yiw7219whwu1791hjwnw9113nsjs.myportfolio.com/,0,1,0,0,0,0,1,0,1,0,0,0,0,0,0,0,0,0,0,0
https://www.epic.com,0,1,0,0,0,0,0,0,1,1,0,0,1,1,0,0,0,0,1,1
http://1636365.com/assets/40popperjs.36402333.js/assets/@vue.8c84d7fe.js/assets/,0,0,0,0,0,0,1,0,1,1,1,0,1,0,0,0,0,0,0,0
https://www.armenia.com.au,0,1,0,1,0,0,1,0,0,1,1,0,1,1,0,1,0,0,1,1
https://oeauuk.webwave.dev/,0,1,0,0,0,0,1,0,0,1,0,0,0,1,0,0,0,0,0,0
https://www.bpma.co.uk,0,1,0,1,0,0,1,0,0,1,1,0,1,0,0,1,1,0,1,1
https://www.911law.com,0,1,0,0,0,0,0,0,1,1,0,0,0,1,0,1,1,0,1,1
http://www.amazcazm-co-jp.amazocon.chaweizi.top/,0,0,0,1,0,0,1,0,0,0,1,0,1,0,0,0,0,0,0,0
https://www.astrelon.com,0,1,0,0,0,0,0,0,1,1,0,0,0,0,0,1,0,0,1,1
https://www.whidbeynewstimes.com,0,1,0,0,0,0,0,0,1,1,1,1,1,1,0,1,1,0,1,1
http://www.shun.ml,0,0,0,0,0,0,0,0,0,1,0,0,0,0,0,0,0,0,0,0
https://sarahjohnsonbooks.com/desks/confirm,0,1,0,0,0,0,1,0,1,1,0,0,0,0,0,0,0,0,0,0
https://www.nhpco.org,0,1,0,0,0,0,0,0,0,1,1,1,1,0,0,1,1,0,1,1
https://www.kikiandcarmelo.com,0,1,0,0,0,0,0,0,1,1,0,1,1,0,0,0,1,0,1,1
https://www.themetalcasting.com,0,1,0,0,0,0,0,0,1,1,0,1,1,1,0,0,1,0,1,1
https://kouijed.web.app/,0,1,0,0,0,0,1,0,0,1,0,0,1,0,0,0,0,0,0,0
http://creditoslbkextracash.com/,0,0,0,0,0,0,1,0,1,1,0,0,1,0,0,0,0,0,0,0
https://www.epiteszforum.hu,0,1,0,0,0,0,0,0,0,1,0,0,1,0,0,1,0,1,1,1
https://www.teslarati.com,0,1,0,0,0,0,0,0,1,1,1,1,1,1,0,1,1,0,1,1
https://www.ppam.gov.my,0,1,0,1,0,0,1,0,0,1,1,1,1,1,0,0,0,0,0,1
http://www.enlightenedsoil.com,0,0,0,0,0,0,0,0,1,0,0,0,0,0,0,0,0,0,0,0
https://www.skiplino.com,0,1,0,0,0,0,0,0,1,1,1,1,1,0,0,1,1,1,1,1
http://www.arescsg.com,0,0,0,0,0,0,0,0,1,1,0,0,1,0,0,0,0,0,0,0
https://www.hollywoodinsider.com,0,1,0,0,0,0,0,0,1,1,0,1,1,1,0,1,1,0,1,1
https://cancel3389407-binance-com.web.app/,0,1,0,0,0,0,1,0,0,1,0,0,1,0,0,0,0,0,0,0
https://www.oxfamindia.org,0,1,0,0,0,0,0,0,0,1,0,0,1,1,0,1,1,0,0,1
http://houdopme.com/offers/yahoo.html,0,0,0,0,0,0,1,0,1,0,0,0,0,0,0,0,0,0,0,0
https://www.iccpp.org,0,1,0,0,0,0,0,0,0,1,0,1,1,1,1,0,1,0,1,1
https://www.boozyburbs.com,0,1,0,0,0,0,0,0,1,1,1,1,1,1,0,0,1,0,1,1
https://www.times.co.nz,0,1,0,1,0,0,1,0,0,1,1,1,1,1,0,1,1,0,1,1
https://www.vitaminstringquartet.com,0,1,0,0,0,0,0,0,1,1,1,0,1,1,0,1,1,1,1,1
http://begenburda.blogspot.lu/,0,0,0,0,0,0,1,0,0,1,0,0,0,0,0,0,0,0,0,0
http://www.rebecaq.cf,0,0,0,0,0,0,0,0,0,1,0,0,0,0,0,0,0,0,0,0
http://www.s1p.no-ip.bz,0,0,0,1,0,0,1,0,0,0,0,0,0,0,0,0,0,0,0,0
https://www.racp.edu.au,0,1,0,1,0,0,1,0,0,1,1,0,1,0,0,1,1,0,1,1
https://www.ifuturz.com,0,1,0,0,0,0,0,0,1,1,1,1,1,1,0,1,1,0,1,1
https://portail-orange00.ddns.net/messagerie/36639620ade6ddb/finish.html,0,1,0,0,0,0,1,0,0,1,0,0,0,0,0,0,0,0,0,0
http://www.eapro.in,0,0,0,0,0,0,0,0,0,1,0,0,0,0,0,0,0,0,0,0
https://www.fazhom.com,0,1,0,0,0,0,0,0,1,1,0,0,1,0,0,1,0,0,0,1
https://www.visitcapewrath.com,0,1,0,0,0,0,0,0,1,1,1,1,1,1,0,1,0,0,1,1
https://www.monasterolo-psicologotorino.it,0,1,0,0,0,0,1,0,0,1,1,1,1,1,0,1,1,0,1,1
https://www.foyer-vietnam.org,0,1,0,0,0,0,1,0,0,1,1,0,1,1,0,1,0,0,1,1
https://www.lelores.com,0,1,0,0,0,0,0,0,1,1,0,0,1,1,0,1,1,1,1,1
https://sites.google.com/view/sistemadeverifcxx/inicio,0,1,0,0,0,0,1,0,1,1,1,0,1,0,0,0,0,0,1,0
https://www.plus.net,0,1,0,0,0,0,0,0,0,1,1,0,1,1,0,1,1,0,1,1
https://www.metrock.jp,0,1,0,0,0,0,0,0,0,1,1,0,1,1,0,1,0,0,0,1
https://www.adhrrf.org,0,1,0,0,0,0,0,0,0,1,0,1,1,1,0,1,1,0,1,1
http://www.yesdeko.com,0,0,0,0,0,0,0,0,1,0,0,0,0,0,0,0,0,0,0,0
http://www.a-ga.purpledaily.com,0,0,0,1,0,0,1,0,1,0,0,0,0,0,0,0,0,0,0,0
https://storageapi.fleek.co/c1418fbb-3c8a-444f-8d53-1072edbfbe4b-bucket/new/index.html,0,1,0,0,0,0,1,0,0,1,0,0,0,0,0,0,1,1,1,0
http://www.verification-live.com,0,0,0,0,0,0,1,0,1,0,0,0,0,0,0,0,0,0,0,0
http://www.embarrassmentar.com,0,0,0,0,0,0,0,0,1,0,0,0,0,0,0,0,0,0,0,0
http://www.aieov.com,0,0,0,0,0,0,0,0,1,0,0,0,0,0,0,0,0,0,0,0
http://tmvzcsvzof.duckdns.org,0,0,0,0,0,0,1,0,0,0,0,0,0,0,0,0,0,0,0,0
http://www.ttnj.fburl.fun,0,0,0,1,0,0,1,0,0,1,0,0,0,0,0,0,0,0,0,0
https://www.mediavine.com,0,1,0,0,0,0,0,0,1,1,1,1,1,1,0,1,1,0,1,1
http://dfjhjhjb2.com/?fds21fds54fds54sd,0,0,0,0,0,1,1,0,1,1,0,0,0,0,0,0,0,0,0,0
https://airdrop-trezor-eth.accesng.com/v3/,0,1,0,0,0,0,1,0,1,1,0,0,1,0,0,0,0,0,0,0
http://www.t9o.qcupn.com,0,0,0,1,0,0,1,0,1,0,0,0,0,0,0,0,0,0,0,0
http://www.l33t-milf.info,0,0,0,0,0,0,1,0,0,0,0,0,0,0,0,0,0,0,0,0
http://dev-gracefulhk.pantheonsite.io/fonts/images/email-logo.png,0,0,0,0,0,0,1,0,0,1,0,0,0,0,0,0,0,0,0,0
http://www.chyprediction.com,0,0,0,0,0,0,0,0,1,0,0,0,1,0,0,0,0,0,0,0
https://www.embalses.net,0,1,0,0,0,0,0,0,0,1,1,1,1,1,0,1,1,0,0,1
https://e8xds1kk.dreamwp.com/skat/,0,1,0,0,0,0,1,0,1,1,1,0,1,0,0,0,1,0,0,0
https://www.wirelesswaffle.com,0,1,0,0,0,0,0,0,1,1,1,1,1,1,0,0,0,0,0,1
https://www.modus.ie,0,1,0,0,0,0,0,0,0,1,1,1,1,0,0,0,0,0,0,1
https://www.fcf.cat,0,1,0,0,0,0,0,0,0,1,1,0,1,0,0,1,1,0,1,1
https://www.eblackstudies.org,0,1,0,0,0,0,0,0,0,1,1,1,1,1,0,0,1,0,1,1
https://www.nmz.de,0,1,0,0,0,0,0,0,0,1,1,0,0,1,0,1,1,1,1,1
https://www.sportal.de,0,1,0,0,0,0,0,0,0,1,1,0,0,1,0,0,0,0,0,1
https://www.dedomijnen.nl,0,1,0,0,0,0,0,0,0,1,0,1,1,1,0,1,1,0,1,1
http://www.sniffai.com,0,0,0,0,0,0,0,0,1,1,0,0,0,0,0,0,0,0,0,0
https://sberbank.id91368.ru/merchant/code,0,1,0,0,0,0,1,0,0,1,0,0,0,0,0,0,0,0,0,0
https://www.thewi.org.uk,0,1,0,1,0,0,1,0,0,1,1,0,1,1,0,1,1,0,1,1
https://www.kyffhaeuserbundev.de,0,1,0,0,0,0,0,0,0,1,1,1,1,1,0,0,1,0,1,1
http://mydhl-delivery.net/,0,0,0,0,0,0,1,0,0,1,0,0,0,0,0,0,0,0,0,0
https://www.burnham-on-sea.com,0,1,0,0,0,0,1,0,1,1,0,1,0,0,0,1,1,0,1,1
http://www.f0562069.xsph.ru,0,0,0,1,0,0,1,0,0,1,0,0,0,0,0,0,0,0,0,0
https://www.alkalmazasmobilra.hu,0,1,0,0,0,0,0,0,0,1,1,1,0,1,0,1,0,0,1,1
https://incluvip.tensplens.com/inicio/,0,1,0,0,0,0,1,0,1,1,0,0,0,0,0,0,0,0,0,0
https://att-1logscreen.weeblysite.com/,0,1,0,0,0,0,1,0,1,1,0,0,0,0,0,0,0,0,0,0
https://www.araten.co.jp,0,1,0,1,0,0,1,0,0,1,0,0,1,0,0,0,1,0,1,1
https://www.paolini.net,0,1,0,0,0,0,0,0,0,1,1,1,1,0,0,1,1,0,1,1
https://www.ynot.es,0,1,0,0,0,0,0,0,0,1,1,1,1,0,0,1,0,0,1,1
http://www.shareflx.social-card-share.top,0,0,0,1,0,0,1,0,0,1,0,1,1,1,0,0,0,0,0,0
https://webkeliyewebapp.web.app/,0,1,0,0,0,0,1,0,0,1,0,0,1,0,0,0,0,0,0,0
https://www.roros.no,0,1,0,0,0,0,0,0,0,1,1,0,1,1,0,1,1,0,1,1
https://www.luggagehero.com,0,1,0,0,0,0,0,0,1,1,1,1,1,1,0,1,1,0,1,1
http://77866f98-29d4-4bf3-9885-3fe91725db0c.id.repl.co/,0,0,0,1,0,0,1,0,0,0,0,0,0,0,0,0,0,0,0,0
https://www.kuronekoyamato.co.jp.gfcsz.top/ja,0,1,0,1,0,0,1,0,0,1,0,1,1,0,0,0,0,0,0,0
https://ipfs.litnet.work/ipfs/bafybeiafxdm5vr62p7xbfs2yivhsfkd5ruztk5ctuhpmpspjomxxp7xybq,0,1,0,0,0,0,1,0,0,1,0,1,1,0,0,0,0,0,0,0
http://www.2f6.pnhwq.com,0,0,0,1,0,0,1,0,1,0,0,0,0,0,0,0,0,0,0,0
https://www.xaverian.ac.uk,0,1,0,1,0,0,1,0,0,1,1,1,1,1,1,1,1,0,1,1
https://application.kurskmed.com/.well-known/btinternet/loginform?sslc,0,1,0,0,0,1,1,0,1,1,1,0,1,0,0,0,1,1,1,0
https://aruba.2fa-app-link-auth.com,0,1,0,0,0,0,1,0,1,0,0,0,0,0,0,0,0,0,0,0
http://www.hometownflooringwf.com,0,0,0,0,0,0,0,0,1,0,0,0,0,0,0,0,0,0,0,0
http://www.reokart.co.uk/wet/wt/wt/sign-in/,0,0,0,1,0,0,1,0,0,0,0,0,0,0,0,0,0,0,0,0
https://www.trudysprom.com,0,1,0,0,0,0,0,0,1,1,1,0,1,1,0,1,1,0,0,1
https://m-poste2.web.app/,0,1,0,0,0,0,1,0,0,0,0,0,0,0,0,0,0,0,0,0
https://fiemnet2bq--alfajorcapitan.repl.co/,0,1,0,0,0,0,1,0,0,1,0,0,0,0,0,0,0,0,0,0
https://www.europeanfilmacademy.org,0,1,0,0,0,0,0,0,0,1,0,1,1,1,1,1,1,0,1,1
https://www.belmontstakes.org,0,1,0,0,0,0,0,0,0,1,0,0,0,1,0,0,0,0,0,1
https://www.alldigitalphotoandvideo.com,0,1,0,0,0,0,0,0,1,1,0,1,1,0,0,1,1,0,1,1
https://www.tomjones.com,0,1,0,0,0,0,0,0,1,1,1,0,1,1,0,1,1,0,0,1
https://www.paragraphomodas.com.br,0,1,0,1,0,0,1,0,0,1,1,1,0,1,0,1,1,1,1,1
https://www.novaprata.rs.gov.br,0,1,0,1,0,0,1,0,0,1,1,1,1,1,0,1,0,0,1,1
https://www.corbettoregon.com,0,1,0,0,0,0,0,0,1,1,0,1,1,0,1,1,1,1,1,1
https://www.lussobabies.com,0,1,0,0,0,0,0,0,1,1,0,0,1,1,0,1,1,1,1,1
https://mtokenbg.web.app/,0,1,0,0,0,0,1,0,0,1,0,0,1,0,0,0,0,0,0,0
https://www.glorificandoadeus.com.br/admin/bd/botoes/de/de,0,1,0,1,0,0,1,0,0,1,0,0,0,0,0,0,0,0,0,0
https://www.qosfc.com,0,1,0,0,0,0,0,0,1,1,0,0,1,0,0,1,1,0,1,1
http://przechodzimy-dalej.gay/,0,0,0,0,0,0,1,0,0,1,0,0,1,0,0,0,1,1,1,0
https://www.foleyfoodandwinesociety.com,0,1,0,0,0,0,0,0,1,1,0,1,1,0,0,0,1,0,1,1
http://www.t-mobile-sso.net,0,0,0,0,0,0,1,0,0,0,0,0,0,0,0,0,0,0,0,0
https://pub-990feba4e4a7403ea14ae4a0827e43f3.r2.dev/thy.html,0,1,0,0,0,0,1,0,0,0,0,0,0,0,0,0,0,0,0,0
https://www.fraudlabspro.com,0,1,0,0,0,0,0,0,1,1,1,0,0,1,0,1,1,0,1,1
https://maildinshaakckjnw153.web.app/,0,1,0,0,0,0,1,0,0,1,0,0,1,0,0,0,0,0,0,0
https://www.smokingpipes.com,0,1,0,0,0,0,0,0,1,1,1,0,1,1,0,1,1,0,1,1
https://www.goodfuneralguide.co.uk,0,1,0,1,0,0,1,0,0,1,0,1,1,0,0,0,0,0,1,1
http://www.contrid.com,0,0,0,0,0,0,0,0,1,0,0,0,0,0,0,0,0,0,0,0
https://www.jodeyarrington.com,0,1,0,0,0,0,0,0,1,1,1,0,1,1,0,1,1,0,1,1
http://www.sdwmkj.com,0,0,0,0,0,0,0,0,1,1,0,0,0,1,0,0,0,0,0,0
https://www.deinz-fotografie.de,0,1,0,0,0,0,1,0,0,1,0,1,1,1,0,1,0,0,1,1
http://www.webboxrep.com,0,0,0,0,0,0,0,0,1,1,0,0,0,0,0,0,0,0,0,0
https://www.scots-online.org,0,1,0,0,0,0,1,0,0,1,1,0,1,1,0,1,1,0,1,1
https://www.huntingact.org,0,1,0,0,0,0,0,0,0,1,0,1,1,1,0,0,0,0,1,1
http://www.vanillaandcream.com,0,0,0,0,0,0,0,0,1,0,0,0,0,0,0,0,0,0,0,0
https://www.ccoo.cat,0,1,0,0,0,0,0,0,0,1,1,1,1,1,0,1,1,0,1,1
http://www.amerioaoexpreos.co.jp.caudgdk.cn/,0,0,0,1,0,0,1,0,0,0,1,0,1,0,0,0,0,0,0,0
https://www.sark.co.uk,0,1,0,1,0,0,1,0,0,1,0,1,1,1,0,1,1,0,1,1
http://www.lbiz.net,0,0,0,0,0,0,0,0,0,0,0,0,0,0,0,0,0,0,0,0
https://www.bluepoppy.com,0,1,0,0,0,0,0,0,1,1,0,0,1,0,0,1,0,0,1,1
https://www.hellwach-apps.de,0,1,0,0,0,0,1,0,0,1,1,1,1,1,0,1,1,0,0,1
https://www.ncfolk.org,0,1,0,0,0,0,0,0,0,1,1,1,1,0,0,1,1,1,1,1
http://www.fatura-sorgu.com,0,0,0,0,0,0,1,0,1,1,0,0,0,0,0,0,0,0,0,0
http://ycefnezlgz.orquideass.club/vnafvra97w/?q=3717065149&id=100,0,0,0,0,1,1,1,0,0,1,0,0,0,0,0,0,0,0,0,0
http://mediafire-jd.my.id/,0,0,0,0,0,0,1,0,0,0,0,0,0,0,0,0,0,0,0,0
https://page-inspection-35789.web.app/mappeal.html,0,1,0,0,0,0,1,0,0,1,0,0,1,0,0,0,0,0,0,0
http://www.classicscase.com,0,0,0,0,0,0,0,0,1,0,0,0,0,0,0,0,0,0,0,0
https://business-confirm-appeal-133d0.web.app/,0,1,0,0,0,0,1,0,0,1,0,0,1,0,0,0,0,0,0,0
https://www.myco.dica.gov.mm,0,1,0,1,0,0,1,0,0,1,0,0,1,0,0,0,0,1,0,1
https://mail-update-9694.formaloo.net/att104,0,1,0,0,0,0,1,0,0,1,0,0,0,0,0,0,1,0,0,0
https://aol-103453.weeblysite.com/,0,1,0,0,0,0,1,0,1,1,1,0,1,0,0,0,0,0,0,0
https://techstrategy.app/post/tracking/j0pl1n/details.php?id=59364087,0,1,0,0,1,1,1,0,0,1,0,1,1,0,0,0,0,0,0,0
http://aib-user.top/,0,0,0,0,0,0,1,0,0,1,0,0,0,0,0,0,0,0,0,0
https://which0x0054.firebaseapp.com/,0,1,0,0,0,0,1,0,1,1,0,0,1,0,0,0,0,0,0,0
http://www.808korean.com,0,0,0,0,0,0,0,0,1,0,0,0,0,0,0,0,0,0,0,0
https://www.nttr.co.jp,0,1,0,1,0,0,1,0,0,1,1,0,1,1,0,1,0,0,1,1
https://www.unesa.ac.id,0,1,0,1,0,0,1,0,0,1,0,0,1,1,0,1,0,0,1,1
https://www.altair.com.pl,0,1,0,1,0,0,1,0,0,1,1,1,0,1,0,1,1,0,1,1
https://www.direito2.com.br,0,1,0,1,0,0,1,0,0,1,0,1,1,1,1,0,1,0,1,1
http://www.oleg-boyko.ru,0,0,0,0,0,0,1,0,0,1,0,0,0,0,0,0,0,0,0,0
https://www.getpushmonkey.com,0,1,0,0,0,0,0,0,1,1,1,0,1,1,0,1,1,0,1,1
https://www.ssssssss.org,0,1,0,0,0,0,0,0,0,1,1,0,1,0,0,0,0,0,1,1
http://www.abpoll.ga,0,0,0,0,0,0,0,0,0,1,0,0,0,0,0,0,0,0,0,0
https://www.baden.at,0,1,0,0,0,0,0,0,0,1,0,1,1,1,0,1,1,0,1,1
http://www.ivcckx.hair,0,0,0,0,0,0,0,0,0,1,0,0,1,0,0,0,0,0,0,0
https://www.gulftoday.ae,0,1,0,0,0,0,0,0,0,1,0,0,1,1,0,1,1,0,0,1
https://www.themetropolitain.ca,0,1,0,0,0,0,0,0,0,1,0,0,0,0,0,0,1,0,1,1
http://www.turbo-services.com,0,0,0,0,0,0,1,0,1,1,0,0,0,0,0,0,0,0,0,0
http://www.sexxxpress.com,0,0,0,0,0,0,0,0,1,1,0,0,1,0,0,0,0,0,0,0
https://www.freewallet.io,0,1,0,0,0,0,0,0,0,1,0,1,1,1,0,1,0,0,0,1
http://confirm-help-support.info/,0,0,0,0,0,0,1,0,0,1,0,0,0,0,0,0,0,0,0,0
https://www.tcdb.com,0,1,0,0,0,0,0,0,1,1,1,0,1,0,0,1,1,0,1,1
https://www.kommunikation.steiermark.at,0,1,0,1,0,0,1,0,0,1,1,0,1,1,0,1,1,0,1,1
https://connection-orangebank-certicode.derlma.com/4973825/,0,1,0,0,0,0,1,0,1,0,0,0,0,0,0,0,0,0,0,0
https://www.leedsfestival.com,0,1,0,0,0,0,0,0,1,1,1,1,1,1,0,1,0,0,1,1
http://ezssausage.com/sogelco/company_profile/purchase_order,0,0,0,0,0,0,1,0,1,1,0,0,0,0,0,0,0,0,0,0
https://www.dordt.edu,0,1,0,0,0,0,0,0,0,1,0,1,1,1,0,1,1,0,1,1
https://www.weblitera.com,0,1,0,0,0,0,0,0,1,1,0,1,1,1,1,0,1,1,1,1
https://www.vaxbeforetravel.com,0,1,0,0,0,0,0,0,1,1,1,0,1,1,0,1,0,0,1,1
https://metasupport1001984291455.web.app/,0,1,0,0,0,0,1,0,0,1,0,1,1,0,0,0,0,0,0,0
http://www.holipath.com,0,0,0,0,0,0,0,0,1,0,0,0,0,0,0,0,0,0,0,0
https://www.mjssm.me,0,1,0,0,0,0,0,0,0,1,0,0,0,0,0,1,1,0,1,1
https://www.rabbitrally.com,0,1,0,0,0,0,0,0,1,1,0,0,1,1,0,1,1,0,0,1
https://307d19aa-5e99-4dac-8ac7-9b855e95b255.id.repl.co/index.html,0,1,0,1,0,0,1,0,0,1,0,0,0,0,0,0,0,0,0,0
https://www.hexbug.com,0,1,0,0,0,0,0,0,1,1,1,1,1,1,0,1,1,0,1,1
https://www.fashionsootra.com,0,1,0,0,0,0,0,0,1,1,0,1,1,1,0,1,1,0,1,1
https://marshallcristabell.wixsite.com/my-site-2,0,1,0,0,0,0,1,0,1,1,0,1,1,1,0,0,0,0,0,0
https://www.wrenandrita.com,0,1,0,0,0,0,0,0,1,1,1,0,1,1,0,0,1,1,1,1
https://aol-106783.weeblysite.com/,0,1,0,0,0,0,1,0,1,1,1,0,1,0,0,0,0,0,0,0
https://www.itancan.com,0,1,0,0,0,0,0,0,1,1,0,0,1,1,0,0,0,0,1,1
https://www.cinderite.com,0,1,0,0,0,0,0,0,1,1,1,0,1,1,0,1,1,0,1,1
https://www.annuityadvantage.com,0,1,0,0,0,0,0,0,1,1,1,1,1,1,0,1,1,0,1,1
https://hd31-kd-5s2.web.app/,0,1,0,0,0,0,1,0,0,1,0,0,1,0,0,0,0,0,0,0
https://bentycollection.net/,0,1,0,0,0,0,0,0,0,0,0,0,0,0,0,0,0,0,0,0
https://www.bycarianne.com,0,1,0,0,0,0,0,0,1,1,0,0,1,1,0,1,1,1,1,1
http://www.mellatbehpardakht-iran.gq,0,0,0,0,0,0,1,0,0,1,0,0,0,0,0,0,0,0,0,0
https://www.newmanreader.org,0,1,0,0,0,0,0,0,0,1,0,0,0,1,0,0,1,0,1,1
https://www.india-briefing.com,0,1,0,0,0,0,1,0,1,1,0,0,1,1,0,1,0,0,1,1
https://j27973.wixsite.com/my-site,0,1,0,0,0,0,1,0,1,1,0,1,1,1,0,0,0,0,0,0
https://www.tellmeacharm.com,0,1,0,0,0,0,0,0,1,1,1,1,1,1,0,1,1,1,1,1
https://www.caseme.com.br,0,1,0,1,0,0,1,0,0,1,1,1,1,1,0,1,1,0,1,1
http://tlscontact.co.za,0,0,0,0,0,0,1,0,0,1,0,0,0,0,0,0,0,0,0,0
https://sqy-11fi.web.app/,0,1,0,0,0,0,1,0,0,1,0,0,1,0,0,0,0,0,0,0
https://www.rescue.go.kr,0,1,0,1,0,0,1,0,0,1,0,0,1,1,0,1,0,0,1,1
https://qauiaoopaijaudhahpo.firebaseapp.com/,0,1,0,0,0,0,1,0,1,1,0,0,1,0,0,0,0,0,0,0
https://u14511627.ct.sendgrid.net/ls/click?upn=ogqnut-2fe-2fegnxbidcyukjyelfcc0jldx8cmm-2fth3l9bfvlebpikj3s9seg6wfnw7kojjazyjzzqfzbyimes4l523jztibem12abezhw58gpaz9x1f-2bftdgmkztqlldqytof9mynn-2fkzv6hzli4ob8q-3d-3dh0te_7ybwqi16vpa8c-2b1urlyyb779dranvcw-2bueddm1tzohzleqcdwc2wsmcsf5tqnsfyuiwmh-2fghhd-2fb0hq8d5bq1ayzi30rhx6wforeu0vntxxwomdyjgfeiegi35ra2-2fieeyeos8lew1z2efyelap7-2fetzktwwslh9kqfb-2brf44mkghgmu-2bzq1vw13ntyg0igndzjysugo8mmfpowugmv8-2bpb2euud3rj9ipcyz5vjwpc-3d,0,1,0,1,1,1,1,0,0,0,0,0,0,0,0,0,0,0,0,0
https://www.ekni-nct.ekint.ghbixl.top/load.php,0,1,0,1,0,0,1,0,0,1,0,0,0,0,0,0,0,0,0,0
https://www.jitpack.io,0,1,0,0,0,0,0,0,0,1,1,0,1,1,0,0,0,0,0,1
https://sparkling-rain-1498.6bwdbshv.workers.dev/no%20url,0,1,1,1,0,0,1,0,0,0,0,0,0,0,0,0,0,0,0,0
https://pub-edecada189694b99895cb7c34e89ad0e.r2.dev/dff.htm,0,1,0,0,0,0,1,0,0,1,1,0,1,0,0,0,1,0,0,0
https://gateway.ipfs.io/ipfs/bafybeiaw42kbgvlwgjs3dg5m7asp6emnton53irch7rt4yn3sw32syrnle/,0,1,0,0,0,0,1,0,0,1,0,0,0,0,0,0,0,0,0,0
http://www.wtools.eu,0,0,0,0,0,0,0,0,0,1,0,0,0,0,0,0,0,0,0,0
https://hdg6-mnn.firebaseapp.com/,0,1,0,0,0,0,1,0,1,1,0,0,1,0,0,0,0,0,0,0
https://www.djsoft.net,0,1,0,0,0,0,0,0,0,1,0,0,1,0,0,0,1,0,1,1
https://www.episcopalchurch.org,0,1,0,0,0,0,0,0,0,1,0,1,1,1,0,1,0,0,1,1
https://www.oxblue.com,0,1,0,0,0,0,0,0,1,1,1,0,1,1,0,1,0,0,1,1
https://www.carolynshomework.com,0,1,0,0,0,0,0,0,1,1,1,0,0,0,0,1,1,0,1,1
http://www.ikwb.com,0,0,0,0,0,0,0,0,1,0,0,0,0,0,0,0,0,0,0,0
https://www.veal.org,0,1,0,0,0,0,0,0,0,1,1,1,1,1,0,1,1,1,1,1
https://www.belle-home.jp,0,1,0,0,0,0,1,0,0,1,1,0,1,1,0,1,0,0,1,1
https://www.theindiaforum.in,0,1,0,0,0,0,0,0,0,1,0,1,1,1,0,1,1,0,1,1
https://www.secured1-chaase.duckdns.org/chase/e983e24b35af10f2fc9fd649fe9b4f07/index1.php,0,1,0,1,0,0,1,0,0,1,0,0,0,0,0,0,0,0,0,0
http://www.faramovie.ir,0,0,0,0,0,0,0,0,0,1,0,0,1,0,0,0,0,0,0,0
http://www.buildingdigitalmind.com,0,0,0,0,0,0,0,0,1,1,0,0,1,0,0,0,0,0,0,0
https://www.quelibroleo.com,0,1,0,0,0,0,0,0,1,1,1,0,1,1,0,1,1,1,1,1
https://www.edmagnin.com,0,1,0,0,0,0,0,0,1,1,1,1,0,1,0,0,0,0,1,1
https://www.garbagebase.com,0,1,0,0,0,0,0,0,1,1,1,1,1,1,0,1,1,0,1,1
https://www.shiatsu.ac.jp,0,1,0,1,0,0,1,0,0,1,1,0,1,1,1,1,1,0,1,1
https://rcube000001.firebaseapp.com/,0,1,0,0,0,0,1,0,1,1,1,1,1,0,0,0,1,1,0,0
https://www.netgsm.com.tr,0,1,0,1,0,0,1,0,0,1,0,1,1,1,0,1,0,0,1,1
https://mail-103801-104891.square.site/,0,1,0,0,0,0,1,0,0,1,0,0,0,0,0,0,0,0,0,0
https://www.ashg.org,0,1,0,0,0,0,0,0,0,1,1,1,1,1,0,1,1,0,1,1
http://www.system-ns.org,0,0,0,0,0,0,1,0,0,0,0,0,0,0,0,0,0,0,0,0
https://www.ans.edu.ni,0,1,0,1,0,0,1,0,0,1,1,1,1,0,0,1,0,0,1,1
https://www.communicationstudies.com,0,1,0,0,0,0,0,0,1,1,0,1,1,0,0,1,1,0,1,1
https://www.sparkdigital.co.nz,0,1,0,1,0,0,1,0,0,1,1,0,1,0,0,1,0,0,1,1
https://www.thelandonline.com,0,1,0,0,0,0,0,0,1,1,0,0,1,1,0,0,1,0,1,1
http://www.zebra.wthelpdesk.com,0,0,0,1,0,0,1,0,1,0,0,0,0,0,0,0,0,0,0,0
https://www.northcarolinafc.com,0,1,0,0,0,0,0,0,1,1,0,1,1,0,0,1,1,0,1,1
https://www.vnoc.com,0,1,0,0,0,0,0,0,1,1,1,0,1,1,0,1,1,0,1,1
https://www.architecture.org.il,0,1,0,1,0,0,1,0,0,1,0,1,1,0,1,0,1,0,1,1
http://www.lianglinyiyou.com,0,0,0,0,0,0,0,0,1,0,0,0,0,0,0,0,0,0,0,0
https://att-mail-108040.square.site/,0,1,0,0,0,0,1,0,0,1,0,0,0,0,0,0,0,0,0,0
http://www.jaguarsjersey.net,0,0,0,0,0,0,0,0,0,0,0,0,0,0,0,0,0,0,0,0
https://track-cy.firebaseapp.com/,0,1,0,0,0,0,1,0,1,0,0,0,0,0,0,0,0,0,0,0
https://www.modern-day-commando.com,0,1,0,0,0,0,1,0,1,1,0,0,1,0,0,0,1,0,0,1
https://www.towtruckscarborough.com,0,1,0,0,0,0,0,0,1,1,0,0,1,1,0,1,1,0,1,1
https://bellsouthverituti8444.webflow.io/,0,1,0,0,0,0,1,0,0,1,0,0,0,0,0,0,0,0,0,0
https://www.screenish.com,0,1,0,0,0,0,0,0,1,1,1,0,1,1,0,1,0,0,1,1
http://www.pak-web.com,0,0,0,0,0,0,1,0,1,0,0,0,0,0,0,0,0,0,0,0
https://ipfs.runfission.com/ipfs/bafybeiardsa5er7hxrjr74j6khdgikhmxomx5hrwldrefftslvh72a3rai//bliveautoweb.html,0,1,0,0,0,0,1,0,1,0,0,0,0,0,0,0,0,0,0,0
https://www.audicontractors.com,0,1,0,0,0,0,0,0,1,1,0,0,1,1,0,1,0,0,1,1
https://www.kisaphone.com.au,0,1,0,1,0,0,1,0,0,1,0,1,1,1,0,1,0,0,1,1
https://www.lameteoagricole.net,0,1,0,0,0,0,0,0,0,1,1,1,1,1,0,1,1,1,1,1
https://www.bnlsis.org,0,1,0,0,0,0,0,0,0,1,0,0,1,0,0,1,1,1,1,1
http://filinlove.com/,0,0,0,0,0,0,0,0,1,0,0,0,0,0,0,0,0,0,0,0
http://www.goodstones.top,0,0,0,0,0,0,0,0,0,1,0,0,0,1,0,0,0,0,0,0
http://www.qicp.vip,0,0,0,0,0,0,0,0,0,1,1,0,0,0,0,0,0,0,1,0
https://www.fridakahlo.org,0,1,0,0,0,0,0,0,0,1,1,0,1,0,0,1,0,0,1,1
https://www2.etc-maisai.jp.choicteial.shop/ywjjzdawmdq4p2fhywfazxhhbxbszs5qca==,0,1,0,1,1,0,1,0,0,1,0,0,0,0,0,0,0,0,0,0
https://bafybeidgbsibxbcj5mtaitzks35qrl32a5ojkeqam3qkdy3vfqi55mo7ke.ipfs.w3s.link/saved.html,0,1,0,1,0,0,1,0,0,0,0,0,0,0,0,0,0,0,0,0
https://www.13rushes.com,0,1,0,0,0,0,0,0,1,1,0,0,1,1,0,1,1,1,1,1
http://www.who-international.com,0,0,0,0,0,0,1,0,1,0,0,0,0,0,0,0,0,0,0,0
https://www.javitscenter.com,0,1,0,0,0,0,0,0,1,1,0,0,1,1,0,1,1,0,1,1
https://www.westpointcity.org,0,1,0,0,0,0,0,0,0,1,1,0,1,1,0,1,0,0,1,1
https://elfinanciero.org/bitpichincha/?mpc_2=598540262006450&amp;mpc_1=784964pa44p1fc&amp;mpc_3=rfineable.buzz&amp;so=bitpichincha_https%3a%2f%2felfinanciero.org%2fbitpichincha%2f&amp;ai=2958031&amp;altid=ijgyd4oxwgg2&amp;gi=14&amp;oi=116&amp;ci=163&amp;token=eaaojj4czcqwabammiik2arcveqvbd3b3mpxb6qgayud7duhvzcv4f478mqy0u5hfpcubqeyuads9yscwjc1a1clpjjljjzahzcvxpf48gla9zjagy5ejj2zanzck6kp7hrqcaq6hda1iiekv6rnkfgnyo8du1x4423vifdetbgkxinplafemh2zba78zcphrd78zd&amp;ecuador=1&amp;mpc_4=https%3a%2f%2felfinanciero.org%2fbitpichincha%2f&amp;fbclid=iwar1jq1tcamkfyzuo2r6mxill9bpmetsq7q_7soos5qeua7tkt9vzz_gv1j8,0,1,0,0,1,1,1,0,0,1,0,0,0,0,0,0,0,0,0,0
https://www.bruceplc.com,0,1,0,0,0,0,0,0,1,1,0,1,1,1,0,1,1,0,1,1
https://www.brickowl.com,0,1,0,0,0,0,0,0,1,1,1,1,1,1,0,0,1,0,0,1
https://share-cb1cc.firebaseapp.com/,0,1,0,0,0,0,1,0,1,1,0,0,1,0,0,0,0,0,0,0
https://www.scotchwhiskyexperience.co.uk,0,1,0,1,0,0,1,0,0,1,0,1,1,1,0,1,0,0,1,1
https://jainux.net/malcolmx/#dxnlckbkb21haw4udgxk,0,1,0,0,0,0,1,0,0,1,0,0,0,0,0,0,0,0,0,0
https://www.adcouncil.org,0,1,0,0,0,0,0,0,0,1,1,0,1,0,0,1,1,1,1,1
https://www.lovemaineadventures.com,0,1,0,0,0,0,0,0,1,1,0,1,1,0,0,1,1,0,1,1
http://mingovpldsjt.simpnesby.ga/,0,0,0,0,0,0,1,0,0,0,0,0,0,0,0,0,0,0,0,0
https://www.buurtpreventie24.be,0,1,0,0,0,0,0,0,0,1,0,1,1,1,0,0,1,0,1,1
https://www.army.mil,0,1,0,0,0,0,0,0,0,1,0,0,0,1,0,1,1,0,0,1
https://metodocaiomartins.com.br/wp-content/ghj/wo01150156nz,0,1,0,0,0,0,1,0,0,1,0,0,1,0,0,0,0,0,0,0
https://www.hinton.ca,0,1,0,0,0,0,0,0,0,1,1,0,1,1,0,1,0,0,1,1
https://www.serpro.gov.br,0,1,0,1,0,0,1,0,0,1,1,0,1,1,0,1,1,0,0,1
https://www.sportique.com,0,1,0,0,0,0,0,0,1,1,1,0,1,1,0,1,1,1,1,1
https://www.travel4wildlife.com,0,1,0,0,0,0,0,0,1,1,0,1,1,1,1,1,1,1,1,1
https://www.forwarduk.org.uk,0,1,0,1,0,0,1,0,0,1,1,1,1,1,0,1,1,0,1,1
https://tiny.one/fj58gof,0,1,0,0,0,0,1,0,0,1,0,0,0,0,0,0,0,0,0,0
https://www.deepcanyonoutfitters.com,0,1,0,0,0,0,0,0,1,1,0,1,1,0,0,1,1,0,1,1
https://www.aplink.co.jp,0,1,0,1,0,0,1,0,0,1,0,0,1,0,0,0,0,0,1,1
https://www.watertownsavings.com,0,1,0,0,0,0,0,0,1,1,0,0,1,1,0,1,1,1,1,1
https://www.armenianmuseum.org,0,1,0,0,0,0,0,0,0,1,1,0,1,1,0,1,0,0,1,1
https://www.rocksouffle.com,0,1,0,0,0,0,0,0,1,1,0,0,0,0,0,0,1,0,0,1
http://enviosdhlexpress.com/,0,0,0,0,0,0,1,0,1,1,0,0,0,0,0,0,0,0,0,0
http://www.amazcazm-co-jp.amaozcon.chalvshe.top/,0,0,0,1,0,0,1,0,0,0,1,0,1,0,0,0,0,0,0,0
https://www.mariorr.com,0,1,0,0,0,0,0,0,1,1,1,0,1,1,0,1,1,1,1,1
https://billowing-mud-0498.on.fleek.co/notification.html,0,1,0,1,0,0,1,0,0,0,0,0,0,0,0,0,0,0,0,0
https://www.mediabeam.com,0,1,0,0,0,0,0,0,1,1,1,1,1,0,0,1,1,0,1,1
https://residencebidreams.it/rcb.nein/nnbs.php,0,1,0,0,0,0,1,0,0,1,0,0,0,0,0,0,0,0,0,0
https://www.kizzykingston.com,0,1,0,0,0,0,0,0,1,1,1,0,0,0,0,1,1,0,1,1
https://www.talisa.com,0,1,0,0,0,0,0,0,1,1,1,1,1,1,1,1,1,0,1,1
http://www.blizko.org,0,0,0,0,0,0,0,0,0,1,0,0,0,0,0,0,0,0,0,0
https://www.funoramic.com,0,1,0,0,0,0,0,0,1,1,1,1,1,1,0,1,1,0,1,1
https://www.enjoy-app.de,0,1,0,0,0,0,1,0,0,1,0,0,1,1,0,0,1,0,0,1
https://www.eacj.org,0,1,0,0,0,0,0,0,0,1,0,1,1,0,0,0,1,0,1,1
https://htmrsdre.firebaseapp.com/,0,1,0,0,0,0,1,0,1,1,0,0,0,0,0,0,0,0,0,0
https://www.tums.com,0,1,0,0,0,0,0,0,1,1,1,0,0,1,0,1,1,0,1,1
http://www.c1crt.axfree.com,0,0,0,1,0,0,1,0,1,1,0,0,0,0,0,0,0,0,0,0
http://www.wendyt.ga,0,0,0,0,0,0,0,0,0,1,0,0,0,0,0,0,0,0,0,0
https://www.sonoshah.com,0,1,0,0,0,0,0,0,1,1,0,0,1,0,0,1,0,0,0,1
https://www.welcometoloudcity.com,0,1,0,0,0,0,0,0,1,1,1,0,1,1,0,1,1,0,1,1
http://www.clasite.com,0,0,0,0,0,0,0,0,1,1,0,0,0,0,0,0,0,0,0,0
https://www.pilatesencyclopedia.com,0,1,0,0,0,0,0,0,1,1,0,0,1,1,0,1,1,0,1,1
https://www.bghaircare.com,0,1,0,0,0,0,0,0,1,1,0,0,1,1,0,1,1,1,1,1
http://www.gettingchances.com,0,0,0,0,0,0,0,0,1,0,0,0,0,0,0,0,0,0,0,0
https://emailverificationupdate76.godaddysites.com/,0,1,0,0,0,0,1,0,1,1,0,0,1,0,0,0,0,0,0,0
http://www.radiolevi.ro,0,0,0,0,0,0,0,0,0,0,0,0,0,0,0,0,0,0,0,0
https://www.ingeba.org,0,1,0,0,0,0,0,0,0,1,1,0,0,1,0,1,1,0,1,1
https://www.timbercraft.com,0,1,0,0,0,0,0,0,1,1,1,0,1,1,0,1,0,0,1,1
https://www.openhps.org,0,1,0,0,0,0,0,0,0,1,1,1,1,1,0,0,0,0,1,1
https://centralium.tn/post/bibaztgkmv4231,0,1,0,0,0,0,1,0,0,1,0,0,1,0,0,0,0,0,0,0
https://www.clubedejornalistas.pt,0,1,0,0,0,0,0,0,0,1,1,1,0,0,0,1,1,0,1,1
https://www.philippineairlines.com,0,1,0,0,0,0,0,0,1,1,1,0,1,1,0,1,1,1,0,1
https://baniqeuostalelinfo.firebaseapp.com/,0,1,0,0,0,0,1,0,1,1,0,0,1,0,0,0,0,0,0,0
https://1e7d9d0a-42c5-4f1b-8565-60011f15534d.id.repl.co/,0,1,0,1,0,0,1,0,0,1,0,0,0,0,0,0,0,0,0,0
https://maildinshaakckjnw58.firebaseapp.com/,0,1,0,0,0,0,1,0,1,1,0,0,1,0,0,0,0,0,0,0
https://www.jameswhiteaward.com,0,1,0,0,0,0,0,0,1,1,0,0,1,0,0,0,1,0,0,1
https://my-site-109603.weeblysite.com/,0,1,0,0,0,0,1,0,1,1,0,0,0,0,0,0,0,0,0,0
https://abvbg6.godaddysites.com/,0,1,0,0,0,0,1,0,1,1,0,0,1,0,0,0,0,0,0,0
https://www.westminster.net,0,1,0,0,0,0,0,0,0,1,1,0,1,1,0,1,1,0,0,1
http://www.intecrtc.com/,0,0,0,0,0,0,0,0,1,1,0,0,1,0,0,0,0,0,0,0
https://www.buriedtreasurefossils.com,0,1,0,0,0,0,0,0,1,1,1,1,1,1,1,1,1,1,1,1
https://www.tout-monde.com,0,1,0,0,0,0,1,0,1,1,0,0,0,0,0,1,1,0,1,1
https://www.protocol-rocketpool.org/,0,1,0,0,0,0,1,0,0,0,0,0,0,0,0,0,0,0,0,0
http://www.aquifer.nl,0,0,0,0,0,0,0,0,0,1,0,1,0,1,0,0,0,0,0,0
https://techy-goldenwest-cu.firebaseapp.com/,0,1,0,0,0,0,1,0,1,0,0,0,1,0,0,0,0,0,0,0
https://www.naval-military-press.com,0,1,0,0,0,0,1,0,1,1,1,1,1,1,1,1,1,1,1,1
https://www.ryanbingham.com,0,1,0,0,0,0,0,0,1,1,1,0,1,1,0,1,1,0,1,1
https://www.bolay.com,0,1,0,0,0,0,0,0,1,1,1,0,1,0,0,1,0,0,1,1
https://moncar.com.mx/package/bibaztgkmv4419/,0,1,0,0,0,0,1,0,0,0,1,0,1,0,0,0,1,0,1,0
https://www.tomato-cages.com,0,1,0,0,0,0,1,0,1,1,0,0,0,1,0,0,1,0,1,1
https://www.urbanoctopus.com,0,1,0,0,0,0,0,0,1,1,0,0,1,1,0,1,1,1,1,1
https://www.jabbourresto.com,0,1,0,0,0,0,0,0,1,1,1,0,1,1,0,1,0,0,1,1
http://www.natopress.org,0,0,0,0,0,0,0,0,0,0,0,0,0,0,0,0,0,0,0,0
https://newadit-2f9f7.web.app/,0,1,0,0,0,0,1,0,0,1,0,0,1,0,0,0,0,0,0,0
https://www.northshore.edu,0,1,0,0,0,0,0,0,0,1,1,0,1,1,0,1,1,0,1,1
https://www.realmarykingsclose.com,0,1,0,0,0,0,0,0,1,1,1,1,1,1,0,1,1,0,1,1
https://www.laintegrativegi.com,0,1,0,0,0,0,0,0,1,1,0,0,0,0,0,1,1,0,1,1
http://www.onlyonnetflix.com,0,0,0,0,0,0,0,0,1,1,0,0,1,0,0,0,0,0,0,0
http://www.acmarketsapp.com,0,0,0,0,0,0,0,0,1,1,0,0,1,0,0,0,0,0,0,0
http://www.ja-fc.or.jp,0,0,0,1,0,0,1,0,0,1,0,0,0,0,0,0,0,0,0,0
https://aol-104027.weeblysite.com/,0,1,0,0,0,0,1,0,1,1,1,0,1,0,0,0,0,0,0,0
https://www.opensourceecology.org,0,1,0,0,0,0,0,0,0,1,0,0,1,1,0,1,0,0,0,1
http://www.jasabacklinkseo.com,0,0,0,0,0,0,0,0,1,1,0,0,1,0,0,0,0,0,0,0
https://netflix-eight-sigma.vercel.app/,0,1,0,0,0,0,1,0,0,1,0,0,1,0,0,0,0,0,0,0
https://www.kefidesigns.com,0,1,0,0,0,0,0,0,1,1,1,0,1,1,0,1,1,1,1,1
http://638ca12d-ba2f-451c-8418-faf56b7de7ff.htmlcomponentservice.com/get_draft?id=638ca1_14694f4a84161543466426a12288de1a.html,0,0,0,0,1,1,1,0,1,1,1,1,0,0,0,1,0,0,1,0
https://www.nawidelcu.pl,0,1,0,0,0,0,0,0,0,1,0,1,1,1,0,1,1,0,1,1
https://bafybeie4pqchsdskydczfwraul6oeggd4bkxaircuji7iplxgtukyit6ry.ipfs.w3s.link/f1222.shtml,0,1,0,1,0,0,1,0,0,0,0,0,0,0,0,0,0,0,0,0
http://www.cleanxcare.com,0,0,0,0,0,0,0,0,1,0,0,0,0,0,0,0,0,0,0,0
https://www.busuu.com,0,1,0,0,0,0,0,0,1,1,0,1,1,1,0,0,0,0,0,1
https://www.mhresources.org,0,1,0,0,0,0,0,0,0,1,1,0,1,1,0,1,0,0,1,1
https://www.codeofchina.com,0,1,0,0,0,0,0,0,1,1,0,0,1,1,0,0,0,0,1,1
http://www.noip.com,0,0,0,0,0,0,0,0,1,0,0,0,0,0,0,0,0,0,0,0
https://bafybeigvnd42jom7e3wimgpo2abup6bsnp53cbes2gkjsp4nuyidanryv4.ipfs.dweb.link/,0,1,0,1,0,0,1,0,0,0,0,0,0,0,0,0,0,0,0,0
https://www.maineboats.com,0,1,0,0,0,0,0,0,1,1,1,0,1,1,0,1,1,0,0,1
http://www.pezinok.cf,0,0,0,0,0,0,0,0,0,1,0,0,0,0,0,0,0,0,0,0
https://www.amv.es,0,1,0,0,0,0,0,0,0,1,0,0,1,1,0,1,1,0,1,1
http://www.schiessniemitdemtorwart.de,0,0,0,0,0,0,0,0,0,0,0,0,0,0,0,0,0,0,0,0
https://www.feelingthevibe.com,0,1,0,0,0,0,0,0,1,1,1,1,1,1,0,1,1,0,1,1
https://loading-connection-in-action.web.app/,0,1,0,0,0,0,1,0,0,0,0,0,0,0,0,0,0,0,0,0
https://www.broadlandmemories.co.uk,0,1,0,1,0,0,1,0,0,1,0,1,1,1,0,1,1,0,1,1
https://www.cbmus.org,0,1,0,0,0,0,0,0,0,1,1,1,1,1,0,1,1,0,1,1
https://dev-bisalinealoginsecure-bo.pantheonsite.io/,0,1,0,0,0,0,1,0,0,1,0,0,0,0,0,0,0,0,0,0
https://www.nimbinmardigrass.com,0,1,0,0,0,0,0,0,1,1,0,1,1,1,0,1,1,0,1,1
https://www.hashilthsa.com,0,1,0,0,0,0,0,0,1,1,0,0,1,0,0,1,1,0,1,1
https://www.thousandeyes.com,0,1,0,0,0,0,0,0,1,1,1,0,1,1,0,1,1,0,1,1
https://saiso-qet.com/webpc/login.html,0,1,0,0,0,0,1,0,1,0,0,0,0,0,0,0,0,0,0,0
https://www.allianz.com.au,0,1,0,1,0,0,1,0,0,1,1,1,1,1,0,1,0,0,1,1
https://www.infonline.de,0,1,0,0,0,0,0,0,0,1,1,1,1,1,0,1,0,0,1,1
https://www.hevratpinto.org,0,1,0,0,0,0,0,0,0,1,1,0,0,1,0,1,0,0,1,1
http://btatwahhmp.duckdns.org/,0,0,0,0,0,0,1,0,0,1,0,0,0,0,0,0,0,0,0,0
https://marant.com.mx/royal%20credit%20union/index.html,0,1,1,0,0,0,1,0,0,1,1,0,1,0,0,0,1,0,0,0
https://www.ncl-india.org,0,1,0,0,0,0,1,0,0,1,0,0,1,0,0,1,1,0,1,1
http://www.omwowxisr.ga,0,0,0,0,0,0,0,0,0,1,0,0,0,0,0,0,0,0,0,0
https://www.wheelshift.com,0,1,0,0,0,0,0,0,1,1,0,1,1,1,0,1,0,0,1,1
https://www.ecrater.com,0,1,0,0,0,0,0,0,1,1,0,1,0,1,0,1,1,0,1,1
http://acikdeniz-internetsube.ml/,0,0,0,0,0,0,1,0,0,1,1,0,1,0,0,0,1,1,0,0
http://cursor.us,0,0,0,0,0,0,0,0,0,1,0,0,0,0,0,0,0,0,0,0
http://www.wsdshipping.com,0,0,0,0,0,0,0,0,1,1,0,0,0,0,0,0,0,0,0,0
https://ipfs.io/ipfs/qmnbkfpogapord8v66pystm8egu1boy4bubtqrqdtydeg5?filename=xxyyzz.html,0,1,0,0,1,1,1,0,0,0,0,0,0,0,0,0,0,0,0,0
https://www.rajar.co.uk,0,1,0,1,0,0,1,0,0,1,1,0,0,0,0,0,0,0,0,1
https://www.biletomat.pl,0,1,0,0,0,0,0,0,0,1,1,1,1,1,0,1,1,0,1,1
https://docs.google.com/forms/d/e/1faipqlsecilc_5ka58gxqjfrpwbfwmhykkdly-lwm9yubx1l1gwzgpg/viewform?usp=sf_link,0,1,0,0,1,1,1,0,1,1,1,0,1,0,0,0,1,0,0,0
http://www.samaste.net,0,0,0,0,0,0,0,0,0,1,0,0,0,0,0,0,0,0,0,0
http://www.addroider.com,0,0,0,0,0,0,0,0,1,1,0,0,0,1,0,0,0,0,0,0
https://www.momsconfession.com,0,1,0,0,0,0,0,0,1,1,1,1,1,1,0,1,1,0,1,1
https://www.tomatazos.com,0,1,0,0,0,0,0,0,1,1,0,0,1,1,0,1,1,0,1,1
http://www.lilaccityacupuncture.com,0,0,0,0,0,0,0,0,1,0,0,0,0,0,0,0,0,0,0,0
https://maildinshaakckjnw155.firebaseapp.com/,0,1,0,0,0,0,1,0,1,1,0,0,1,0,0,0,0,0,0,0
http://www.ftpserver.biz,0,0,0,0,0,0,0,0,0,1,0,0,0,0,0,0,0,0,0,0
https://www.birdsnz.org.nz,0,1,0,1,0,0,1,0,0,1,1,1,1,1,0,1,0,0,1,1
https://www.bythecblog.com,0,1,0,0,0,0,0,0,1,1,0,1,1,0,0,1,1,0,1,1
https://www.colmans.co.uk,0,1,0,1,0,0,1,0,0,1,1,0,1,1,0,1,1,0,1,1
https://ipfs.litnet.work/ipfs/bafybeig5bh4eqnlw5j6dec5icalr4toipbqlpwbetqatlpat6nvjxmatwa/ref.html,0,1,0,0,0,0,1,0,0,1,0,1,1,0,0,0,0,0,0,0
https://k32rmm.firebaseapp.com/,0,1,0,0,0,0,1,0,1,1,0,0,0,0,0,0,0,0,0,0
https://www.spisok-putina.org,0,1,0,0,0,0,1,0,0,1,1,1,1,1,0,1,1,0,1,1
https://objectstorage.sa-saopaulo-1.oraclecloud.com/n/grcrplvrg8aa/b/c/o/index.html,0,1,0,1,0,0,1,0,1,0,0,0,0,0,0,0,0,0,0,0
http://www.stablecoinswar.com,0,0,0,0,0,0,0,0,1,1,0,0,1,0,0,0,0,0,0,0
http://mail-102973.weeblysite.com/,0,0,0,0,0,0,1,0,1,1,0,0,0,0,0,0,0,0,0,0
http://www.adobeupdater.org,0,0,0,0,0,0,0,0,0,0,0,0,0,0,0,0,0,0,0,0
https://www.thehits.co.nz,0,1,0,1,0,0,1,0,0,1,1,0,1,1,0,1,1,0,1,1
https://www.melissaannsweat.com,0,1,0,0,0,0,0,0,1,1,1,0,1,1,0,1,1,0,1,1
https://wordpress-zapier.hostedstaging.com//wp-content/uploads/2023/03/teller/sharevide.html,0,1,0,0,0,0,1,0,1,1,1,0,1,0,0,0,1,1,0,0
https://www.bokitfinder.fr,0,1,0,0,0,0,0,0,0,1,1,1,1,1,0,1,0,0,0,1
https://www.eventiverona.it,0,1,0,0,0,0,0,0,0,1,1,1,0,1,0,1,1,0,1,1
https://www.hoofers.org,0,1,0,0,0,0,0,0,0,1,0,0,1,0,0,1,0,0,1,1
http://fatura-servidor-23.com/,0,0,0,0,0,0,1,0,1,0,0,0,0,0,0,0,0,0,0,0
https://www.bellaria.ro,0,1,0,0,0,0,0,0,0,1,0,0,1,1,0,1,1,0,0,1
https://www.sfdemocrats.org,0,1,0,0,0,0,0,0,0,1,1,0,1,1,0,1,1,0,0,1
http://www.urbanqueen.co.ke,0,0,0,1,0,0,1,0,0,1,0,0,1,0,0,0,0,0,0,0
https://match-power-ind.co.uk/js/meta/active92.php,0,1,0,0,0,0,1,0,0,0,0,0,0,0,0,0,0,0,0,0
https://www.partagence.org,0,1,0,0,0,0,0,0,0,1,1,1,1,1,0,1,1,0,1,1
https://www.xxxww.mobi,0,1,0,0,0,0,0,0,0,1,1,0,1,1,0,0,1,0,1,1
https://www.ip-paris.fr,0,1,0,0,0,0,1,0,0,1,1,0,1,1,0,1,1,0,1,1
https://www.recordere.dk,0,1,0,0,0,0,0,0,0,1,1,1,1,1,0,1,1,1,1,1
https://www.apexmagnets.com,0,1,0,0,0,0,0,0,1,1,1,1,1,1,0,1,1,0,1,1
https://www.offalyindependent.ie,0,1,0,0,0,0,0,0,0,1,0,0,1,1,0,1,1,0,1,1
https://www.pershing.com,0,1,0,0,0,0,0,0,1,1,1,1,1,1,0,1,1,0,1,1
http://www.img.microtoo.info,0,0,0,1,0,0,1,0,0,0,0,0,0,0,0,0,0,0,0,0
https://www.maf-uk.org,0,1,0,0,0,0,1,0,0,1,1,1,1,0,0,1,1,0,1,1
https://www.unitedbiscuits.com,0,1,0,0,0,0,0,0,1,1,1,0,1,0,0,0,0,0,1,1
https://onlive-80ce9.web.app/,0,1,0,0,0,0,1,0,0,1,0,0,1,0,0,0,0,0,0,0
https://www.reelyactive.com,0,1,0,0,0,0,0,0,1,1,0,0,1,1,0,1,0,0,1,1
https://www.tableauxdumonde.com,0,1,0,0,0,0,0,0,1,1,0,1,1,1,1,1,1,1,1,1
https://www.prideofindia.co,0,1,0,0,0,0,0,0,0,1,0,1,0,1,0,1,1,1,1,1
https://www.porkrind.org,0,1,0,0,0,0,0,0,0,1,1,0,0,0,1,0,1,0,1,1
https://www.explorandomexico.com,0,1,0,0,0,0,0,0,1,1,1,0,1,1,0,1,0,0,1,1
https://www.cmbih.com,0,1,0,0,0,0,0,0,1,1,0,1,1,1,0,1,0,0,1,1
https://www.vtgatherings.com,0,1,0,0,0,0,0,0,1,1,0,0,1,1,0,1,1,0,1,1
https://www.elcloud.com,0,1,0,0,0,0,0,0,1,1,1,0,1,0,0,0,0,1,1,1
http://www.exibidion-underoxihement-inakagidom.name,0,0,0,0,0,0,1,0,0,0,0,0,0,0,0,0,0,0,0,0
https://www.becreaturekind.org,0,1,0,0,0,0,0,0,0,1,1,0,1,1,0,1,0,0,0,1
http://www.link-4.eu,0,0,0,0,0,0,1,0,0,0,0,0,0,0,0,0,0,0,0,0
https://www.uslegendcars.com,0,1,0,0,0,0,0,0,1,1,0,0,1,1,0,1,1,0,1,1
https://itau-activacionpy.jimdosite.com/,0,1,0,0,0,0,1,0,1,1,0,1,1,0,0,0,0,0,0,0
https://gummywigglyentropy.ale1503.repl.co/,0,1,0,1,0,0,1,0,0,1,0,0,0,0,0,0,0,0,0,0
https://www.shenzhenware.com,0,1,0,0,0,0,0,0,1,1,1,0,1,1,0,1,0,0,1,1
https://www.komarna.co.uk,0,1,0,1,0,0,1,0,0,1,1,0,1,1,0,0,0,0,1,1
https://www.iclsales.com,0,1,0,0,0,0,0,0,1,1,1,1,1,1,0,1,0,0,1,1
https://www.66expresslanes.org,0,1,0,0,0,0,0,0,0,1,1,0,1,1,0,0,0,0,1,1
https://se-66cv-f.web.app/,0,1,0,0,0,0,1,0,0,1,0,0,1,0,0,0,0,0,0,0
https://www.endpointprotector.com,0,1,0,0,0,0,0,0,1,1,0,1,1,1,0,1,0,0,1,1
https://www.korrupt.biz,0,1,0,0,0,0,0,0,0,1,1,1,1,0,0,0,1,0,0,1
https://www.bkmagazine.com,0,1,0,0,0,0,0,0,1,1,1,0,1,1,0,1,1,0,1,1
http://www.f0005026.xsph.ru,0,0,0,1,0,0,1,0,0,1,0,0,0,0,0,0,0,0,0,0
https://www.foodlz.io,0,1,0,0,0,0,0,0,0,1,1,0,1,1,0,0,1,0,1,1
https://6651cea6-4cc3-4640-ae5e-02214a5bb57d.id.repl.co,0,1,0,1,0,0,1,0,0,1,0,0,1,0,0,0,1,1,1,0
https://www.filologos-hermes.info,0,1,0,0,0,0,1,0,0,1,1,0,0,0,0,1,1,0,1,1
https://triflingflashyapplicationpackage--digitaloceanc.repl.co/,0,1,0,0,0,0,1,0,0,1,0,0,0,0,0,0,0,0,0,0
https://www.babymantra.com,0,1,0,0,0,0,0,0,1,1,1,1,1,1,0,1,1,1,1,1
https://www.decozilla.com,0,1,0,0,0,0,0,0,1,1,0,1,1,1,0,0,1,0,1,1
https://service-106870.weeblysite.com/,0,1,0,0,0,0,1,0,1,1,0,0,0,0,0,0,0,0,0,0
https://www.thaicupid.com,0,1,0,0,0,0,0,0,1,1,0,0,0,1,0,1,1,1,0,1
http://www.niceweather.top,0,0,0,0,0,0,0,0,0,1,0,0,0,0,0,0,0,0,0,0
http://www.sbnmcd.org,0,0,0,0,0,0,0,0,0,0,0,0,0,0,0,0,0,0,0,0
https://www.narragansettbeer.com,0,1,0,0,0,0,0,0,1,1,1,1,0,1,1,1,1,0,1,1
https://liberating-rocky-king.glitch.me/nvawe.htm,0,1,0,0,0,0,1,0,0,1,0,0,1,0,0,0,0,0,0,0
https://help-id-fb-56143412.firebaseapp.com/,0,1,0,0,0,0,1,0,1,1,0,0,1,0,0,0,0,0,0,0
https://s.smcbazmsousau.icu/,0,1,0,0,0,0,1,0,0,0,0,0,0,0,0,0,0,0,0,0
http://www.ptmanishsharma.site,0,0,0,0,0,0,0,0,0,0,0,0,0,0,0,0,0,0,0,0
https://www.sydneycriminallawyers.com.au,0,1,0,1,0,0,1,0,0,1,1,1,1,0,0,1,1,0,1,1
https://www.margusholland.com,0,1,0,0,0,0,0,0,1,1,0,0,1,0,0,1,0,0,1,1
https://login-cliente-rapido2023.com/luiza/home.php?userid=&uri=yc4kgyxpyiiys6i9h2e5vzj2n/mgjfs1d73alcee5ug=,0,1,0,0,1,1,1,0,1,1,1,0,1,0,0,0,0,1,0,0
https://szaq-ytv.firebaseapp.com/,0,1,0,0,0,0,1,0,1,1,0,0,1,0,0,0,0,0,0,0
http://www.3gmission.com,0,0,0,0,0,0,0,0,1,1,0,0,1,0,0,0,0,0,0,0
https://www.gulfshoreselectrician.com,0,1,0,0,0,0,0,0,1,1,1,0,1,1,0,1,0,0,1,1
https://www.buffalolib.org,0,1,0,0,0,0,0,0,0,1,1,1,1,1,0,1,1,0,1,1
http://www.clean.cannca.shop,0,0,0,1,0,0,1,0,0,1,0,0,0,0,0,0,0,0,0,0
https://www.fourthworlddesign.com,0,1,0,0,0,0,0,0,1,1,0,0,1,1,0,0,1,1,1,1
http://www.mobiles-photostudio.com,0,0,0,0,0,0,1,0,1,0,0,0,0,0,0,0,0,0,0,0
https://metafb-27zrain.web.app/,0,1,0,0,0,0,1,0,0,1,0,0,0,0,0,0,0,0,0,0
https://www.alpen-guide.de,0,1,0,0,0,0,1,0,0,1,0,0,1,0,0,1,1,0,1,1
https://www.colorfulstage.com,0,1,0,0,0,0,0,0,1,1,1,0,1,1,0,1,0,0,1,1
https://login-onlineid-eu.198-177-123-115.cprapid.com/wp-ld/it/index.php,0,1,0,1,0,0,1,0,1,0,0,0,0,0,0,0,0,0,0,0
https://maildinshaakckjnw19.web.app/,0,1,0,0,0,0,1,0,0,1,0,0,1,0,0,0,0,0,0,0
https://www.kbpedia.org,0,1,0,0,0,0,0,0,0,1,1,0,1,1,0,0,0,0,1,1
https://www.georgeeliot.org,0,1,0,0,0,0,0,0,0,1,0,0,1,1,0,1,0,0,1,1
http://103550901352668.my.id/,0,0,0,0,0,0,1,0,0,0,0,0,0,0,0,0,0,0,0,0
http://www.canalysis.net,0,0,0,0,0,0,0,0,0,1,0,1,1,0,0,0,0,0,0,0
http://www.fordlamdong.com.vn,0,0,0,1,0,0,1,0,0,0,0,0,0,0,0,0,0,0,0,0
https://www.scottishcampingguide.com,0,1,0,0,0,0,0,0,1,1,0,0,0,1,0,1,1,0,0,1
https://www.coastal.ca.gov,0,1,0,1,0,0,1,0,0,1,0,0,1,0,0,1,1,0,1,1
https://www.zappowpow.com/,0,1,0,0,0,0,1,0,1,1,0,0,1,0,0,0,0,0,0,0
https://www.moominworld.fi,0,1,0,0,0,0,0,0,0,1,1,1,1,1,0,1,1,0,1,1
https://bafybeicjs5norgos2n2neq7y4hqh2ayojgmw67orpanmq5sy3xnszjbxnu.ipfs.dweb.link/,0,1,0,1,0,0,1,0,0,1,0,1,0,0,0,0,0,1,0,0
https://www.fromyouflowers.com,0,1,0,0,0,0,0,0,1,1,1,0,1,1,0,1,0,0,1,1
https://storageapi-stg.fleek.co/6c5e0145-aee9-49fc-9228-08dde84ed78c-bucket/shio/index%20(2).html,0,1,1,0,0,0,1,0,0,1,0,1,1,0,0,0,1,0,1,0
http://www.gorgeous.nowurl.fun,0,0,0,1,0,0,1,0,0,1,0,0,0,0,0,0,0,0,0,0
http://www.theshadow.publicvm.com,0,0,0,1,0,0,1,0,1,1,0,0,0,0,0,0,0,0,0,0
https://www.tabatareal.com,0,1,0,0,0,0,0,0,1,1,1,0,0,0,0,1,1,0,0,1
https://www.ugg.com,0,1,0,0,0,0,0,0,1,1,1,0,1,1,0,1,1,1,1,1
https://www.owid.de,0,1,0,0,0,0,0,0,0,1,1,1,0,0,0,0,0,0,1,1
https://www.omicsgroup.org,0,1,0,0,0,0,0,0,0,1,1,1,1,1,1,1,1,0,1,1
https://equalaquarepositories.bge30neral666.repl.co/,0,1,0,1,0,0,1,0,0,1,0,0,0,0,0,0,0,0,0,0
https://www.sristi.org,0,1,0,0,0,0,0,0,0,1,0,0,1,1,0,1,1,0,1,1
https://kukoinloghin.godaddysites.com/,0,1,0,0,0,0,1,0,1,1,1,0,1,1,0,0,1,0,1,0
https://www.replayguitar.com,0,1,0,0,0,0,0,0,1,1,1,0,0,1,0,1,1,1,1,1
http://www.shreeagaramschool.com,0,0,0,0,0,0,0,0,1,1,0,0,1,0,0,0,0,0,0,0
https://att-106940-106304.weeblysite.com/,0,1,0,0,0,0,1,0,1,1,1,0,1,0,0,0,0,0,0,0
https://www.hss.de,0,1,0,0,0,0,0,0,0,1,1,1,1,1,1,1,1,0,1,1
https://www.shoplovestitch.com,0,1,0,0,0,0,0,0,1,1,1,1,1,1,0,1,1,1,1,1
https://www.silviadoring.com.br,0,1,0,1,0,0,1,0,0,1,1,1,0,1,0,1,1,0,1,1
http://crediyande.temp.swtest.ru/postale/new%20scam%20postale,0,0,1,1,0,0,1,0,0,1,0,0,0,0,0,0,0,0,0,0
https://maildinshaakckjnw174.web.app/,0,1,0,0,0,0,1,0,0,1,0,0,1,0,0,0,0,0,0,0
http://www.csmbuildersllc.com,0,0,0,0,0,0,0,0,1,1,0,0,1,0,0,0,0,0,0,0
https://mwtxr8.webwave.dev/,0,1,0,0,0,0,1,0,0,0,0,0,0,0,0,0,0,0,0,0
http://www.adminer.com,0,0,0,0,0,0,0,0,1,0,0,0,0,0,0,0,0,0,0,0
https://www.computertalk.com,0,1,0,0,0,0,0,0,1,1,0,1,1,1,0,1,1,1,1,1
https://5678765678.5678987654.repl.co/,0,1,0,1,0,0,1,0,0,1,0,0,1,0,0,0,1,1,1,0
http://www.73ch91ch13f.100chickens.me,0,0,0,1,0,0,1,0,0,0,0,0,0,0,0,0,0,0,0,0
http://www.lawfoundation.on.ca,0,0,0,1,0,0,1,0,0,1,0,0,0,0,0,0,0,0,0,0
https://www.tonca-trading.nl,0,1,0,0,0,0,1,0,0,1,0,0,1,1,0,0,1,0,0,1
https://www.thejec.org,0,1,0,0,0,0,0,0,0,1,0,0,1,1,0,1,0,0,0,1
http://ethereumche.com,0,0,0,0,0,0,0,0,1,0,0,0,0,0,0,0,0,0,0,0
https://www.ci.albertville.mn.us,0,1,0,1,0,0,1,0,0,1,1,0,1,1,0,1,0,0,1,1
https://www.fredericknewspost.com,0,1,0,0,0,0,0,0,1,1,0,1,1,1,0,1,1,0,1,1
https://www.vancouver.wsu.edu,0,1,0,1,0,0,1,0,0,1,1,0,1,0,0,1,1,0,1,1
http://www.mewb.org,0,0,0,0,0,0,0,0,0,0,0,0,0,0,0,0,0,0,0,0
https://www.cucchiaio.it,0,1,0,0,0,0,0,0,0,1,1,0,1,1,0,1,0,0,0,1
http://www.dubbeldwars.com,0,0,0,0,0,0,0,0,1,1,0,0,0,0,0,0,0,0,0,0
https://aol-mail-106337.weeblysite.com/,0,1,0,0,0,0,1,0,1,1,1,0,1,0,0,0,0,0,0,0
https://adamnt-one-fr.web.app/,0,1,0,0,0,0,1,0,0,1,0,0,0,0,0,0,0,0,0,0
https://jokemoothong.com/pages/secure/eb5ab17506adc00/region.php?particulier,0,1,0,0,0,1,1,0,1,1,0,0,0,0,0,0,0,0,0,0
https://www.en.portnews.ru,0,1,0,1,0,0,1,0,0,1,0,0,1,0,0,1,1,0,1,1
https://ovfisqizfyl01.z20.web.core.windows.net/,0,1,0,1,0,0,1,0,0,0,0,0,0,0,0,0,0,0,0,0
https://www.danburysmiles.com,0,1,0,0,0,0,0,0,1,1,0,1,1,1,0,1,0,0,1,1
http://www.netwow.com.br,0,0,0,1,0,0,1,0,0,1,1,0,1,1,0,0,0,0,0,0
http://www.huslerz.com,0,0,0,0,0,0,0,0,1,0,0,0,0,0,0,0,0,0,0,0
https://www.lemoyne.org,0,1,0,0,0,0,0,0,0,1,1,0,1,1,0,1,0,0,1,1
https://poczta-pl.syyounuo.com/,0,1,0,0,0,0,1,0,1,0,0,0,0,0,0,0,0,0,0,0
https://rinnovo-dominio.abletotravel.it/managehosting/,0,1,0,0,0,0,1,0,0,1,0,0,1,0,0,0,0,0,0,0
https://www.interpol.int,0,1,0,0,0,0,0,0,0,1,1,1,1,1,0,1,0,0,1,1
https://www.spanishoponline.com,0,1,0,0,0,0,0,0,1,1,0,0,1,1,0,1,0,0,1,1
https://www.thompsonrd.com,0,1,0,0,0,0,0,0,1,1,0,0,0,1,0,0,0,0,1,1
https://uni-cash.pro/,0,1,0,0,0,0,1,0,0,1,0,0,0,0,0,0,0,0,0,0
https://www.jabihcapriolo.com,0,1,0,0,0,0,0,0,1,1,1,0,1,1,0,1,1,1,1,1
https://www.philopress.com,0,1,0,0,0,0,0,0,1,1,0,1,1,0,0,0,1,0,1,1
https://www.3seas.eu,0,1,0,0,0,0,0,0,0,1,1,0,1,1,0,1,0,0,1,1
http://www.halemdus.000space.com,0,0,0,1,0,0,1,0,1,0,0,0,0,0,0,0,0,0,0,0
http://www.sfr-secure.fr/,0,0,0,0,0,0,1,0,0,1,0,0,0,0,0,0,0,0,0,0
https://www.happyhomeandfamily.com,0,1,0,0,0,0,0,0,1,1,1,1,1,1,0,1,1,0,1,1
http://www.airfieldelectric.com,0,0,0,0,0,0,0,0,1,1,0,0,1,0,0,0,0,0,0,0
http://burghdogs.com/landmarkcuauth,0,0,0,0,0,0,1,0,1,1,0,0,0,0,0,0,0,0,0,0
https://www.powersportz.tv,0,1,0,0,0,0,0,0,0,1,0,1,1,1,0,1,1,0,1,1
http://www.natayakim.com,0,0,0,0,0,0,0,0,1,1,0,0,0,0,0,0,0,0,0,0
https://www.greengoataz.com,0,1,0,0,0,0,0,0,1,1,0,0,1,1,0,1,1,0,0,1
https://www.keisei.co.jp,0,1,0,1,0,0,1,0,0,1,1,0,1,1,0,1,0,0,1,1
https://www.rexswain.com,0,1,0,0,0,0,0,0,1,1,0,0,0,1,0,0,0,0,1,1
https://www.cuirmale.nl,0,1,0,0,0,0,0,0,0,1,0,0,0,0,0,0,0,0,1,1
https://portal.person.butlerapp2.net/,0,1,0,1,0,0,1,0,0,1,0,0,1,0,0,0,0,0,0,0
https://www.themediaproject.org,0,1,0,0,0,0,0,0,0,1,1,0,1,1,0,1,1,0,0,1
https://www.935kday.com,0,1,0,0,0,0,0,0,1,1,0,1,1,1,0,1,0,0,1,1
https://att-yahoo-mail-109785.square.site/,0,1,0,0,0,0,1,0,0,1,0,0,0,0,0,0,0,0,0,0
https://www.grandprix.com.au,0,1,0,1,0,0,1,0,0,1,1,1,1,1,0,1,0,0,1,1
https://www.indieflix.com,0,1,0,0,0,0,0,0,1,1,0,0,1,1,0,1,0,0,1,1
https://sistm14--sistm14.repl.co/,0,1,0,0,0,0,1,0,0,1,0,0,0,0,0,0,0,0,0,0
https://aol-101047.weeblysite.com/,0,1,0,0,0,0,1,0,1,1,1,0,1,0,0,0,0,0,0,0
http://www.jnh992.com,0,0,0,0,0,0,0,0,1,0,0,0,0,0,0,0,0,0,0,0
http://u1965047.plsk.regruhosting.ru/131/,0,0,0,1,0,0,1,0,0,1,0,0,1,1,1,0,1,1,1,0
http://www.ameraiaoexprecs.co.jp.7lwfuij00dxjbm6x.shop/,0,0,0,1,0,0,1,0,0,0,1,0,1,0,0,0,0,0,0,0
https://btinternetbbg.weebly.com/,0,1,0,0,0,0,1,0,1,1,0,1,1,0,0,0,0,0,0,0
https://rsedavki-si.web.app/,0,1,0,0,0,0,1,0,0,1,0,0,1,0,0,0,0,0,0,0
https://www.nyulawreview.org,0,1,0,0,0,0,0,0,0,1,0,1,1,1,0,1,1,0,0,1
https://www.aqonline.co.uk,0,1,0,1,0,0,1,0,0,1,0,0,1,1,0,1,1,1,1,1
https://www.californiawatercolor.com,0,1,0,0,0,0,0,0,1,1,1,0,0,1,0,1,1,1,1,1
https://ashamedextraneous.promerica2312.repl.co/,0,1,0,1,0,0,1,0,0,1,0,0,0,0,0,0,0,0,0,0
https://www.wikilivres.ca,0,1,0,0,0,0,0,0,0,1,0,1,1,0,0,0,1,0,1,1
https://ipfs.io/ipfs/qmnwjuqcyhvtngbujsxagvectggwwxbf2rynuabtiokjnb?filename=adb.html,0,1,0,0,1,1,1,0,0,0,0,0,0,0,0,0,0,0,0,0
https://www.clawhammersupply.com,0,1,0,0,0,0,0,0,1,1,1,0,1,1,0,1,1,1,1,1
https://www.euclid-ec.org,0,1,0,0,0,0,1,0,0,1,0,0,1,0,0,1,1,0,1,1
https://gateway.pinata.cloud/ipfs/bafybeihc4amlzwqxbyjialq5rtxgfjisme5fp4ptfg3f3bhb5udih3ya7y/,0,1,0,0,0,0,1,0,0,0,0,0,0,0,0,0,0,0,0,0
https://bafybeif523pgegbqfruvv27zrovjrgxbykntihut6ylrqwpnyhfniq6sgq.ipfs.dweb.link/?filename=deys.html#x@x.com,0,1,0,1,1,1,1,0,0,1,0,0,1,0,0,0,1,1,1,0
http://www.boyero.ga,0,0,0,0,0,0,0,0,0,1,0,0,0,0,0,0,0,0,0,0
https://www.nitrateville.com,0,1,0,0,0,0,0,0,1,1,0,0,1,0,0,0,1,1,1,1
https://www.evergreenparklibrary.org,0,1,0,0,0,0,0,0,0,1,1,0,1,1,0,1,1,0,1,1
https://dev-bncrlog944.pantheonsite.io/,0,1,0,0,0,0,1,0,0,1,0,0,0,0,0,0,0,0,0,0
https://zettler-dot-sharefilingcloud-downloads.uk.r.appspot.com/,0,1,0,1,0,0,1,0,1,0,0,0,0,0,0,0,1,0,0,0
https://www.deepcovekayak.com,0,1,0,0,0,0,0,0,1,1,1,1,0,1,0,1,1,0,1,1
http://seedlfy.com.pl/walletconnect/,0,0,0,0,0,0,1,0,0,0,0,0,0,0,0,0,0,0,0,0
https://www.insidekung-fu.com,0,1,0,0,0,0,1,0,1,1,1,1,1,1,1,0,1,0,1,1
https://www.phloem.app,0,1,0,0,0,0,0,0,0,1,1,0,1,0,0,0,1,0,1,1
https://www.filmnoirfoundation.org,0,1,0,0,0,0,0,0,0,1,0,0,1,1,0,1,0,0,0,1
https://www.yourrockbridgeconnection.com,0,1,0,0,0,0,0,0,1,1,0,1,1,1,0,1,1,1,1,1
https://storageapi-stg.fleek.co/e9583b91-1e97-4bb8-ba6d-6808664b5b28-bucket/oochq.html,0,1,0,0,0,0,1,0,0,1,0,0,1,0,0,0,0,1,0,0
http://www.softupdate-online.top,0,0,0,0,0,0,1,0,0,0,0,0,0,0,0,0,0,0,0,0
https://www.my-safe-zone.com,0,1,0,0,0,0,1,0,1,1,0,1,1,1,0,1,1,1,1,1
https://www.salvationarmy.org.uk,0,1,0,1,0,0,1,0,0,1,1,0,1,0,0,1,1,0,1,1
https://www.chinasona.org,0,1,0,0,0,0,0,0,0,1,0,0,1,0,0,0,0,0,1,1
https://www.thecity.nyc,0,1,0,0,0,0,0,0,0,1,1,0,1,0,0,1,1,0,1,1
https://www.eviltester.com,0,1,0,0,0,0,0,0,1,1,1,1,1,1,0,1,1,0,1,1
https://www.webbdeepsky.com,0,1,0,0,0,0,0,0,1,1,1,0,1,1,0,0,0,0,1,1
https://www.palmspringsflorist.net,0,1,0,0,0,0,0,0,0,1,1,0,1,1,0,1,1,0,1,1
https://www.southoldtownny.gov,0,1,0,0,0,0,0,0,0,1,1,0,1,1,0,0,0,0,1,1
https://www.era-learn.eu,0,1,0,0,0,0,1,0,0,1,1,0,1,0,0,0,1,0,1,1
https://www.fullerton.edu,0,1,0,0,0,0,0,0,0,1,0,0,1,1,1,1,1,0,1,1
http://www.53mns.com,0,0,0,0,0,0,0,0,1,1,0,0,0,0,0,0,0,0,0,0
https://www.ziprider.com,0,1,0,0,0,0,0,0,1,1,0,0,1,1,0,0,0,0,1,1
https://www.jazz-rock.com,0,1,0,0,0,0,1,0,1,1,1,0,0,0,0,1,0,0,1,1
https://www.mamm-mdf.ru,0,1,0,0,0,0,1,0,0,1,0,0,1,1,0,1,1,0,1,1
http://sarpetrol.com.tr/globe/portal.php,0,0,0,0,0,0,1,0,0,1,1,0,0,0,0,0,1,1,0,0
https://aol-mail-106111.weeblysite.com/,0,1,0,0,0,0,1,0,1,1,1,0,1,0,0,0,0,0,0,0
https://www.watt-evans.com,0,1,0,0,0,0,1,0,1,1,1,0,1,1,0,1,0,0,0,1
https://dev-validardatositaupy.pantheonsite.io/,0,1,0,0,0,0,1,0,0,1,0,0,0,0,0,0,0,0,0,0
https://www.electricblanketinstitute.com,0,1,0,0,0,0,0,0,1,1,1,1,1,1,1,0,1,0,1,1
https://www.operanorth.co.uk,0,1,0,1,0,0,1,0,0,1,1,1,1,1,1,1,1,0,1,1
https://www.vala.ma,0,1,0,0,0,0,0,0,0,1,1,0,1,1,0,1,1,0,1,1
https://www.testingtreatments.org,0,1,0,0,0,0,0,0,0,1,1,1,1,1,0,0,1,0,1,1
http://www.officemngt.com,0,0,0,0,0,0,0,0,1,0,0,0,0,0,0,0,0,0,0,0
https://document2-be2c0.web.app/,0,1,0,0,0,0,1,0,0,1,1,0,1,0,0,0,0,0,0,0
https://www.isf.org.il,0,1,0,1,0,0,1,0,0,1,0,0,1,1,0,0,0,0,1,1
https://www.bisemalakand.edu.pk,0,1,0,1,0,0,1,0,0,1,1,0,1,1,0,1,1,0,1,1
https://www.lib.u-ryukyu.ac.jp,0,1,0,1,0,0,1,0,0,1,0,1,1,0,0,0,1,0,1,1
https://sites.google.com/view/nextprojectpage2022,0,1,0,0,0,0,1,0,1,1,1,0,1,0,0,0,0,0,1,0
http://www.vinhsake.com,0,0,0,0,0,0,0,0,1,1,0,0,1,0,0,0,0,0,0,0
http://www.zvnurhidkfijfkdfkddfdsdsgyh.com,0,0,0,0,0,0,0,0,1,0,0,0,0,0,0,0,0,0,0,0
http://www.pockctaaed.co.jp.zkuqho.top/ai/registration.php,0,0,0,1,0,0,1,0,0,1,1,0,1,0,0,0,1,0,1,0
https://www.chiro-elite.com,0,1,0,0,0,0,1,0,1,1,0,0,1,1,0,1,0,0,1,1
http://wjiyxoilye.duckdns.org,0,0,0,0,0,0,1,0,0,0,0,0,0,0,0,0,0,0,0,0
https://banireservasi.reservasi.repl.co/index1.php,0,1,0,1,0,0,1,0,0,1,0,0,0,0,0,0,0,0,0,0
https://www.inovablood.org,0,1,0,0,0,0,0,0,0,1,1,1,1,1,0,1,0,0,1,1
https://maildinshaakckjnw628.web.app/,0,1,0,0,0,0,1,0,0,1,0,0,1,0,0,0,0,0,0,0
https://www.prazsky-krysarik.cz,0,1,0,0,0,0,1,0,0,1,1,0,0,1,0,1,0,0,0,1
https://www.amaeozn-co-jp.amazecn.ywjwym.top/ap/signin,0,1,0,1,0,0,1,0,0,1,0,0,0,0,0,0,0,0,0,0
https://www.crownofthegods.com,0,1,0,0,0,0,0,0,1,1,0,0,1,1,0,1,0,1,1,1
https://www.stuffedwithplushtoys.com,0,1,0,0,0,0,0,0,1,1,1,0,1,1,0,1,1,0,1,1
https://www.kartoffel-hotel.de,0,1,0,0,0,0,1,0,0,1,1,1,0,1,0,1,1,0,1,1
http://www.secao.com,0,0,0,0,0,0,0,0,1,1,0,0,0,1,0,0,0,0,0,0
https://www.lussagin.com,0,1,0,0,0,0,0,0,1,1,1,0,1,1,1,1,0,0,1,1
https://www.visualcapitalist.com,0,1,0,0,0,0,0,0,1,1,0,1,1,1,0,1,1,1,1,1
https://www.lacedphotography.com,0,1,0,0,0,0,0,0,1,1,0,0,0,1,0,1,0,0,1,1
http://www.leluibuffet.com.br,0,0,0,1,0,0,1,0,0,1,1,0,0,0,0,0,0,0,0,0
http://www.shopeevxs.com/,0,0,0,0,0,0,1,0,1,1,0,0,0,0,0,0,0,0,0,0
http://www.ec48p71.rawtennis.com,0,0,0,1,0,0,1,0,1,0,0,0,0,0,0,0,0,0,0,0
http://www.creadevents.us,0,0,0,0,0,0,0,0,0,0,0,0,0,0,0,0,0,0,0,0
https://www.usz.ch,0,1,0,0,0,0,0,0,0,1,1,1,1,1,1,1,0,0,1,1
http://www.eblgh.ga,0,0,0,0,0,0,0,0,0,1,0,0,0,0,0,0,0,0,0,0
https://www.chesterfield.gov.uk,0,1,0,1,0,0,1,0,0,1,1,1,1,1,0,1,1,0,1,1
https://www.flyingsolo.com.au,0,1,0,1,0,0,1,0,0,1,1,1,1,1,0,1,1,1,1,1
https://www.avianwelfare.org,0,1,0,0,0,0,0,0,0,1,0,0,1,1,0,1,1,0,1,1
http://u1965047.plsk.regruhosting.ru/225/,0,0,0,1,0,0,1,0,0,1,0,0,1,0,0,0,0,1,1,0
https://www.ejcancer.com,0,1,0,0,0,0,0,0,1,1,0,1,1,0,0,1,1,0,1,1
https://www.lolaramona.com,0,1,0,0,0,0,0,0,1,1,0,1,1,1,0,1,1,1,1,1
https://fb.help-metabusinessappealrequestcase.com/?caseid1001681642652998,0,1,0,0,0,1,1,0,1,1,0,0,0,0,0,0,0,0,0,0
http://www.saisoaoard.co.jp.tbcowj.top/ai/sign.php,0,0,0,1,0,0,1,0,0,0,0,0,0,0,0,0,0,0,0,0
http://www.autoupdate.zoka.cc,0,0,0,1,0,0,1,0,0,1,0,0,0,0,0,0,0,0,0,0
https://wh284c.webwave.dev/,0,1,0,0,0,0,1,0,0,1,0,0,0,1,0,0,0,0,0,0
http://www.xn--panakeswap-1ib.finance/,0,0,0,0,0,0,1,0,0,1,1,0,1,0,0,0,0,0,0,0
https://tullyscanweb.com/user.gyk/,0,1,0,0,0,0,1,0,1,0,0,0,0,0,0,0,0,0,0,0
https://www.haircutandshaveco.com,0,1,0,0,0,0,0,0,1,1,0,0,1,1,0,1,1,1,1,1
https://www.sechistorical.org,0,1,0,0,0,0,0,0,0,1,1,0,1,1,0,1,1,0,1,1
http://www.turnerswindowstylings.com,0,0,0,0,0,0,0,0,1,0,0,0,0,0,0,0,0,0,0,0
https://www.norwichresearchpark.com,0,1,0,0,0,0,0,0,1,1,1,1,1,1,0,1,0,0,1,1
http://www.f0504575.xsph.ru,0,0,0,1,0,0,1,0,0,1,0,0,0,0,0,0,0,0,0,0
http://mail.portale-utente-info.162-0-216-30.cprapid.com/checkclient.php?&amp;sessionid=9d30164cdeb61a4caaff2d044a3fd599,0,0,0,1,1,1,1,0,1,1,0,0,1,0,0,0,0,0,1,0
https://dekbsk2thsp.typeform.com/to/hillogij,0,1,0,0,0,0,1,0,1,0,0,0,0,0,0,0,0,0,0,0
http://www.kokuadiaper.com,0,0,0,0,0,0,0,0,1,0,0,0,0,0,0,0,0,0,0,0
https://snowy-art-fe31.tql35vg01086.workers.dev/,0,1,0,1,0,0,1,0,0,1,0,1,1,0,0,0,0,0,0,0
http://www.infomarketx.com,0,0,0,0,0,0,0,0,1,0,0,0,0,0,0,0,0,0,0,0
https://8413f2d6-cbb1-4b03-8cfd-f08d1855d055.id.repl.co/index1.html,0,1,0,1,0,0,1,0,0,1,0,0,0,0,0,0,0,0,0,0
https://www.ushistory.org,0,1,0,0,0,0,0,0,0,1,0,0,1,0,0,1,1,0,1,1
https://www.glogirly.com,0,1,0,0,0,0,0,0,1,1,1,0,0,0,0,1,1,0,1,1
https://ipfs.fleek.co/ipfs/bafybeie3cmqux7ecyfvsovwtpqrobm7agugiwbp2kqzvhvwguskcyf5tpi#cert@soc.tdc.dk,0,1,0,0,0,0,1,0,0,0,0,0,0,0,0,0,0,0,0,0
http://www.jeanneo.cf,0,0,0,0,0,0,0,0,0,1,0,0,0,0,0,0,0,0,0,0
https://www.rakennuslehti.fi,0,1,0,0,0,0,0,0,0,1,1,0,1,1,0,1,1,1,0,1
https://www.alanaragonblog.com,0,1,0,0,0,0,0,0,1,1,1,0,0,0,0,0,0,0,1,1
https://www.406areacode.com/sg.fr/acces/492850747e88870310f74e1c421a9b0d/,0,1,0,0,0,0,1,0,1,1,0,0,1,0,0,0,0,0,0,0
http://www.sck.urlfb.co,0,0,0,1,0,0,1,0,0,1,0,0,0,0,0,0,0,0,0,0
http://www.eocic.ml,0,0,0,0,0,0,0,0,0,1,0,0,0,0,0,0,0,0,0,0
https://swiftcoldports.251121.repl.co/,0,1,0,1,0,0,1,0,0,1,0,0,0,0,0,0,0,0,0,0
https://www.thephins.com,0,1,0,0,0,0,0,0,1,1,0,0,1,1,0,1,1,1,1,1
https://metahelpcenter-appeal-1239041.firebaseapp.com/,0,1,0,0,0,0,1,0,1,1,0,0,0,0,0,0,0,0,0,0
https://528f2648-8480-49c9-b001-501083adcc48.id.repl.co/,0,1,0,1,0,0,1,0,0,1,0,0,0,0,0,0,0,0,0,0
https://www.pleksus.com.tr,0,1,0,1,0,0,1,0,0,1,0,0,1,0,0,0,0,0,1,1
https://www.rogerdeakins.com,0,1,0,0,0,0,0,0,1,1,0,1,1,1,0,1,1,1,1,1
https://www.gknaerospace.com,0,1,0,0,0,0,0,0,1,1,0,0,1,1,0,1,1,0,1,1
https://www.footballnewsguru.com,0,1,0,0,0,0,0,0,1,1,1,0,0,0,0,1,1,1,1,1
https://www.bellavoce.org,0,1,0,0,0,0,0,0,0,1,1,0,1,1,0,1,1,0,0,1
https://www.imageeditexpert.com,0,1,0,0,0,0,0,0,1,1,1,0,1,1,0,1,1,0,0,1
https://www.thelightsofchristmas.com,0,1,0,0,0,0,0,0,1,1,0,1,1,1,0,1,0,0,1,1
http://www.tanimadigimten.ml,0,0,0,0,0,0,0,0,0,1,0,0,0,0,0,0,0,0,0,0
http://www.anderson-spanien.com,0,0,0,0,0,0,1,0,1,1,0,0,0,0,0,0,0,0,0,0
https://www.doseofroses.com,0,1,0,0,0,0,0,0,1,1,1,0,1,1,0,1,1,1,1,1
https://www.showbie.com,0,1,0,0,0,0,0,0,1,1,0,0,1,1,0,1,0,0,0,1
https://www.pgr.gov.mz,0,1,0,1,0,0,1,0,0,1,1,0,1,1,0,1,1,0,1,1
https://www.cavoparadiso.gr,0,1,0,0,0,0,0,0,0,1,0,0,1,1,0,1,0,0,1,1
https://www.londonstudiocentre.org,0,1,0,0,0,0,0,0,0,1,1,1,1,1,0,1,1,0,1,1
http://u1965047.plsk.regruhosting.ru/233/,0,0,0,1,0,0,1,0,0,1,0,0,1,0,1,0,1,1,1,0
http://www.xanthelasmaremoval.com,0,0,0,0,0,0,0,0,1,1,0,0,0,0,0,0,0,0,0,0
http://www.hddrc.net,0,0,0,0,0,0,0,0,0,1,0,0,0,0,0,0,0,0,0,0
https://www.mayonews.ie,0,1,0,0,0,0,0,0,0,1,0,0,1,1,0,0,0,0,1,1
https://www.thetaskforce.org,0,1,0,0,0,0,0,0,0,1,1,1,1,1,0,1,1,0,1,1
http://www.amazcecm-co-jp.amazaeon.50gb141.xyz/,0,0,0,1,0,0,1,0,0,0,1,0,1,0,0,0,0,0,0,0
http://www.tj999.top,0,0,0,0,0,0,0,0,0,0,0,0,0,0,0,0,0,0,0,0
https://update-filedoc.myportfolio.com/,0,1,0,0,0,0,1,0,1,0,0,0,0,0,0,0,0,0,0,0
https://www.elektronik-kompendium.de,0,1,0,0,0,0,1,0,0,1,1,0,1,1,1,1,1,0,1,1
https://www.lakewoodorganic.com,0,1,0,0,0,0,0,0,1,1,1,0,1,1,0,1,1,1,1,1
http://www.vashovskycorp.com,0,0,0,0,0,0,0,0,1,1,0,0,0,0,0,0,0,0,0,0
https://storageapi.fleek.co/5a71302c-4b02-4bb2-bfd5-51b6a8d37553-bucket/fedex/fx.html,0,1,0,0,0,0,1,0,0,0,0,0,0,0,0,0,0,0,0,0
https://www.rhalliburtonstar.com,0,1,0,0,0,0,0,0,1,1,0,0,1,1,0,1,0,0,0,1
https://www.officeevolution.com,0,1,0,0,0,0,0,0,1,1,0,1,1,1,1,1,0,0,1,1
https://netflix-clone.jacobdanielrose.com/auth,0,1,0,0,0,0,1,0,1,0,0,0,1,0,0,0,0,1,0,0
https://www.themepunch.com,0,1,0,0,0,0,0,0,1,1,1,1,1,0,0,0,1,0,0,1
https://rfde-107a7.firebaseapp.com/,0,1,0,0,0,0,1,0,1,1,0,0,1,0,0,0,0,0,0,0
http://www.pytanggong.com,0,0,0,0,0,0,0,0,1,1,0,0,0,0,0,0,0,0,0,0
http://www.sssmar.welco.live,0,0,0,1,0,0,1,0,0,1,0,0,0,0,0,0,0,0,0,0
https://www.pjstagingdecorating.com,0,1,0,0,0,0,0,0,1,1,1,1,1,1,0,1,0,0,1,1
https://determined-allen.109-71-253-24.plesk.page/,0,1,0,1,0,0,1,0,0,1,0,1,1,0,0,0,1,0,1,0
http://www.englishzones.com,0,0,0,0,0,0,0,0,1,0,0,0,0,0,0,0,0,0,0,0
https://www.jaguar-net.co.jp,0,1,0,1,0,0,1,0,0,1,0,0,0,1,0,0,0,0,1,1
https://www.corriecooks.com,0,1,0,0,0,0,0,0,1,1,1,1,1,1,0,1,1,0,1,1
https://www.comiket.co.jp,0,1,0,1,0,0,1,0,0,1,0,0,1,0,0,1,0,0,0,1
https://www.bitquabit.com,0,1,0,0,0,0,0,0,1,1,1,0,1,1,0,0,0,0,1,1
https://www.twp.northville.mi.us,0,1,0,1,0,0,1,0,0,1,1,0,1,1,0,1,0,0,1,1
https://ldsofmichigan.com/wp-admin/cf/uy/step1.php?id=58182957,0,1,0,0,1,1,1,0,1,1,0,1,1,0,0,0,0,0,1,0
https://6zzi.short.gy/dcpoe0,0,1,0,0,0,0,1,0,0,1,0,0,1,0,0,0,0,0,0,0
https://microsoftloginme.weebly.com/,0,1,0,0,0,0,1,0,1,1,0,1,1,0,0,0,0,0,0,0
https://srsp-4qik-q.firebaseapp.com/,0,1,0,0,0,0,1,0,1,1,0,0,1,0,0,0,0,0,0,0
http://u2033195.plsk.regruhosting.ru/toemanva/,0,0,0,1,0,0,1,0,0,1,1,0,0,0,0,0,1,0,1,0
https://www.italianfuturism.org,0,1,0,0,0,0,0,0,0,1,0,1,1,0,0,0,1,0,1,1
https://www.verisage.us,0,1,0,0,0,0,0,0,0,1,1,0,1,0,0,0,1,0,0,1
https://bappp-navigatorrweebde.weebly.com/,0,1,0,0,0,0,1,0,1,1,0,1,1,0,0,0,0,0,0,0
https://www.pacificcoastharvest.com,0,1,0,0,0,0,0,0,1,1,0,0,1,1,1,1,1,0,1,1
http://www.lin.kim,0,0,0,0,0,0,0,0,0,0,0,0,0,0,0,0,0,0,0,0
https://www.bitdefender.com,0,1,0,0,0,0,0,0,1,1,1,0,1,1,0,1,1,0,1,1
http://cy04558.tw1.ru/klineb/fr/7b38b018a1a7cc5/region.php?lca#7b38b018a1a7cc578,0,0,0,0,0,1,1,0,0,1,0,0,0,0,0,0,0,0,0,0
https://www.ctfa.com.tw,0,1,0,1,0,0,1,0,0,1,0,0,1,0,0,1,0,0,1,1
https://sholeaprinceraxweell.entrydns.org/ee5i5vg,0,1,0,0,0,0,1,0,0,1,0,0,0,0,0,0,0,0,0,0
https://www.royaldelft.com,0,1,0,0,0,0,0,0,1,1,1,1,1,1,1,1,1,0,1,1
https://www.evorahotel.pt,0,1,0,0,0,0,0,0,0,1,0,1,1,1,0,1,1,0,0,1
http://www.consumerspanel.frge.io,0,0,0,1,0,0,1,0,0,0,0,0,0,0,0,0,0,0,0,0
https://orange-fr.pages.dev/,0,1,0,0,0,0,1,0,0,1,0,0,1,0,0,0,0,0,1,0
https://bodhicardstech.com/beta/wx%20qz%20xx%20ww%20qxz%20wes%20wsed/54dr%2056yg%2065yft5%204f6yft5%20d46yg5%20fyt45t%20f4d4%20yf56td4/ft5%20fy%2065y%204%205tdr34%204yf46%20y5uyf%20t5%20d6yf5%20td%204fdtr34%205yf5%2064d5t34f46u75/gy6f5t%2056yf%205t%204g75%20fy65t%204%2065gf%20y%2054f%204g5ug7%20u5y6f4%205%20guf%20y6545d%204f6gu%207f65y%204dt/gy65ft%2045%20fy6%206g57guf%20y5%20f4%205%20y57%20yf6%204t5%20gu%207f5y645%20%20fu%20f5y%2064dt4tf/g4gr%20y65f%20f5yft4%2056yf%2045t%205gy%20f645ft%20475yf6%204tf5%20yft%2065ug7%2056fy45t%204%20u5fy6t%20f4u%207ug5y%204tf465%20u%206ug7y655/y65t%2056gy%2056gu6y%2045%20g7u%20y6f4%205g6u7u5%206yf4%2075gu6%20yf4%206gy5%20ft46u%207i6u7g5%20yf45%2056gu%20ug76%20y566f4%205u%2068%2067ug6y%20f4g4%2076ugy5%2045%20u76guy54/f54_4yg=u-y65f5t4t.46gu-g5=y64f-u5g7y6_46gu=-u6g75y6.3dt-46=u68gu-75_57hi6=8i-g6u7fyd4.u6-8i=6u56-yf45-46g=u57-86ug7f5y6d4.yf5-7u=86-u756y_46=g57h-8i6gu75.34rs-d5=y56-gu-6h=87i-h86gu756y.45yf-56u=68-gu75y-56gu6gu75y6/y65ft3d4_5fy=655g-y6f45dt4.4y67g-y5645=-6gu75fy6_46gu=5-ug75fy6d4.5uf-67u=6-g75y6-65gu=7-u6g7y5f6.5dy5-6fu=6-g7u5y6-56gu=68-gu75y6f.34-45=f56-ug5fy_57ug=68hi-gu867y.45yf-57u=6hu-75_65gyftd45y5g.46fy-g57=i8-g6u7y56-f5676-8guf75y6d45/gy65ft.4dtf56-y5td3=f4-5gufy6t5_46g=575y64d5t.dy64g-7=gu5y6f45_46gu7-gu75fy6d5t.54yd-5f7u=6g8u-g756_56u=6-gu75fy6d.46yf57-u=6g7-y65f4_4y6g=6-ug765yf.34r-s3s=st65f-yg_=hu-7g56y.56gyf5tdy=56y-f45dt3_=46-5gufy64d5t.34rd-35=yf4-u57fy6_65u=g67-ug5y6f45t4/g6y5ft4.5f645-dt3d=5f6-7uy565t_4=y57-yf64d5t3.dyf7-5u6=7gu5-y6f45t_6=u567-ug5fy645dt.46-u67gu5=y6f4-5t_4=5yg-57y6f4d5t.54sd-57gu=68-gu7_56=u67-gu5y6f5.3t-d45yf=57-y6f_=-7g556gyftd.45y-g7u=6-g7y5645_=4-g7u5y6f45dt4/g65yf5.45td3r-f46=g5-y6ft_4=yg-u5fy6dt.46fu-67ug65yf4-5e4_4=yg7-gu5yf6d45td.4yf57-u=6g5y645_46=67-gu5y6f45t.4dy5-f56gu=6-ug75_57hu=68-u7gy56ft.34-rsr34=t-64f5t_65gu=68-hg6u756f5.7hi87-g6u765y=f4-5_45yf=5u-g7y5f64d5t.45t-46=fyg-56_56ug6u8-hug76y5t/g6y5ft.34rd3-5y6=fy4-d5t34_45y=g7-u5yf64d5t.46uf-gu75=y6f45-_45=yf5-7ug5yf6t.5dy-f57=u87-6gu7565_45y=57-yf645td.34td-6=y67-gu5y6_5u68i-6u7gy56ft5.4d5t-4=y5g-7g5f45-45y=57-ug5fy645t/g6y5ft3.4ddr4-t5d4r-67fy5-t4r_45=y5-7gy56fdtr.d46y-g67=g65yf-43_45=f57-ugy5f6d4t5.d46yg-68=gu7y5f6-4_4=g5-gu7y5f64dt.34s-d45yf=5g-7yf6_56ug=68ih-6u7g5y64.6g-678h=u67gy6-5ft5_45ft=5-yft4d5s.4d6yf-57g=u6g7y5_65g=8-8ih7g675f43/f5td4.f45d4t-45=65g-yf6t_65gu=67-g56fy4d5t.dy57-u6gy5-f4_45=y5-7ug7y5f65s4.td56-f6g=7g-y5t_45=yg57-ug7y5f65.45y-7u=u6g7-5_4=g-75y6f4d5.45dt-56yg=67-g5f6_45=65-7gu6yf56.34s-34t=4f6-y56f_65gf4dr4.4s5-5g=u67ug-y5f_45=f-65gf4d4.34dt-f565=8-g67uy65t/gy65ft5.45yf5td-d34=ff7-f5y645t_=7-g5y6f4t5d.45yf-57u=6g75y6f-45t_=6gu-675fyt.3dt-46g=y57-6gu76_56=u67-h6g756yf45td.3t-t46y=g7-ug656_=-5gy6ft4d.34t-65g=u6-g67y5ft_45=f5-7ug6655.45f-y5g7=gy56-ft4r_45=yf5-g7yf6t43/f65td4r3.45td-4r3d3=f4y-564t5_45=y-yf564td5stt5.3dy5f-f7u=68gu-7fy56_6y=g-ug67y5f6d5t.3sr-45ft=57y-f5645_6y=g76-ugyf65t.5yf-57uh=8u6g7y65_45=5-6f43dr.34sr-46y=576i-hi87ug_67hu=-g67y5ft4/f5t4rd.35-fy64=td5-4f7ug56f4_=6y7-fy56d45t.45y-7g=56fdt4_=65-yftd4r45.45fy-56yg=756fy-d4t3_=5-6fdt34.45y-57y6=4e5t_=-fd5t4r.4yf-57y6f=4t-d56fy_45=y-756yfdt.45yf-57u=6-g7u5y6f_45=yf5-7yf6d4t534r/g5y6ft3.4srd5-fyg=67gy-6f5td_46gy=57g-u7y5f64d5t4.45f-yg87hu6gy-ft45_46=57-h6g756f5dt.3st-56fy=6g7-5fy64_34dt=f46-yf4t5d.5g7uh6-8ih=78u6g-y56_45gy=7u-g6756f.34rs-35=td4-6y5dt3_46y=g7-hg8u675.678-i786ug-y6f55t_45f=t5-6d4ts45.d5-g7=7-86gu5y4/56yftd4.453dr-46g=u57-y56f4t5dr4_45=g-57y6f4d5tr.4y-57y=64t5-3u67gy56f_56ug=68-g6u765f45dt.3s-d46=fg7-5yf64_35f=y57-g7y5f6td.6gu67-8i78h6ug7-y65_54ft=y7-gu6y56f4t.34rd-4y=7-gu6y65_57uh=67-ih8u67gy56.46yf6g-7ug=67-yf54r33/gy6f5t4r.54fy6yf45td=657-guy56ft_46=g67-ug5yf64t53r4.dt5r43sd34r_34dt=f6-6fy5dt5s4r-24d=4-yf56d4.3sd6-y57y-6f45t34-33dt4=6yf-5d44a.35s-yd57=ug6-u5y6-5fy57=gyf-56dt4sr3d6t5/gy6f5tr.3sdt64-dt534r=d6-7fy56t5_46g=-6gu7y56fd5t.3sdy-57g=u9-7h8u6g7y_5hu=7-hu8g67y56f.34sr-4df=yg67-uh67_76u=78ji-hu76gy6.43r-s3=dt5-6yt_wtf=6-u8hgu7y.f76gu-h8u67g5-y6f45_5t=s44r3-ea3.dt4f6g-7i=ji-h87u6y654/f5y6g/34fygf5/334f6g57/8iu7y65t4r3e/f65td4r.34df6-t4r3=4s-545fy46td5r4_34=f6-y6ft5.s4dy-f67gu=g6-7y5f4_45f=y5-gu7yf56d.34sdyf-57u=7jih-8u67gy6_5gu=8-h6u7gy5ft.2a-34=dtf5-7gu5yf_5gu=8i-h78gu67.57guh87-67y=5f-4d4trs_45d=fy57ug65.12ae-2s4dt46f=u6-8hgu_7u78i8h-ug67y6ft4.html,0,1,1,0,1,0,1,0,1,1,0,0,0,0,0,0,1,1,1,0
http://www.server.tl,0,0,0,0,0,0,0,0,0,1,0,0,0,0,0,0,0,0,0,0
https://www.designerbrands.com,0,1,0,0,0,0,0,0,1,1,1,0,1,1,0,1,0,0,1,1
http://www.anobaka.jp,0,0,0,0,0,0,0,0,0,1,0,0,0,0,0,0,0,0,0,0
https://www.mamisite.com,0,1,0,0,0,0,0,0,1,1,0,0,1,1,0,0,1,1,1,1
https://www.milwaukeeadmirals.com,0,1,0,0,0,0,0,0,1,1,0,1,1,0,0,1,0,0,0,1
https://janetg.com.au/verificacion-20/brou/step1.html,0,1,0,0,0,0,1,0,0,1,0,0,1,0,0,0,1,1,1,0
http://www.nursesweekparty.com,0,0,0,0,0,0,0,0,1,0,0,0,0,0,0,0,0,0,0,0
https://www.out48.com,0,1,0,0,0,0,0,0,1,1,0,1,1,1,0,1,1,0,1,1
http://www.northernfloorco.com,0,0,0,0,0,0,0,0,1,1,0,0,0,0,0,0,0,0,0,0
http://www.ah-holweger.de,0,0,0,0,0,0,1,0,0,1,0,0,0,0,0,0,0,0,0,0
https://www.museosdelvino.es,0,1,0,0,0,0,0,0,0,1,1,1,1,1,0,1,1,1,1,1
https://www.materialculture.nl,0,1,0,0,0,0,0,0,0,1,1,0,1,1,0,1,1,0,1,1
https://www.spreadshop.com,0,1,0,0,0,0,0,0,1,1,0,0,1,1,0,1,0,0,0,1
https://comp-assyst.com//orgbk-b/client/connexion.html,0,1,0,0,0,0,1,0,1,1,0,0,1,0,0,0,1,1,0,0
https://www.jankarihub.com,0,1,0,0,0,0,0,0,1,1,0,1,1,0,0,0,1,0,1,1
https://www.biblioasis.com,0,1,0,0,0,0,0,0,1,1,1,1,1,0,0,1,1,0,1,1
https://www.pave.org.sg,0,1,0,1,0,0,1,0,0,1,0,1,0,0,0,1,1,0,1,1
https://zqmta.stegdom.top/,0,1,0,0,0,0,1,0,0,0,0,0,0,0,0,0,0,0,0,0
https://kenyansinontario.org/omatt/att3/,0,1,0,0,0,0,1,0,0,1,0,0,0,0,0,0,1,1,0,0
https://confirmacionesimportantes--servisgalicia.repl.co/,0,1,0,0,0,0,1,0,0,1,0,0,0,0,0,0,0,0,0,0
https://www.elprogreso.es,0,1,0,0,0,0,0,0,0,1,0,1,1,1,0,1,1,0,0,1
https://www.aaahs.org.uk,0,1,0,1,0,0,1,0,0,1,0,0,1,1,0,1,1,0,1,1
https://www.philadelphiafed.org,0,1,0,0,0,0,0,0,0,1,1,0,1,0,0,1,0,0,1,1
https://www.iloveindia.com,0,1,0,0,0,0,0,0,1,1,0,0,1,0,0,0,0,0,1,1
http://www.eblaghe-snair.gq,0,0,0,0,0,0,1,0,0,1,0,0,0,0,0,0,0,0,0,0
https://www.participatorybudgeting.org,0,1,0,0,0,0,0,0,0,1,1,1,1,1,0,1,1,0,1,1
http://noblelao.xyz/,0,0,0,0,0,0,1,0,0,1,1,0,0,0,0,0,0,0,0,0
https://tnijurl.com/2d8854f1cbde/,0,1,0,0,0,0,1,0,1,0,0,0,0,0,0,0,0,0,0,0
https://www.magdalenakeck.com,0,1,0,0,0,0,0,0,1,1,0,1,1,0,0,1,1,1,1,1
https://www.shinfujin.gr.jp,0,1,0,1,0,0,1,0,0,1,0,1,1,1,0,1,0,0,1,1
https://www.metro-magazine.com,0,1,0,0,0,0,1,0,1,1,1,0,1,1,0,1,1,0,1,1
https://www.medhos.in,0,1,0,0,0,0,0,0,0,1,0,1,1,1,0,1,1,0,1,1
https://www.spisa.nu,0,1,0,0,0,0,0,0,0,1,1,0,1,0,0,1,1,0,0,1
https://aol-102504.weeblysite.com/,0,1,0,0,0,0,1,0,1,1,1,0,1,0,0,0,0,0,0,0
https://www.dingir.cz,0,1,0,0,0,0,0,0,0,1,0,0,0,0,0,1,0,0,0,1
https://www.bittybowsboutique.com,0,1,0,0,0,0,0,0,1,1,0,0,1,1,0,1,1,1,1,1
https://www.stjornartidindi.is,0,1,0,0,0,0,0,0,0,1,0,0,0,0,0,0,0,0,0,1
https://www.nemzetisport.hu,0,1,0,0,0,0,0,0,0,1,1,1,0,1,0,1,1,0,1,1
https://www.town.aichi-higashiura.lg.jp,0,1,0,1,0,0,1,0,0,1,1,0,1,1,0,0,0,0,1,1
https://www.paralympics.com,0,1,0,0,0,0,0,0,1,1,0,0,0,0,0,0,1,0,1,1
https://www.hotdipgalvanizing.com,0,1,0,0,0,0,0,0,1,1,1,0,1,1,0,1,1,0,1,1
http://www.mmnop.cannca.shop,0,0,0,1,0,0,1,0,0,1,0,0,0,0,0,0,0,0,0,0
http://www.help.firefoxupdata.com,0,0,0,1,0,0,1,0,1,1,0,0,0,0,0,0,0,0,0,0
http://app-papaloa3354lkm.kvoiffugw9-yk26ed5vg379.p.temp-site.link/termsofservice.html,0,0,0,1,0,0,1,0,0,1,0,0,0,0,0,0,0,0,0,0
https://www.motivescosmetics.com,0,1,0,0,0,0,0,0,1,1,1,0,1,1,0,1,1,1,1,1
https://www.stjosephs.hr,0,1,0,0,0,0,0,0,0,1,0,0,0,0,0,1,1,0,1,1
https://www.blueoregon.com,0,1,0,0,0,0,0,0,1,1,1,0,1,1,0,1,1,0,1,1
https://www.chainsawchick.com,0,1,0,0,0,0,0,0,1,1,0,1,0,0,0,0,1,1,1,1
https://www.kasparov.ru,0,1,0,0,0,0,0,0,0,1,1,0,0,1,0,1,1,0,1,1
http://att-mail-105336.weeblysite.com/,0,0,0,0,0,0,1,0,1,1,0,0,0,0,0,0,0,0,0,0
https://www.accordo.it,0,1,0,0,0,0,0,0,0,1,1,0,1,1,0,1,0,0,0,1
https://www.vicicollection.com,0,1,0,0,0,0,0,0,1,1,0,0,1,1,0,1,1,1,1,1
http://www.auracinematics.com,0,0,0,0,0,0,0,0,1,0,0,0,0,0,0,0,0,0,0,0
http://www.kerjadigital.my.id,0,0,0,1,0,0,1,0,0,1,0,0,1,0,0,0,0,0,0,0
http://www.proxymesh.com,0,0,0,0,0,0,0,0,1,1,0,0,1,0,0,0,0,0,1,0
https://bafybeictnktz5z7dyy5vxe2vxjdzlzrvaflgnwdzjgwqqpjafdcor3ed64.ipfs.dweb.link/,0,1,0,1,0,0,1,0,0,1,0,0,0,0,0,0,0,0,0,0
https://www.trendywalldesigns.com,0,1,0,0,0,0,0,0,1,1,0,1,1,1,0,1,1,0,1,1
https://www.artgallery.nsw.gov.au,0,1,0,1,0,0,1,0,0,1,1,0,1,0,0,1,0,0,1,1
https://www.frankhamilton.org,0,1,0,0,0,0,0,0,0,1,0,1,1,1,0,1,1,0,0,1
https://www.climatechoices.act.gov.au,0,1,0,1,0,0,1,0,0,1,1,1,1,1,0,1,1,0,1,1
https://www.arketipodesign.it,0,1,0,0,0,0,0,0,0,1,1,0,1,1,0,1,1,0,1,1
http://mingovpldjnc.guemapdownsedenan.ml/,0,0,0,0,0,0,1,0,0,0,0,0,0,0,0,0,0,0,0,0
http://www.securenab-aus.com,0,0,0,0,0,0,1,0,1,1,0,0,1,0,0,0,0,1,1,0
http://staging.airtable.com/login,0,0,0,0,0,0,1,0,1,1,0,0,0,0,0,0,0,0,0,0
https://www.dgob.de,0,1,0,0,0,0,0,0,0,1,0,1,1,0,0,1,1,1,1,1
https://www.storiadelparmacalcio.com,0,1,0,0,0,0,0,0,1,1,0,1,1,1,0,0,1,0,1,1
http://www.massagetax.co,0,0,0,0,0,0,0,0,0,0,0,0,0,0,0,0,0,0,0,0
https://www.battlegroundsmobileindia.com,0,1,0,0,0,0,0,0,1,1,1,0,1,1,0,1,0,0,1,1
https://www.gatestoneinstitute.org,0,1,0,0,0,0,0,0,0,1,1,1,1,1,0,1,1,0,1,1
https://www.quaritch.com,0,1,0,0,0,0,0,0,1,1,1,1,1,0,0,1,1,0,0,1
https://www.caitlynjenner.com,0,1,0,0,0,0,0,0,1,1,1,0,1,1,0,0,1,0,0,1
https://das-kaan-bk.com/bak/216df7e09ee681d/clients/login.php?verification,0,1,0,0,0,1,1,0,1,1,1,1,1,0,0,0,1,1,0,0
https://www.youngskitchenoh.com,0,1,0,0,0,0,0,0,1,1,1,0,1,1,0,1,1,0,0,1
https://www.circusscientist.com,0,1,0,0,0,0,0,0,1,1,0,1,1,0,0,0,1,1,0,1
https://www.lowellsun.com,0,1,0,0,0,0,0,0,1,1,0,1,1,1,1,0,0,0,1,1
http://onlinebankingaliciacomaa.homegali.repl.co/,0,0,0,1,0,0,1,0,0,0,0,0,0,0,0,0,0,0,0,0
https://allspurlabs.com/wp-content/plugins/us/k/verification/,0,1,0,0,0,0,1,0,1,1,0,0,1,1,0,0,0,0,0,0
https://www.tridindia.co.in,0,1,0,1,0,0,1,0,0,1,1,0,1,1,0,1,1,0,1,1
https://sydneyphysios.com.au/wp-content/plugins/wpforms-lite/lite/assets/images/image-/ar/,0,1,0,0,0,0,1,0,0,0,0,0,0,0,0,0,0,0,0,0
http://habitat-finance.com/,0,0,0,0,0,0,1,0,1,1,0,1,1,0,0,0,1,1,0,0
http://c-3-6-5-9.com/,0,0,0,0,0,0,1,0,1,0,0,0,0,0,0,0,0,0,0,0
https://www.newmilfordschools.org,0,1,0,0,0,0,0,0,0,1,0,0,1,0,0,1,1,0,1,1
https://www.cpre.org.uk,0,1,0,1,0,0,1,0,0,1,0,1,1,1,0,1,1,0,0,1
https://prestamos.wanuchay-betaviabcp.com/,0,1,0,0,0,0,1,0,1,1,0,0,0,0,0,0,0,0,0,0
https://www.amherstearlymusic.org,0,1,0,0,0,0,0,0,0,1,1,0,1,0,0,1,1,0,1,1
https://eljardindelosnovios.com/wp-content/plugins/vino,0,1,0,0,0,0,1,0,1,1,0,1,1,0,0,0,0,0,0,0
http://ff.member.gerana.vn/,0,0,0,1,0,0,1,0,0,1,0,0,1,0,0,0,0,0,0,0
https://www.sheetmusicdigital.com,0,1,0,0,0,0,0,0,1,1,0,0,0,1,0,0,0,0,0,1
https://bafybeifzklzyt6tqukn7j4l5g4vies43iq2ovjg4b5akqa6xq53y4ilhaq.ipfs.dweb.link/,0,1,0,1,0,0,1,0,0,1,0,0,0,0,0,0,0,0,0,0
https://www.carolinaoral.com,0,1,0,0,0,0,0,0,1,1,0,1,0,0,0,0,0,0,0,1
https://www.robinspost.com,0,1,0,0,0,0,0,0,1,1,0,1,1,1,0,1,0,0,1,1
http://http.hallwrightpoles.co.uk/cgi_bin/arch/arch/arch/archive,0,0,0,1,0,0,1,0,0,1,0,0,1,0,0,0,0,0,0,0
https://www.digitalanimators.com,0,1,0,0,0,0,0,0,1,1,0,1,1,0,0,0,1,1,1,1
https://www.city-link.co.in/wp-files/s.html,0,1,0,1,0,0,1,0,0,1,0,0,0,0,0,0,0,0,0,0
https://bafybeibwzjksk2gmefxwvewmoi5j4tmukhuq7hmm5btbcapxszva4v6zsy.ipfs.w3s.link/,0,1,0,1,0,0,1,0,0,1,0,1,0,0,0,0,0,1,0,0
http://u1965047.plsk.regruhosting.ru/81/,0,0,0,1,0,0,1,0,0,1,0,0,1,0,0,0,0,0,0,0
https://www.cocktail.uk.com,0,1,0,1,0,0,1,0,1,1,1,1,1,1,0,1,0,0,0,1
https://www.megiordanophotography.com,0,1,0,0,0,0,0,0,1,1,0,0,1,1,0,1,1,1,1,1
https://www.rhodes.edu,0,1,0,0,0,0,0,0,0,1,1,0,1,1,0,1,1,0,0,1
https://www.americanavalancheassociation.org,0,1,0,0,0,0,0,0,0,1,1,0,1,1,0,1,1,0,1,1
https://www.ticbiomed.org,0,1,0,0,0,0,0,0,0,1,0,1,1,1,0,1,1,0,0,1
https://11qqxpav7v9s3b2tu11kbbms33zmxfk93-bagborroworsteal63.weebly.com/,0,1,0,0,0,0,1,0,1,1,0,1,1,0,0,0,0,0,0,0
http://www.meeak.com,0,0,0,0,0,0,0,0,1,0,0,0,0,0,0,0,0,0,0,0
https://www.manufacturingmanagement.co.uk,0,1,0,1,0,0,1,0,0,1,1,0,1,1,1,1,1,0,1,1
https://www.blogsdata.com,0,1,0,0,0,0,0,0,1,1,1,1,1,1,0,1,1,0,1,1
https://www.perio.org,0,1,0,0,0,0,0,0,0,1,0,1,1,1,0,1,1,0,1,1
https://www.baystatefurniture.com,0,1,0,0,0,0,0,0,1,1,0,0,1,1,0,0,0,0,1,1
http://www.ggtraff.ru,0,0,0,0,0,0,0,0,0,1,0,0,0,0,0,0,0,0,0,0
https://www.speedfestival.co.za,0,1,0,1,0,0,1,0,0,1,1,1,1,0,0,1,0,0,1,1
http://pancakeswap.gb.net,0,0,0,0,0,0,1,0,0,1,0,0,0,0,0,0,0,0,0,0
https://193-42-33-145.cprapid.com/,0,1,0,0,0,0,1,0,1,0,1,0,1,0,0,0,1,1,0,0
http://www.indeksonline.org,0,0,0,0,0,0,0,0,0,0,0,0,0,0,0,0,0,0,0,0
https://www.goliathtoys.de/hgfhf5j/dir/agri/xls/form/62716e3a5b536eccdf5b/clients/,0,1,0,0,0,0,1,0,0,1,1,1,1,0,0,0,1,0,0,0
https://www.sikhroots.com,0,1,0,0,0,0,0,0,1,1,0,0,1,1,0,1,0,0,1,1
https://recipient-queries.web.app/,0,1,0,0,0,0,1,0,0,1,1,0,0,0,0,0,0,0,0,0
http://www.roadsideassistanceillinois.info,0,0,0,0,0,0,0,0,0,1,0,0,0,0,0,0,0,0,0,0
https://www.xinshuru.com,0,1,0,0,0,0,0,0,1,1,1,0,0,1,0,0,0,0,1,1
https://maildinshaakckjnw429.web.app/,0,1,0,0,0,0,1,0,0,1,0,0,1,0,0,0,0,0,0,0
https://www.intowncoffee.com,0,1,0,0,0,0,0,0,1,1,0,0,1,1,0,1,1,0,1,1
https://a16eb34b-feab-451f-b597-525430274a2b.id.repl.co,0,1,0,1,0,0,1,0,0,1,0,0,0,0,0,0,0,0,0,0
https://facebook-business-appeal-7f257.web.app/,0,1,0,0,0,0,1,0,0,1,0,0,1,0,0,0,0,0,0,0
https://acessosimplificado-fevereiro.com/luiza/?userid=13&amp;uri=swsjly9gdjmixp14lvsmins6ao2zbxpnlgj5ntv1e20=,0,1,0,0,1,1,1,0,1,1,0,1,1,0,0,0,1,0,0,0
https://www.degreedays.net,0,1,0,0,0,0,0,0,0,1,0,1,1,1,0,0,0,0,1,1
https://treasureddevices.supurinfornet.repl.co/,0,1,0,1,0,0,1,0,0,1,0,0,0,0,0,0,0,0,0,0
https://www.treetopeco-adventurepark.com,0,1,0,0,0,0,1,0,1,1,1,1,1,1,0,1,0,0,0,1
https://www.kingice.com,0,1,0,0,0,0,0,0,1,1,0,0,1,1,0,1,1,1,1,1
http://hushed-chatter-crate.glitch.me/,0,0,0,0,0,0,1,0,0,1,0,0,1,0,0,0,1,1,1,0
http://www.iren-edalet.ml,0,0,0,0,0,0,1,0,0,1,0,0,0,0,0,0,0,0,0,0
https://www.ama-co-zon.jp.5865086.com,0,1,0,1,0,0,1,0,1,1,0,0,0,0,0,0,0,0,0,0
https://reverfyboyint.github.io/milan,0,1,0,0,0,0,1,0,0,1,0,0,0,0,0,0,0,0,0,0
https://myparcel-7da57.firebaseapp.com/,0,1,0,0,0,0,1,0,1,1,0,0,1,0,0,0,0,0,0,0
http://www.wuxililong.com,0,0,0,0,0,0,0,0,1,1,0,0,0,1,0,0,0,0,0,0
http://www.baidu.wookhost.me,0,0,0,1,0,0,1,0,0,0,0,0,0,0,0,0,0,0,0,0
https://www.chewmagna.bathnes.sch.uk,0,1,0,1,0,0,1,0,0,1,1,1,1,1,0,0,0,0,1,1
https://www.mae.co.uk,0,1,0,1,0,0,1,0,0,1,1,0,1,1,0,1,1,0,0,1
https://th-pro-c0f4d.firebaseapp.com/,0,1,0,0,0,0,1,0,1,1,0,0,1,0,0,0,0,0,0,0
https://www.casaruralaztieta.com,0,1,0,0,0,0,0,0,1,1,1,0,1,1,0,1,0,0,0,1
https://www.therosemind.com,0,1,0,0,0,0,0,0,1,1,0,1,1,1,1,1,1,0,1,1
https://www.planeteugene.com,0,1,0,0,0,0,0,0,1,1,0,0,0,1,0,0,0,0,1,1
https://siwholesaleproducts.com/,0,1,0,0,0,0,0,0,1,1,1,0,1,0,0,0,1,0,0,0
http://guttural-holiday.surge.sh/,0,0,0,0,0,0,1,0,0,1,0,0,1,0,0,0,0,0,0,0
https://www.fraccata.com,0,1,0,0,0,0,0,0,1,1,1,1,1,1,0,1,1,0,1,1
https://energiasolare.eu/wp-admin/settings/fr/3,0,1,0,0,0,0,1,0,0,1,0,0,0,0,0,0,0,0,0,0
https://www.webcompat.com,0,1,0,0,0,0,0,0,1,1,1,0,1,1,0,0,0,0,0,1
https://error09884352.adve00909099.repl.co/,0,1,0,1,0,0,1,0,0,1,0,0,0,0,0,0,0,0,0,0
http://jvudfrclbz.duckdns.org,0,0,0,0,0,0,1,0,0,0,0,0,0,0,0,0,0,0,0,0
https://www.aag.org,0,1,0,0,0,0,0,0,0,1,1,1,1,1,0,1,0,0,1,1
http://www.kueronekayaeotn.co.jp.kuerocekayaaoto.ospuxv.top/ai/?authenticated=true&amp;amp;amp;amp;amp;openid/gp/signin/x&amp;amp;amp;amp;amp;i=a&amp;amp;amp;amp;amp;oauth=m&amp;amp;amp;amp;amp;i?ie=utf8&amp;amp;amp;amp;amp;ref_=rhf_custrec_signine24e197882b1850dab16dfe73a8811a715c0ec44,0,0,0,1,1,1,1,0,0,1,0,0,1,0,0,0,1,0,1,0
https://www.xpresidentx.es,0,1,0,0,0,0,0,0,0,1,0,1,1,1,0,1,1,0,1,1
http://www.vot.beeppool.org,0,0,0,1,0,0,1,0,0,0,0,0,0,0,0,0,0,0,0,0
https://www.janmichl.com,0,1,0,0,0,0,0,0,1,1,0,0,0,0,0,0,1,0,1,1
http://www.66bbmm.com,0,0,0,0,0,0,0,0,1,1,0,0,0,0,0,0,0,0,0,0
https://www.lonestarspirits.org,0,1,0,0,0,0,0,0,0,1,0,1,1,1,0,0,1,0,1,1
https://inpost-pl.nidon.lol/sell/339bee190a2d,0,1,0,0,0,0,1,0,0,0,0,0,0,0,0,0,0,0,0,0
https://storageapi-stg.fleek.co/03284d05-6432-42f2-a87e-5e634d10ea5b-bucket/cwecw.html,0,1,0,0,0,0,1,0,0,0,0,0,0,0,0,0,0,0,0,0
https://www.cityofmarkham.net,0,1,0,0,0,0,0,0,0,1,1,0,1,1,0,0,0,0,1,1
https://www.americanpurpose.com,0,1,0,0,0,0,0,0,1,1,0,0,1,1,0,1,0,0,1,1
https://bnfgopy.com,0,1,0,0,0,0,0,0,1,1,0,0,0,1,0,0,0,0,0,0
https://www.kym.org,0,1,0,0,0,0,0,0,0,1,0,0,1,1,0,1,1,0,1,1
https://btinternet-101233.weeblysite.com/,0,1,0,0,0,0,1,0,1,1,0,0,0,0,0,0,0,0,0,0
https://www.icyphoenix.com,0,1,0,0,0,0,0,0,1,1,0,1,1,1,0,1,0,0,1,1
http://www.download24center.com,0,0,0,0,0,0,0,0,1,1,0,0,1,0,0,0,0,0,0,0
https://www.copac.coop,0,1,0,0,0,0,0,0,0,1,0,1,1,0,0,0,1,0,1,1
http://www.faceookbook.com,0,0,0,0,0,0,0,0,1,0,0,0,0,0,0,0,0,0,0,0
http://www.qwqwqwqwe5yuuiiu.ml,0,0,0,0,0,0,0,0,0,1,0,0,0,0,0,0,0,0,0,0
https://www.alpmaritime.com,0,1,0,0,0,0,0,0,1,1,1,1,1,1,0,1,0,0,1,1
https://www.ladarbia.com,0,1,0,0,0,0,0,0,1,1,0,0,1,1,0,1,1,0,1,1
https://www.a-alvarez.com,0,1,0,0,0,0,1,0,1,1,1,1,1,1,0,1,0,0,0,1
http://www.stearnommunty.com,0,0,0,0,0,0,0,0,1,0,0,0,0,0,0,0,0,0,0,0
https://grin-6cbd8.firebaseapp.com/,0,1,0,0,0,0,1,0,1,1,0,0,1,0,0,0,0,0,0,0
https://vanillagiftclub.shop/checkbalance/,0,1,0,0,0,0,1,0,0,1,0,1,1,0,0,0,0,0,0,0
https://www.eatsleepliveherefordshire.co.uk,0,1,0,1,0,0,1,0,0,1,1,1,1,1,0,1,1,0,0,1
https://www.adisq.com,0,1,0,0,0,0,0,0,1,1,1,0,1,1,0,1,0,0,1,1
https://www.therushes.com,0,1,0,0,0,0,0,0,1,1,1,1,1,1,0,1,1,1,1,1
https://www.sasaki.com,0,1,0,0,0,0,0,0,1,1,1,1,1,1,0,1,0,0,1,1
https://www.ditzymedia.com,0,1,0,0,0,0,0,0,1,1,0,1,0,1,1,1,1,0,1,1
https://1f8bd206-f3b3-4387-9ff6-b1f77bc7ae8a.id.repl.co/,0,1,0,1,0,0,1,0,0,1,0,0,0,0,0,0,0,0,0,0
https://www.planikafires.com,0,1,0,0,0,0,0,0,1,1,1,1,1,1,0,1,0,0,0,1
https://bt-107650.weeblysite.com/,0,1,0,0,0,0,1,0,1,1,1,0,1,0,0,0,0,0,0,0
https://www.gribbleinteriors.com,0,1,0,0,0,0,0,0,1,1,1,1,1,1,0,1,0,0,1,1
https://currentlyatt9.wixsite.com/yahoo,0,1,0,0,0,0,1,0,1,1,0,1,1,1,0,0,0,0,0,0
https://www.mccormick.k12.sc.us,0,1,0,1,0,0,1,0,0,1,1,0,1,1,0,1,1,1,0,1
http://www.leizerstamp.ir,0,0,0,0,0,0,0,0,0,0,0,0,0,0,0,0,0,0,0,0
http://www.simpleasis.com,0,0,0,0,0,0,0,0,1,0,0,0,0,0,0,0,0,0,0,0
http://icelandtoursltd.co.uk,0,0,0,0,0,0,1,0,0,1,0,0,1,0,0,0,0,0,0,0
http://www.lafansk.top,0,0,0,0,0,0,0,0,0,0,0,0,0,0,0,0,0,0,0,0
https://ipfs.litnet.work/ipfs/bafybeic4bb2jm54hybasjrtrvqdvek677r4qmfsggxjt6a6kt6wwu526oa,0,1,0,0,0,0,1,0,0,1,0,1,1,0,0,0,0,0,0,0
https://wrestr44.web.app/,0,1,0,0,0,0,1,0,0,1,0,0,1,0,0,0,0,0,0,0
https://www.200344652189.kumpulbarengteman.my.id,0,1,0,1,0,0,1,0,0,1,1,0,1,0,0,0,0,1,0,0
https://www.maartenluther.com,0,1,0,0,0,0,0,0,1,1,0,0,1,0,0,0,0,0,0,1
https://www.paulkelly.com.au,0,1,0,1,0,0,1,0,0,1,1,1,1,1,0,1,1,0,1,1
http://www.chasingredford.com,0,0,0,0,0,0,0,0,1,0,0,0,0,0,0,0,0,0,0,0
https://www.antique-jewelry-investor.com,0,1,0,0,0,0,1,0,1,1,0,0,1,0,0,1,1,0,1,1
https://modeecorddnsdomaine.burgundybikeweek.com/?pwd=ov&edcsol1070821751=mzd5ol7211253825,0,1,0,0,1,1,1,0,1,0,0,0,0,0,0,0,0,0,0,0
https://chimesweepstakes62.godaddysites.com/,0,1,0,0,0,0,1,0,1,1,0,0,1,0,0,0,0,0,0,0
https://www.mindwerks.net,0,1,0,0,0,0,0,0,0,1,1,0,0,0,0,1,1,0,1,1
https://fb-business-appeal-3f816.web.app/,0,1,0,0,0,0,1,0,0,1,0,0,1,0,0,0,0,0,0,0
http://www.statistic.date,0,0,0,0,0,0,0,0,0,0,0,0,0,0,0,0,0,0,0,0
https://sites.google.com/view/hccwc/home,0,1,0,0,0,0,1,0,1,0,0,0,0,0,0,0,0,0,0,0
https://www.lirs.org,0,1,0,0,0,0,0,0,0,1,1,1,1,1,0,1,1,0,1,1
https://email-service-update-105687.weeblysite.com/,0,1,0,0,0,0,1,0,1,1,0,0,0,0,0,0,0,0,0,0
https://www.med.ubc.ca,0,1,0,1,0,0,1,0,0,1,1,1,1,1,0,1,1,0,1,1
https://www.successallabout.com,0,1,0,0,0,0,0,0,1,1,1,1,1,0,0,1,1,1,1,1
http://www.referto-online.com,0,0,0,0,0,0,1,0,1,1,0,0,0,0,0,0,0,0,0,0
http://1636365.com/assets/@element-plus.6b0e43d0.js/assets/@ctrl.fd318bfa.js/assets/@vue.8c84d7fe.js/assets/@popperjs.36402333.js/,0,0,0,0,0,0,1,0,1,1,1,0,1,0,0,0,0,0,0,0
https://www.karltarvas.com,0,1,0,0,0,0,0,0,1,1,1,0,1,1,0,0,1,0,0,1
https://www.typemag.org,0,1,0,0,0,0,0,0,0,1,0,0,1,0,1,0,1,1,1,1
https://www.networkrailmediacentre.co.uk,0,1,0,1,0,0,1,0,0,1,1,1,1,1,0,1,1,0,1,1
https://www.the-magazine.org,0,1,0,0,0,0,1,0,0,1,1,0,1,1,0,1,1,0,1,1
https://www.chinatouradvisors.com,0,1,0,0,0,0,0,0,1,1,1,0,1,1,0,1,1,0,1,1
http://www.china-harmonica.com,0,0,0,0,0,0,1,0,1,0,0,0,0,0,0,0,0,0,0,0
https://www.chloeweil.com,0,1,0,0,0,0,0,0,1,1,0,1,1,1,0,0,0,0,0,1
https://www.sabra.com,0,1,0,0,0,0,0,0,1,1,1,0,1,0,0,1,1,0,1,1
https://www.amnyitrulchung.org,0,1,0,0,0,0,0,0,0,1,0,0,0,0,0,1,1,0,0,1
https://www.sausalito.org,0,1,0,0,0,0,0,0,0,1,1,0,1,0,0,1,1,0,1,1
https://a3h-mkd3d.firebaseapp.com/,0,1,0,0,0,0,1,0,1,1,0,0,1,0,0,0,0,0,0,0
https://www.williams-sonoma.com,0,1,0,0,0,0,1,0,1,1,1,1,1,1,1,1,1,1,1,1
http://gxnerhueow.duckdns.org,0,0,0,0,0,0,1,0,0,0,0,0,0,0,0,0,0,0,0,0
https://ipfs.io/ipfs/bafkreieqnsksa7dtnqhszalmt6c7ukzjxarjzmkuvt2tvaov2tack2j22q,0,1,0,0,0,0,1,0,0,1,0,0,1,0,0,0,0,1,0,0
https://www.zenge.kz,0,1,0,0,0,0,0,0,0,1,1,0,1,1,0,1,1,0,1,1
http://www.atilla.vip,0,0,0,0,0,0,0,0,0,0,0,0,0,0,0,0,0,0,0,0
https://web-433f8.firebaseapp.com/,0,1,0,0,0,0,1,0,1,1,0,0,1,0,0,0,0,0,0,0
https://www.az511.com,0,1,0,0,0,0,0,0,1,1,1,0,1,1,0,1,1,1,0,1
https://resize.yandex.net/mailservice?url=https://ci4.googleuser=%20conte%20nt.com/proxy/qrclxpwgysi1rf2vddyxuf1xk3fdjdd--avtzkbfsw-51gwhfk2qjkj2=%20qpw%203yxkyvveihj_m4yd1wfepj1jyj-fr9ltz3pgqwlzo9hgjtntqw3tmxaujonfw0iyt-a=s0-=%20d-e%201-ft&proxy=yes&key=c7d1173f601f75093c848d58166fbed4,0,1,1,0,1,1,1,0,0,0,0,0,0,0,0,0,0,0,0,0
https://www.cityofparkland.org,0,1,0,0,0,0,0,0,0,1,1,0,1,1,0,1,0,0,1,1
https://www.precisionmicrodrives.com,0,1,0,0,0,0,0,0,1,1,1,1,1,1,0,1,1,0,1,1
https://fvws90.webwave.dev/,0,1,0,0,0,0,1,0,0,1,0,0,0,1,0,0,0,0,0,0
https://www.riverside.org.uk,0,1,0,1,0,0,1,0,0,1,1,1,1,1,0,1,1,0,1,1
http://urlz.fr/igvj?/page-help-support,0,0,0,0,0,1,1,0,0,1,0,0,0,0,0,0,0,0,0,0
http://www.fifa69.com,0,0,0,0,0,0,0,0,1,0,0,0,0,0,0,0,0,0,0,0
https://www.fc-carlzeiss-jena.de,0,1,0,0,0,0,1,0,0,1,1,1,1,0,0,1,0,0,1,1
https://www.acityexplored.com,0,1,0,0,0,0,0,0,1,1,0,1,1,1,0,1,1,0,1,1
http://www.odhumanity.com,0,0,0,0,0,0,0,0,1,0,0,0,0,0,0,0,0,0,0,0
https://sites.google.com/view/broadbandbill/home,0,1,0,0,0,0,1,0,1,1,0,0,1,0,0,0,0,0,1,0
https://www.mrc-bsu.cam.ac.uk,0,1,0,1,0,0,1,0,0,1,1,1,1,0,1,1,1,0,1,1
https://wildthingsfun.com/ki.htm,0,1,0,0,0,0,1,0,1,1,1,0,0,1,1,0,1,1,0,0
https://www.drect-smtb.jp.ap1.ib.sxtyjxc.com/ibg/client/l_home_s.php,0,1,0,1,0,0,1,0,1,0,0,0,0,0,0,0,0,0,0,0
https://rekutan.co.jp.angelpopo.com,0,1,0,1,0,0,1,0,1,1,0,0,0,0,0,0,0,0,0,0
https://www.uncrd.or.jp,0,1,0,1,0,0,1,0,0,1,0,0,0,0,0,0,0,0,1,1
https://www.bazaarliving.com,0,1,0,0,0,0,0,0,1,1,0,0,1,1,0,1,1,1,1,1
http://www.marezdecor.com,0,0,0,0,0,0,0,0,1,1,0,0,0,0,0,1,0,0,0,0
https://www.hzteeth.com,0,1,0,0,0,0,0,0,1,1,0,0,1,1,0,1,1,0,1,1
https://www.amana.com,0,1,0,0,0,0,0,0,1,1,1,1,1,0,0,1,1,1,1,1
https://www.hildrethmeiere.org,0,1,0,0,0,0,0,0,0,1,0,0,0,1,0,1,0,0,1,1
https://www.moon-blog.com,0,1,0,0,0,0,1,0,1,1,1,0,0,0,0,0,0,0,0,1
https://purple-hat-744c.51g0jm50281.workers.dev/,0,1,0,1,0,0,1,0,0,1,0,1,1,0,0,0,0,0,0,0
http://www.dearabba.org,0,0,0,0,0,0,0,0,0,0,0,0,0,0,0,0,0,0,0,0
https://www.hepco.co.jp,0,1,0,1,0,0,1,0,0,1,1,0,1,1,0,1,1,0,1,1
https://www.savethechildren.org,0,1,0,0,0,0,0,0,0,1,1,0,1,1,1,1,1,0,1,1
https://www.reasoningmind.org,0,1,0,0,0,0,0,0,0,1,0,1,1,1,0,0,1,0,0,1
https://www.visitizmir.org,0,1,0,0,0,0,0,0,0,1,1,0,1,1,1,1,1,1,1,1
http://www.opqwfoqpwepoqwe.ga,0,0,0,0,0,0,0,0,0,1,0,0,0,0,0,0,0,0,0,0
https://www.olielo.com,0,1,0,0,0,0,0,0,1,1,0,1,1,1,0,1,1,0,1,1
https://att-100673.square.site/,0,1,0,0,0,0,1,0,0,1,0,0,0,0,0,0,0,0,0,0
http://infertilitysolutioncenter.com/,0,0,0,0,0,0,1,0,1,1,0,0,1,0,0,1,0,0,0,0
https://www.sse.or.jp,0,1,0,1,0,0,1,0,0,1,1,0,1,0,0,1,1,0,1,1
http://www.bigfun.xyz,0,0,0,0,0,0,0,0,0,0,0,0,0,0,0,0,0,0,0,0
https://offshredon.web.app/,0,1,0,0,0,0,1,0,0,1,0,0,1,0,0,0,0,0,0,0
https://www.heirwaychristianacademy.com,0,1,0,0,0,0,0,0,1,1,0,0,0,1,0,1,0,0,1,1
https://www.churchilldowns.com,0,1,0,0,0,0,0,0,1,1,1,0,1,1,0,1,1,0,1,1
https://att-management-109735.weeblysite.com/,0,1,0,0,0,0,1,0,1,1,1,0,1,0,0,0,0,0,0,0
https://brandee6f94.myportfolio.com/,0,1,0,0,0,0,1,0,1,0,0,0,0,0,0,0,0,0,0,0
https://www.bresserpereira.org.br,0,1,0,1,0,0,1,0,0,1,0,0,1,1,0,1,0,0,1,1
https://www.bikeexif.com,0,1,0,0,0,0,0,0,1,1,1,1,1,1,0,1,1,0,1,1
https://www.cor-ten.com.ua,0,1,0,1,0,0,1,0,0,1,0,1,1,0,0,1,1,0,1,1
https://www.aimglobal.org,0,1,0,0,0,0,0,0,0,1,1,0,1,1,0,1,0,0,1,1
https://www.penguiness.net,0,1,0,0,0,0,0,0,0,1,1,0,1,1,0,0,0,0,0,1
https://gateway.ipfs.io/ipfs/bafybeihbg3efsd2hiqwl3xba37vfj5vcd23zwy747mcz6nkc7piu3gecpq/dropmebox22_ofic4.html,0,1,0,0,0,0,1,0,0,1,0,0,0,0,0,0,0,0,0,0
https://oficermerica.proline3.repl.co,0,1,0,1,0,0,1,0,0,1,0,0,0,0,0,0,0,0,0,0
https://www.meteo.uz,0,1,0,0,0,0,0,0,0,1,0,0,1,1,0,0,1,0,1,1
https://www.trans-health.com,0,1,0,0,0,0,1,0,1,1,1,1,0,1,0,1,1,0,1,1
https://maildinshaakckjnw247.web.app/,0,1,0,0,0,0,1,0,0,1,0,0,1,0,0,0,0,0,0,0
https://ipfs.io/ipfs/qmwf2pjadofjsu1ka27vrxfvyqczagkscddodvneqbzptn,0,1,0,0,0,0,1,0,0,1,0,0,0,0,0,0,0,0,0,0
https://giolodju.builderallwppro.com/wp-admin/user/eikaa2/edyurekia/,0,1,0,0,0,0,1,0,1,1,0,0,0,0,0,0,0,0,0,0
http://www.xtracomsolutions.com,0,0,0,0,0,0,0,0,1,0,0,0,0,0,0,0,0,0,0,0
https://www.poughkeepsiegalleriamall.com,0,1,0,0,0,0,0,0,1,1,0,1,1,1,0,1,1,0,1,1
https://www.adventureherald.com,0,1,0,0,0,0,0,0,1,1,1,1,1,1,0,1,1,0,1,1
http://www.buycitratesildenafil.com,0,0,0,0,0,0,0,0,1,1,0,0,1,0,0,0,0,0,0,0
https://www.globalmbwatch.com,0,1,0,0,0,0,0,0,1,1,0,1,1,0,0,1,1,0,1,1
https://f82da3c3a601fae7dd27edc712ecff8d.ssl-pl.co.pl/gtlk/fplt/332dfe7b903ff6bb90b75e30de7f175f/login/,0,1,0,1,0,0,1,0,0,1,0,1,1,0,0,0,0,0,0,0
https://dev-bancoitaupyonl.pantheonsite.io/,0,1,0,0,0,0,1,0,0,1,0,0,0,0,0,0,0,0,0,0
http://ci13862.tw1.ru/_xroalsffp/px/index.php,0,0,0,0,0,0,1,0,0,1,0,0,0,0,0,0,0,0,0,0
https://www.threadandmaple.com,0,1,0,0,0,0,0,0,1,1,1,0,1,1,0,1,1,1,1,1
https://green-maroon-drug.glitch.me/yoepyg.html#hueseyin.dogan@1und1.de,0,1,0,0,0,0,1,0,0,1,0,0,1,0,0,0,0,0,0,0
http://www.casinogamelifex.blogspot.com.by,0,0,0,1,0,0,1,0,0,1,0,0,0,0,0,0,0,0,0,0
https://www.stenaline.se,0,1,0,0,0,0,0,0,0,1,0,0,1,1,0,0,1,0,0,1
https://t.co/gugvdpgbwf,0,1,0,0,0,0,1,0,0,0,0,0,0,0,0,0,0,0,0,0
http://www.mediadv.org,0,0,0,0,0,0,0,0,0,0,0,1,0,0,0,0,0,0,0,0
http://www.filmix.space,0,0,0,0,0,0,0,0,0,1,0,0,0,0,0,0,0,0,0,0
https://www.ourmidland.com,0,1,0,0,0,0,0,0,1,1,1,0,1,1,0,1,1,0,1,1
https://jsaniussiab.z13.web.core.windows.net/,0,1,0,1,0,0,1,0,0,1,0,0,0,0,0,0,0,0,0,0
https://www.mrech.ru,0,1,0,0,0,0,0,0,0,1,1,0,1,1,0,0,0,0,1,1
http://www.onevoice.co.in,0,0,0,1,0,0,1,0,0,0,0,0,0,0,0,0,0,0,0,0
https://www.lindenfields.com,0,1,0,0,0,0,0,0,1,1,0,0,1,1,1,1,1,1,1,1
https://www.redbaycoffee.com,0,1,0,0,0,0,0,0,1,1,1,0,1,1,0,1,1,1,1,1
https://www.hachettechildrens.co.uk,0,1,0,1,0,0,1,0,0,1,0,1,1,1,0,1,1,0,1,1
https://www.climatepolicyinitiative.org,0,1,0,0,0,0,0,0,0,1,0,1,1,1,0,1,1,0,1,1
https://www.cfmco.org,0,1,0,0,0,0,0,0,0,1,1,1,1,1,0,1,1,1,1,1
https://fb-business-appeal-11fb6.firebaseapp.com/,0,1,0,0,0,0,1,0,1,1,1,0,0,1,0,0,0,0,0,0
http://www.orfn.com,0,0,0,0,0,0,0,0,1,0,0,0,0,0,0,0,0,0,0,0
https://www.radiyoyacuvoa.com,0,1,0,0,0,0,0,0,1,1,1,0,1,1,0,1,1,0,1,1
http://www.development.sudburywebdesign.com,0,0,0,1,0,0,1,0,1,1,0,0,0,0,0,0,0,0,0,0
http://www.campusconindigital.org,0,0,0,0,0,0,0,0,0,0,0,0,0,0,0,0,0,0,0,0
http://www.warchy.com,0,0,0,0,0,0,0,0,1,0,0,0,0,0,0,0,0,0,0,0
https://www.uncorkedentertainment.com,0,1,0,0,0,0,0,0,1,1,1,1,1,1,0,1,1,0,1,1
http://www.926cb.com,0,0,0,0,0,0,0,0,1,0,0,0,0,0,0,0,0,0,0,0
https://14ikgrehsng.ru/5aaa3,0,1,0,0,0,0,1,0,0,1,0,0,0,0,0,0,0,0,0,0
https://www.ohnsorg.de,0,1,0,0,0,0,0,0,0,1,0,1,1,1,0,1,0,0,1,1
https://www.google-ipo.com,0,1,0,0,0,0,1,0,1,1,0,0,1,0,0,0,0,0,0,1
https://www.audiology.org,0,1,0,0,0,0,0,0,0,1,1,1,1,1,0,1,1,0,1,1
https://www.theomag.de,0,1,0,0,0,0,0,0,0,1,0,1,0,1,0,0,1,0,0,1
https://www.benrady.com,0,1,0,0,0,0,0,0,1,1,0,0,1,1,0,1,0,0,0,1
https://www.asauthors.org,0,1,0,0,0,0,0,0,0,1,1,0,1,1,0,1,1,1,1,1
http://www.cccnjk.urlfb.co,0,0,0,1,0,0,1,0,0,1,0,0,0,0,0,0,0,0,0,0
https://infoservice111-amzn.com/,0,1,0,0,0,0,1,0,1,1,0,0,1,0,0,0,1,0,1,0
http://www.global.web1337.net,0,0,0,1,0,0,1,0,0,0,0,0,1,0,0,0,0,0,0,0
http://www.lpm.fk.ub.ac.id,0,0,0,1,0,0,1,0,0,1,0,0,0,0,0,0,0,0,0,0
http://www.bvgtt5.gq,0,0,0,0,0,0,0,0,0,1,0,0,0,0,0,0,0,0,0,0
https://procesoinusualebisa.inhabilitado.repl.co/,0,1,0,1,0,0,1,0,0,1,0,0,0,0,0,0,0,0,0,0
https://1--a0029182.repl.co/validar-datos.html,0,1,0,0,0,0,1,0,0,1,0,0,0,0,0,0,0,0,0,0
https://www.clevelandseniors.com,0,1,0,0,0,0,0,0,1,1,0,0,0,1,0,1,1,0,1,1
https://pocztaplska55.askymroopi.cf/?tranzakt38496&selectedbank=2,0,1,0,0,1,1,1,0,0,1,0,0,0,0,0,0,0,0,0,0
https://www.michaelscollier.com,0,1,0,0,0,0,0,0,1,1,1,0,1,1,0,0,0,0,1,1
https://google-verification.repl.co/,0,1,0,0,0,0,1,0,0,1,0,0,0,0,0,0,0,0,0,0
https://digitaleconsoleauth.web.app/,0,1,0,0,0,0,1,0,0,0,0,0,0,0,0,0,0,0,0,0
https://www.lavocedellevalli.it,0,1,0,0,0,0,0,0,0,1,1,1,1,1,0,1,1,0,1,1
https://www.azdjservice.com,0,1,0,0,0,0,0,0,1,1,1,0,1,1,0,1,0,0,0,1
https://www.previsite.fr,0,1,0,0,0,0,0,0,0,1,1,0,1,1,0,1,1,0,0,1
https://www.fergusfalls.com,0,1,0,0,0,0,0,0,1,1,1,0,1,0,0,1,0,0,1,1
http://www.chist.com,0,0,0,0,0,0,0,0,1,0,0,0,0,0,0,0,0,0,0,0
https://www.preparedfoods.com,0,1,0,0,0,0,0,0,1,1,1,0,1,1,0,1,1,0,1,1
https://www.zrobtosama.pl,0,1,0,0,0,0,0,0,0,1,1,0,0,0,0,1,1,0,1,1
https://www.gogolfandtravel.com,0,1,0,0,0,0,0,0,1,1,0,1,1,1,0,0,1,0,1,1
https://ingresa-tu-banca-web--bnfweb2.repl.co/index1.html,0,1,0,0,0,0,1,0,0,1,0,0,0,0,0,0,0,0,0,0
https://sites.google.com/view/21463fd4g,0,1,0,0,0,0,1,0,1,0,0,0,0,0,0,0,0,0,0,0
https://www.maria-johnsen.com,0,1,0,0,0,0,1,0,1,1,1,1,1,1,0,1,0,0,1,1
http://www.sunandsand.minnesotacowboy.com,0,0,0,1,0,0,1,0,1,1,0,0,0,0,0,0,0,0,0,0
https://finstake.top/pancakeswap/?prt,0,1,0,0,0,1,1,0,0,1,0,0,1,0,0,0,0,0,0,0
http://www.promptpayplus.com,0,0,0,0,0,0,0,0,1,0,0,0,0,0,0,0,0,0,0,0
https://relationclientdigitale.firebaseapp.com/,0,1,0,0,0,0,1,0,1,0,0,0,0,0,0,0,0,0,0,0
https://docs.google.com/presentation/d/e/2pacx-1vqe0gc2x2eqrtengnyqrgiqaptakutxunombz-attsytv4s5yayhxc3r42_3cz7d64dzckpx8fjxwql/pub?start=false&loop=false&delayms=3000,0,1,0,0,1,1,1,0,1,1,1,0,1,0,0,0,0,0,1,0
https://www.opsisarch.com,0,1,0,0,0,0,0,0,1,1,1,1,1,1,0,1,1,0,1,1
https://sc.link/267j,0,1,0,0,0,0,1,0,0,0,0,0,0,0,0,0,0,0,0,0
https://centurybusiness-tommcguinness.web.app/,0,1,0,0,0,0,1,0,0,1,0,0,1,0,0,0,0,0,0,0
https://dias-gennials.web.app/,0,1,0,0,0,0,1,0,0,1,0,0,1,0,0,0,0,0,0,0
http://www.f0466804.xsph.ru,0,0,0,1,0,0,1,0,0,1,0,0,0,0,0,0,0,0,0,0
http://www.docentfx.com,0,0,0,0,0,0,0,0,1,1,0,0,0,0,0,0,0,0,0,0
https://dev-equipo-ejecutivo.pantheonsite.io/,0,1,0,0,0,0,1,0,0,1,0,0,0,0,0,0,0,0,0,0
http://www.ns01.us,0,0,0,0,0,0,0,0,0,1,0,0,0,0,0,0,0,0,0,0
http://www.indian-escorts-rak.com,0,0,0,0,0,0,1,0,1,1,0,0,0,0,0,0,0,0,0,0
http://www.sendlove.fbcode.co,0,0,0,1,0,0,1,0,0,1,0,0,0,0,0,0,0,0,0,0
http://www.login.dangquanwatch.com,0,0,0,1,0,0,1,0,1,0,0,0,0,0,0,0,0,0,0,0
http://www.exclusive.tryscheme.com,0,0,0,1,0,0,1,0,1,0,0,0,0,0,0,0,0,0,0,0
https://www.odadee.net,0,1,0,0,0,0,0,0,0,1,1,0,1,0,0,1,1,1,0,1
https://www.mariesbbqhouse.com,0,1,0,0,0,0,0,0,1,1,0,1,1,0,0,0,1,0,1,1
http://www.proudseas.com,0,0,0,0,0,0,0,0,1,1,0,0,0,0,0,0,0,0,0,0
http://www.ktml.org,0,0,0,0,0,0,0,0,0,0,0,0,0,0,0,0,0,0,0,0
https://www.rocketbaby.net,0,1,0,0,0,0,0,0,0,1,0,0,0,0,0,0,1,0,0,1
https://bafybeiacfgpk53mjw3zh5a4ahzgtwvh7as4wowbrd2anygi7l5fooxhdci.ipfs.cf-ipfs.com/office.html,0,1,0,1,0,0,1,0,1,0,0,0,0,0,0,0,0,0,0,0
https://www.amber-lang.net,0,1,0,0,0,0,1,0,0,1,0,0,0,0,0,0,0,0,1,1
http://www.is-a-hunter.com,0,0,0,0,0,0,1,0,1,0,0,0,0,0,0,0,0,0,0,0
http://www.findmyip.org,0,0,0,0,0,0,0,0,0,1,0,1,1,0,0,0,0,0,0,0
https://www.leighsociety.com,0,1,0,0,0,0,0,0,1,1,0,1,0,1,0,0,0,0,1,1
https://www.oda-kt.ch,0,1,0,0,0,0,1,0,0,1,1,1,1,0,0,0,1,0,1,1
http://www.gem-importers.com,0,0,0,0,0,0,1,0,1,0,0,0,0,0,0,0,0,0,0,0
https://botayudaltau.repl.co/,0,1,0,0,0,0,1,0,0,1,1,0,1,0,0,0,1,0,0,0
http://flowcode.com/p/xwohkwnmf?fc=0,0,0,0,0,1,1,1,0,1,0,0,0,0,0,0,0,0,0,0,0
https://www.kingston-ny.gov,0,1,0,0,0,0,1,0,0,1,0,0,1,0,0,1,0,0,1,1
https://www.dietabonappetit.com,0,1,0,0,0,0,0,0,1,1,0,0,1,1,0,1,0,0,1,1
http://news18network.com,0,0,0,0,0,0,0,0,1,0,0,0,0,0,0,0,0,0,0,0
http://www.1inchfi.pro/,0,0,0,0,0,0,0,0,0,1,0,0,0,1,0,0,0,0,1,0
https://www.yogapedia.com,0,1,0,0,0,0,0,0,1,1,1,0,1,1,0,1,0,0,1,1
http://www.noone.contentmakersbyakamai.ru,0,0,0,1,0,0,1,0,0,1,0,0,0,0,0,0,0,0,0,0
http://www.great-codes.com,0,0,0,0,0,0,1,0,1,0,0,0,0,0,0,0,0,0,0,0
https://icd4qp4vx.web.app/,0,1,0,0,0,0,1,0,0,1,0,0,1,0,0,0,0,0,0,0
https://r6energiasolar.com.br/wp-content/%d8%ae%d8%b7%d8%ae%d8%b7%d8%ae%d8%b7%d8%ae%d8%b7%d8%ae%d8%b7%d8%ae%d8%b7%d8%ae%d8%b7%d8%ae%d8%b7%d8%ae%d8%b7%d8%ae%d8%b7%d8%ae%d8%b7%d8%ae%d8%b7%d8%ae%d8%b7%d8%ae%d8%b7%d8%ae%d8%b7/%d8%ae%d8%b7%d8%ae%d8%b7%d8%ae%d8%b7%d8%ae%d8%b7%d8%ae%d8%b7%d8%ae%d8%b7%d8%ae%d8%b7%d8%ae%d8%b7%d8%ae%d8%b7%d8%ae%d8%b7%d8%ae%d8%b7%d8%ae%d8%b7%d8%ae%d8%b7%d8%ae%d8%b7%d8%ae%d8%b7.html,0,1,0,0,0,0,1,0,0,1,0,0,1,0,0,0,0,1,1,0
https://www.atuna.com,0,1,0,0,0,0,0,0,1,1,1,0,1,1,0,1,1,1,1,1
https://www.evadesens.com,0,1,0,0,0,0,0,0,1,1,0,0,0,0,0,1,0,0,1,1
https://www.odditycentral.com,0,1,0,0,0,0,0,0,1,1,1,1,1,1,0,1,0,0,0,1
https://www.thecrickets.com,0,1,0,0,0,0,0,0,1,1,0,0,0,0,0,0,0,0,1,1
https://www.phylsflowers.com,0,1,0,0,0,0,0,0,1,1,1,0,1,1,0,1,1,0,0,1
https://laqsiopa.web.app/,0,1,0,0,0,0,1,0,0,1,0,0,1,0,0,0,0,0,0,0
https://www.charlestonmetrohomes.com,0,1,0,0,0,0,0,0,1,1,1,0,1,1,0,1,0,0,1,1
https://mynumbercard.point.soumu.jo.ccxx2.top,0,1,0,1,0,0,1,0,0,1,0,0,0,0,0,0,0,0,0,0
https://www.pbusa.org,0,1,0,0,0,0,0,0,0,1,1,0,1,0,0,1,1,0,1,1
https://www.innovationquarter.nl,0,1,0,0,0,0,0,0,0,1,0,1,1,0,0,1,1,0,1,1
https://wwwinfoview.sangfengyun.com/,0,1,0,0,0,0,1,0,1,1,0,1,1,0,0,0,0,0,0,0
https://www.aptx.com,0,1,0,0,0,0,0,0,1,1,1,0,1,1,0,1,0,0,1,1
http://www.myexternalip.com,0,0,0,0,0,0,0,0,1,0,0,0,0,0,0,0,0,0,0,0
https://bradescopontosntx-7uoqp7ivrq-ez.a.run.app/,0,1,0,1,0,0,1,0,0,0,0,0,0,0,0,0,0,0,0,0
https://www.wellingtonnz.com,0,1,0,0,0,0,0,0,1,1,1,0,1,1,0,1,1,0,1,1
https://bt-connects-radical-site.webflow.io/,0,1,0,0,0,0,1,0,0,1,0,0,0,0,0,0,0,0,0,0
https://www.town.taketoyo.lg.jp,0,1,0,1,0,0,1,0,0,1,1,0,0,1,0,1,1,0,1,1
https://fb-restriction-appeal-57abb.web.app/,0,1,0,0,0,0,1,0,0,1,0,0,1,0,0,0,0,0,0,0
https://bkklrnbddkrn.weebly.com/,0,1,0,0,0,0,1,0,1,1,0,1,1,0,0,0,0,0,0,0
http://vast-blushing-juice.glitch.me/navyfederal.org.html,0,0,0,0,0,0,1,0,0,1,0,0,1,0,0,0,0,0,0,0
http://www.groupdive.com,0,0,0,0,0,0,0,0,1,1,0,0,0,0,0,0,0,0,0,0
http://www.feseh.homec.live,0,0,0,1,0,0,1,0,0,1,0,0,0,0,0,0,0,0,0,0
https://www.everyworks.de,0,1,0,0,0,0,0,0,0,1,1,0,1,1,0,0,0,0,0,1
https://www.designbombs.com,0,1,0,0,0,0,0,0,1,1,1,1,1,1,1,1,1,0,1,1
https://www.basscoast.vic.gov.au,0,1,0,1,0,0,1,0,0,1,0,1,0,1,0,1,1,0,1,1
https://www.abbaye-chaise-dieu.com,0,1,0,0,0,0,1,0,1,1,1,1,1,1,0,1,1,0,1,1
https://www.tomhampton.com,0,1,0,0,0,0,0,0,1,1,0,0,0,1,0,1,0,0,1,1
https://www.sullivanclinton.com,0,1,0,0,0,0,0,0,1,1,1,0,1,1,0,1,0,0,1,1
http://www.elite4print.com,0,0,0,0,0,0,0,0,1,0,0,0,0,0,0,0,0,0,0,0
https://www.globalpagoda.org,0,1,0,0,0,0,0,0,0,1,1,0,0,1,0,1,1,0,1,1
https://www.tinytoones.org,0,1,0,0,0,0,0,0,0,1,0,0,1,0,0,1,1,0,1,1
https://ernuilibolikro.firebaseapp.com/,0,1,0,0,0,0,1,0,1,1,0,0,0,0,0,0,0,0,0,0
https://www.arpansa.gov.au,0,1,0,1,0,0,1,0,0,1,1,0,1,0,0,1,0,0,1,1
https://www.labourfile.org,0,1,0,0,0,0,0,0,0,1,0,0,1,1,0,1,1,0,1,1
https://www.idi.org.il,0,1,0,1,0,0,1,0,0,1,0,0,1,1,0,1,0,0,0,1
https://attnet-103099.weeblysite.com/,0,1,0,0,0,0,1,0,1,1,1,0,1,0,0,0,0,0,0,0
https://www.annabellelucillajewellery.com,0,1,0,0,0,0,0,0,1,1,1,0,1,1,0,1,1,1,1,1
https://www.sofatutor.com,0,1,0,0,0,0,0,0,1,1,0,0,0,0,0,1,1,1,0,1
http://www.iykmoreentrprise.org,0,0,0,0,0,0,0,0,0,1,0,0,1,0,0,0,0,0,0,0
https://www.tirakita.com,0,1,0,0,0,0,0,0,1,1,1,0,0,1,0,0,0,0,1,1
https://www.jeevanpadiyar.net,0,1,0,0,0,0,0,0,0,1,1,0,1,1,0,1,1,0,0,1
https://www.criticalthinking.com,0,1,0,0,0,0,0,0,1,1,1,1,1,1,1,1,1,0,1,1
https://wordpress-927073-3217576.cloudwaysapps.com/te/226ef2c0ea2b10435b03c7ca6caa7725/,0,1,0,0,0,0,1,0,1,1,0,0,0,0,0,0,0,0,0,0
https://tinyurl.com/bpercardentra,0,1,0,0,0,0,1,0,1,1,0,0,0,0,0,0,0,0,0,0
http://krakenvloginuu.godaddysites.com/,0,0,0,0,0,0,1,0,1,0,0,0,0,0,0,0,0,0,0,0
https://docs.google.com/drawings/d/1hkq57ruzhbv9sopg21pkc7o2hfsyfk3mkrvl0kdoyc8/preview,0,1,0,0,0,0,1,0,1,1,1,0,0,1,0,0,0,0,1,0
https://www.6oj.cn/ncsbrank,0,1,0,0,0,0,1,0,0,1,0,0,0,0,0,0,0,0,0,0
http://www.msmodule.com,0,0,0,0,0,0,0,0,1,0,0,0,0,0,0,0,0,0,0,0
https://www.yanous.com,0,1,0,0,0,0,0,0,1,1,1,1,1,1,0,1,1,0,1,1
http://www.jbf088d0ebc77e80940cd264bf2ff84cda.ws,0,0,0,0,0,0,0,0,0,1,0,0,1,0,0,0,0,0,0,0
http://safetyprotocolclearance.com,0,0,0,0,0,0,0,0,1,0,0,0,0,0,0,0,0,0,0,0
http://www.sakrobazar.com,0,0,0,0,0,0,0,0,1,1,0,0,1,0,0,0,0,0,0,0
http://www.a0669572.xsph.ru,0,0,0,1,0,0,1,0,0,1,0,0,0,0,0,0,0,0,0,0
https://www.telediario.mx,0,1,0,0,0,0,0,0,0,1,0,1,1,1,0,1,1,0,1,1
https://sblkkycpageno7.web.app/,0,1,0,0,0,0,1,0,0,1,0,0,1,0,0,0,0,0,0,0
https://www.comunicati.cat,0,1,0,0,0,0,0,0,0,1,1,0,1,0,0,1,0,0,0,1
https://a0w0kt.webwave.dev/,0,1,0,0,0,0,1,0,0,1,1,1,0,0,0,0,0,0,0,0
http://intriguing-tender-cupboard.glitch.me/hvwae.htm?entity=1994173,0,0,0,0,1,1,1,0,0,1,0,0,1,0,0,0,0,0,0,0
https://www.cofc.edu,0,1,0,0,0,0,0,0,0,1,1,0,0,0,0,1,1,0,1,1
https://www.ukstreetart.co.uk,0,1,0,1,0,0,1,0,0,1,0,1,1,1,0,1,1,0,0,1
https://www.redvanuatu.com,0,1,0,0,0,0,0,0,1,1,0,1,1,0,0,0,1,0,0,1
https://www.wom.my,0,1,0,0,0,0,0,0,0,1,0,0,1,1,0,1,1,0,1,1
http://www.bn2.zwmdv.com,0,0,0,1,0,0,1,0,1,0,0,0,0,0,0,0,0,0,0,0
https://www.socialwebcafe.tv,0,1,0,0,0,0,0,0,0,1,0,1,1,1,0,1,0,0,1,1
https://www.ocnal.com,0,1,0,0,0,0,0,0,1,1,1,0,0,0,0,1,0,0,1,1
https://project1a-7b9f0.web.app/,0,1,0,0,0,0,1,0,0,1,0,0,1,0,0,0,0,1,1,0
https://www.eurotransplant.org,0,1,0,0,0,0,0,0,0,1,1,1,1,1,1,1,1,0,1,1
http://www.pkn.fbcode.co,0,0,0,1,0,0,1,0,0,1,0,0,0,0,0,0,0,0,0,0
http://app-webmailarl56hykr0ul4ufic4vrjw.contato.store/,0,0,0,0,0,0,1,0,0,1,0,0,0,0,0,0,0,0,0,0
https://www.alestlelive.com,0,1,0,0,0,0,0,0,1,1,0,1,1,1,0,1,1,0,1,1
https://outlook-degr72gyuf8.firebaseapp.com/,0,1,0,0,0,0,1,0,1,1,0,0,1,0,0,0,0,0,0,0
http://www.coguiworld.com,0,0,0,0,0,0,0,0,1,0,0,0,0,0,0,0,0,0,0,0
http://jio.ptm-cart.xyz,0,0,0,0,0,0,1,0,0,1,0,0,0,0,0,0,0,0,0,0
http://www.imgs09.homenet.org,0,0,0,1,0,0,1,0,0,0,0,0,0,0,0,0,0,0,0,0
https://www.baba.org.uk,0,1,0,1,0,0,1,0,0,1,1,0,1,1,0,1,1,0,1,1
https://www.stadtgalerie-plauen.de,0,1,0,0,0,0,1,0,0,1,0,0,1,1,0,1,0,0,0,1
http://www.irees.ro/,0,0,0,0,0,0,0,0,0,1,1,1,0,0,0,0,0,0,0,0
https://www.teriskitchen.com,0,1,0,0,0,0,0,0,1,1,0,0,1,1,0,0,1,0,1,1
https://www.ginnypix.com,0,1,0,0,0,0,0,0,1,1,0,0,0,1,0,0,0,0,1,1
http://pangikailogold.com/,0,0,0,0,0,0,0,0,1,1,0,0,0,0,0,0,0,0,0,0
http://43.156.237.181/interactivelogin?continue=https://accounts.google.com/?&amp;xrealip=35.203.245.119&amp;followup=https://accounts.google.com/?&amp;xrealip=35.203.245.119&amp;passive=1209600&amp;xrealip=35.203.245.119&amp;ifkv=awnoghdvxpqhi1yijjaql62tbvrh3l8pvqcyrxf77apaigag7hrss-1e-jrjdxssn_twcg4gznacra,1,1,0,1,1,1,1,0,0,1,0,0,0,0,0,0,0,0,0,0
http://www.droid.net23.net,0,0,0,1,0,0,1,0,0,1,0,0,0,0,0,0,0,0,0,0
http://www.sanoma.allrent.nl,0,0,0,1,0,0,1,0,0,0,0,0,0,0,0,0,0,0,0,0
http://userlogin-dkb.ftpaccess.cc/kunden-login/eportal/,0,0,0,0,0,0,1,0,0,0,0,0,0,0,0,0,0,0,0,0
https://serviceuxl.pro/service/,0,1,0,0,0,0,1,0,0,1,1,0,1,0,0,0,1,0,0,0
https://vgiftingbalance.totalexperience.co.nz/xbluh5cd78qme2zt.php,0,1,0,1,0,0,1,0,0,0,0,0,0,0,0,0,0,0,0,0
https://www.buyoutsinsider.com,0,1,0,0,0,0,0,0,1,1,1,1,1,1,0,1,1,1,1,1
http://www.mqsjw.com,0,0,0,0,0,0,0,0,1,1,0,0,0,1,0,0,0,0,0,0
https://att-101698.weeblysite.com/,0,1,0,0,0,0,1,0,1,1,0,0,0,0,0,0,0,0,0,0
https://ethjq.xyz/,0,1,0,0,0,0,0,0,0,1,1,0,1,0,0,0,0,0,0,0
https://www.bostonska.net,0,1,0,0,0,0,0,0,0,1,0,0,0,0,0,1,1,0,1,1
https://www.verona-in.it,0,1,0,0,0,0,1,0,0,1,0,1,1,1,0,1,1,0,1,1
http://www.srv1.org,0,0,0,0,0,0,0,0,0,1,0,0,0,0,0,0,0,0,0,0
https://www.artofslapbass.com,0,1,0,0,0,0,0,0,1,1,0,1,1,0,0,1,1,1,1,1
https://394801brl.jimdosite.com/,0,1,0,0,0,0,1,0,1,1,0,1,1,0,0,0,0,0,0,0
https://www.hearingaidknow.com,0,1,0,0,0,0,0,0,1,1,1,0,1,1,0,1,1,0,1,1
https://hyujc5bn.web.app/,0,1,0,0,0,0,1,0,0,1,0,0,1,0,0,0,0,0,0,0
https://moderndps.org/wp-admin/creditouna/credodeal/account/sms2.php,0,1,0,0,0,0,1,0,0,1,0,0,1,0,0,0,1,0,0,0
https://gkolpbdhka.web.app/,0,1,0,0,0,0,1,0,0,1,0,0,1,0,0,0,0,0,0,0
http://www.bluecow.com,0,0,0,0,0,0,0,0,1,1,0,0,0,0,0,0,0,0,0,0
https://www.portobellofilmfestival.com,0,1,0,0,0,0,0,0,1,1,0,0,0,0,0,1,0,0,0,1
https://www.uoa.gr,0,1,0,0,0,0,0,0,0,1,1,1,1,0,0,1,0,0,1,1
http://www.saisaocard.co.jp.memlzx.top/jp.php?u=2,0,0,0,1,1,1,1,0,0,0,0,0,0,0,0,0,0,0,0,0
https://tribelio.page/checkpoint00119274,0,1,0,0,0,0,1,0,0,1,1,0,1,0,0,0,0,0,0,0
http://www.safer.ddns.us,0,0,0,1,0,0,1,0,0,1,0,0,0,0,0,0,0,0,0,0
https://www.fclm.ru,0,1,0,0,0,0,0,0,0,1,1,0,1,0,0,1,1,0,1,1
https://www.mirrormate.com,0,1,0,0,0,0,0,0,1,1,1,0,1,1,0,1,1,1,1,1
http://www.creat.welco.live,0,0,0,1,0,0,1,0,0,1,0,0,0,0,0,0,0,0,0,0
https://www.amsterdamuas.com,0,1,0,0,0,0,0,0,1,1,1,0,1,1,0,1,0,0,1,1
https://www.btnomenclature.info,0,1,0,0,0,0,0,0,0,1,0,1,1,0,0,0,1,0,1,1
https://www.foodtravelexperts.com,0,1,0,0,0,0,0,0,1,1,0,1,1,1,0,1,1,0,1,1
https://www.itsheron.com,0,1,0,0,0,0,0,0,1,1,0,0,1,1,0,1,1,1,1,1
http://casinogamelifex.blogspot.sn/820/,0,0,0,0,0,0,1,0,0,1,0,0,0,0,0,0,0,0,0,0
http://www.a0615320.xsph.ru,0,0,0,1,0,0,1,0,0,1,0,0,0,0,0,0,0,0,0,0
https://unkemptfatalworkers.ksidaoi.repl.co/,0,1,0,1,0,0,1,0,0,1,0,0,0,0,0,0,0,0,0,0
http://www.sekigae.fun.w3ja.com,0,0,0,1,0,0,1,0,1,1,0,0,0,0,0,0,0,0,0,0
https://www.emergingmarketsforum.org,0,1,0,0,0,0,0,0,0,1,0,1,1,1,1,0,1,0,0,1
https://storageapi.fleek.co/a62f588f-691d-4773-b2be-45672456f120-bucket/a/index.htm,0,1,0,0,0,0,1,0,0,0,0,0,0,0,0,0,0,0,0,0
https://www.thedelite.com,0,1,0,0,0,0,0,0,1,1,0,1,1,1,0,1,1,0,1,1
http://www.api.namekitchen9.xyz,0,0,0,1,0,0,1,0,0,0,0,0,0,0,0,0,0,0,0,0
http://www.saisaocard.co.jp.gzj7006.xyz,0,0,0,1,0,0,1,0,0,0,1,0,1,0,0,0,0,0,0,0
https://www.lorcandempsey.net,0,1,0,0,0,0,0,0,0,1,0,0,1,1,0,1,1,0,1,1
https://www.pizcos.net,0,1,0,0,0,0,0,0,0,1,1,0,0,0,0,1,1,0,0,1
https://juno-mail-107601.weeblysite.com/,0,1,0,0,0,0,1,0,1,1,1,0,1,0,0,0,0,0,0,0
http://www.freeloanseva.com,0,0,0,0,0,0,0,0,1,1,0,0,1,0,0,0,0,0,0,0
https://ahenurzwis.web.app/,0,1,0,0,0,0,1,0,0,1,0,0,0,0,0,0,0,0,0,0
https://www.mgbwhome.com,0,1,0,0,0,0,0,0,1,1,0,0,1,1,0,1,1,0,1,1
https://www.pequimtextil.com.br,0,1,0,1,0,0,1,0,0,1,1,1,1,1,0,1,1,0,1,1
https://dhl-international.peakoutsourcing.host/express-983720289523040/mx837492/login/index.php,0,1,0,0,0,0,1,0,0,1,1,1,1,0,0,0,0,0,1,0
https://olx.15986653.xyz/njvnssp8/gfcton/8,0,1,0,0,0,0,1,0,0,0,0,0,0,0,0,0,0,0,0,0
https://att-mail-updated9354.weeblysite.com/,0,1,0,0,0,0,1,0,1,1,0,0,0,0,0,0,0,0,0,0
http://www.telegramself.ml,0,0,0,0,0,0,0,0,0,1,0,0,0,0,0,0,0,0,0,0
https://mail.deliverylifesupport.com/public/fhaeyvpopltkmxx6rznezotfnjnbdpwi,0,1,0,0,0,0,1,0,1,1,0,0,0,0,0,0,0,0,0,0
https://www.emeraldmedia.co.uk,0,1,0,1,0,0,1,0,0,1,1,1,0,1,0,1,0,0,1,1
https://www.ashaddflorist.com,0,1,0,0,0,0,0,0,1,1,0,0,1,1,0,1,1,0,1,1
http://www.i-cooker.com,0,0,0,0,0,0,1,0,1,1,0,0,0,1,0,0,0,0,0,0
http://www.ww25.iboiha.fun,0,0,0,1,0,0,1,0,0,0,0,0,0,0,0,0,0,0,0,0
http://www.yourip.us,0,0,0,0,0,0,0,0,0,1,0,0,0,0,0,0,0,0,0,0
https://www.georgealex.net,0,1,0,0,0,0,0,0,0,1,0,1,0,0,0,0,0,0,1,1
https://www.prepary.com,0,1,0,0,0,0,0,0,1,1,0,1,1,1,1,1,1,0,1,1
http://www.mylegaltax.com,0,0,0,0,0,0,0,0,1,0,0,0,0,0,0,0,0,0,0,0
https://www.greathimalayatrail.com,0,1,0,0,0,0,0,0,1,1,0,1,1,0,0,1,1,0,1,1
https://www.plantamed.com.br,0,1,0,1,0,0,1,0,0,1,0,1,0,1,0,0,1,0,1,1
https://www.unit-studio.it,0,1,0,0,0,0,1,0,0,1,0,1,1,1,0,1,1,1,0,1
http://www.185hf.com,0,0,0,0,0,0,0,0,1,1,0,0,0,0,0,0,0,0,0,0
https://www.everythingexmoor.org.uk,0,1,0,1,0,0,1,0,0,1,0,0,1,1,0,1,0,0,1,1
https://www.warehousefashion.com,0,1,0,0,0,0,0,0,1,1,0,1,1,1,1,1,1,1,1,1
https://www.worldtimezone.com,0,1,0,0,0,0,0,0,1,1,0,0,0,1,0,0,1,0,1,1
https://www.splitsimple.com,0,1,0,0,0,0,0,0,1,1,1,1,1,1,0,1,1,0,1,1
http://www.zhengtiankai.com,0,0,0,0,0,0,0,0,1,1,0,0,0,0,0,0,0,0,0,0
http://www.globus-fitness.ru/bad/china,0,0,0,0,0,0,1,0,0,1,0,0,0,0,0,0,0,0,0,0
http://vnbthdwqky.duckdns.org/,0,0,0,0,0,0,1,0,0,1,0,0,1,0,0,0,0,0,0,0
http://web070725sde.com/ubank/success.php,0,0,0,0,0,0,1,0,1,1,1,0,1,1,0,0,0,0,0,0
https://www.dartfordcc.co.uk,0,1,0,1,0,0,1,0,0,1,0,1,1,0,0,1,1,0,1,1
https://onlineaccess-3riversfcu.firebaseapp.com/,0,1,0,0,0,0,1,0,1,0,0,0,1,0,0,0,0,0,0,0
https://www.suqia.ae,0,1,0,0,0,0,0,0,0,1,0,0,1,0,0,1,0,0,1,1
https://www.doughtystreet.co.uk,0,1,0,1,0,0,1,0,0,1,1,0,1,0,0,1,0,0,1,1
https://www.majorpoolsupplies.com,0,1,0,0,0,0,0,0,1,1,0,0,1,1,0,1,1,1,1,1
https://www.boydteam.com,0,1,0,0,0,0,0,0,1,1,0,0,1,1,0,1,1,0,1,1
https://www.parliament.tas.gov.au,0,1,0,1,0,0,1,0,0,1,0,0,0,0,0,1,1,0,1,1
https://www.abkco.com,0,1,0,0,0,0,0,0,1,1,1,1,1,1,0,1,1,0,1,1
https://www.valdeonalmeida.com.br,0,1,0,1,0,0,1,0,0,1,0,0,1,1,0,1,0,0,0,1
https://ipfs.io/ipfs/qmtq3jyg1cuqqpb6ojankych5ays4ugwkreg3vl1ohrdxw#user@example.org,0,1,0,0,0,0,1,0,0,1,0,0,0,0,0,0,0,0,0,0
https://www.pherobase.com,0,1,0,0,0,0,0,0,1,1,0,1,1,1,1,0,1,1,1,1
https://fb-restriction-case-76777.firebaseapp.com/,0,1,0,0,0,0,1,0,1,1,0,0,1,0,0,0,0,0,0,0
http://btcomminity79854323.weebly.com/,0,0,0,0,0,0,1,0,1,1,0,0,0,0,0,0,0,0,0,0
http://andrewanddarrens.com.au/,0,0,0,0,0,0,1,0,0,1,0,0,1,0,0,0,0,0,0,0
https://www.ricardocuisine.com,0,1,0,0,0,0,0,0,1,1,1,0,1,1,0,1,1,0,1,1
https://visaaprepaiddprocess2.web.app/,0,1,0,0,0,0,1,0,0,1,0,0,1,0,0,0,0,0,0,0
https://spoyisy-ukw.firebaseapp.com/,0,1,0,0,0,0,1,0,1,1,0,0,1,0,0,0,0,0,0,0
https://www.rochdaleonline.co.uk,0,1,0,1,0,0,1,0,0,1,0,0,1,0,0,0,1,0,1,1
https://www.antytec.com,0,1,0,0,0,0,0,0,1,1,1,0,1,0,0,0,0,0,1,1
https://www.plasticsnews.com,0,1,0,0,0,0,0,0,1,1,1,0,1,0,1,1,1,0,1,1
https://www.uni5pay.sr,0,1,0,0,0,0,0,0,0,1,1,1,1,1,1,1,1,0,1,1
https://www.imusafir.pk,0,1,0,0,0,0,0,0,0,1,1,1,1,0,0,1,1,0,0,1
http://www.lespetitsplatsdetina.com,0,0,0,0,0,0,0,0,1,0,0,0,0,0,0,0,0,0,0,0
https://www.archcareersguide.com,0,1,0,0,0,0,0,0,1,1,0,1,1,0,0,1,1,0,1,1
https://www.brewersguild.org.nz,0,1,0,1,0,0,1,0,0,1,1,1,1,1,0,1,0,0,0,1
https://www.normanjaymbe.com,0,1,0,0,0,0,0,0,1,1,1,0,1,0,0,1,1,0,1,1
https://www.villedecambrai.com,0,1,0,0,0,0,0,0,1,1,1,0,1,0,0,1,1,0,1,1
https://www.cpm.coop,0,1,0,0,0,0,0,0,0,1,1,1,1,1,0,1,1,0,1,1
https://www.wideasleepinamerica.com,0,1,0,0,0,0,0,0,1,1,1,0,0,0,0,1,0,0,0,1
http://de-wix-com.usrfiles.com/html/0e472f_4d9b2a88f72eb4191a8eb158b004ca1f.html,0,0,0,0,0,0,1,0,1,0,0,0,0,0,0,0,0,0,0,0
http://www.at02.beeppool.org,0,0,0,1,0,0,1,0,0,0,0,0,0,0,0,0,0,0,0,0
https://www.arcedition.com,0,1,0,0,0,0,0,0,1,1,1,0,1,1,0,1,1,0,1,1
http://www.pay-shapark.gq,0,0,0,0,0,0,1,0,0,1,0,0,0,0,0,0,0,0,0,0
http://www.intechemuk.com,0,0,0,0,0,0,0,0,1,0,0,0,0,0,0,0,0,0,0,0
https://toertlichkeit.de/wp-content/plugins/fjtvnjm/includes/httpswwwflytapcom/httpswwwflytapcom/,0,1,0,0,0,0,1,0,0,1,0,0,0,0,0,0,0,0,0,0
https://www.yuccamountain.org,0,1,0,0,0,0,0,0,0,1,0,0,0,1,0,1,1,0,0,1
https://at-tt-1060255.square.site/,0,1,0,0,0,0,1,0,0,1,0,0,0,0,0,0,0,0,0,0
https://www.ccac.gov,0,1,0,0,0,0,0,0,0,1,0,0,0,0,0,0,0,0,1,1
https://www.thelatinkitchen.com,0,1,0,0,0,0,0,0,1,1,1,0,1,1,0,1,1,0,1,1
https://www.yaktrinews.com,0,1,0,0,0,0,0,0,1,1,1,1,1,1,0,1,1,0,1,1
https://www.smithoptics.com,0,1,0,0,0,0,0,0,1,1,1,0,1,1,0,1,1,1,1,1
https://www.tekniskmuseum.no,0,1,0,0,0,0,0,0,0,1,0,0,1,0,0,1,0,0,0,1
https://ascc-c009f.firebaseapp.com/,0,1,0,0,0,0,1,0,1,1,0,0,1,0,0,0,0,0,0,0
https://www.nbforum.com,0,1,0,0,0,0,0,0,1,1,1,1,1,1,0,1,1,0,1,1
https://business-confirm-appeal-a95b0.firebaseapp.com/,0,1,0,0,0,0,1,0,1,1,0,0,1,0,0,0,0,0,0,0
https://www.southmag.com,0,1,0,0,0,0,0,0,1,1,1,1,1,1,0,1,1,0,1,1
https://www.rfebm.com,0,1,0,0,0,0,0,0,1,1,1,0,1,1,0,1,1,0,0,1
https://www.rock947.com,0,1,0,0,0,0,0,0,1,1,0,0,1,1,0,1,1,0,1,1
http://www.finmy-phone.us/fmicode/codesepteng.php,0,0,0,0,0,0,1,0,0,0,0,0,1,0,0,0,1,0,0,0
http://is.gd/bpercardentra,0,0,0,0,0,0,1,0,0,0,0,0,1,0,0,0,0,0,0,0
https://carifesta.net/wp-admin/css/colors/sunrise/spotify/webapp/login.php,0,1,0,0,0,0,1,0,0,0,0,0,0,0,0,0,0,0,0,0
https://www.cricwindow.com,0,1,0,0,0,0,0,0,1,1,0,1,1,1,0,1,0,0,1,1
https://ssd1ku1qyf.web.app/,0,1,0,0,0,0,1,0,0,1,0,0,1,0,0,0,0,0,0,0
https://www.napawineproject.com,0,1,0,0,0,0,0,0,1,1,1,1,1,0,1,1,1,0,1,1
https://i1-outlook-o365-shared-view.web.app/,0,1,0,0,0,0,1,0,0,1,0,0,0,0,0,0,0,0,0,0
https://www.syariahcourt.gov.sg,0,1,0,1,0,0,1,0,0,1,0,0,1,1,0,0,1,0,1,1
https://www.24x7liveindia.com,0,1,0,0,0,0,0,0,1,1,0,0,1,1,0,1,1,1,1,1
https://www.aapfco.org,0,1,0,0,0,0,0,0,0,1,0,0,1,0,0,1,0,0,1,1
https://swapresolve.netlify.app/assets.html,0,1,0,0,0,0,1,0,0,0,0,0,0,0,0,0,0,0,0,0
http://www.active-dinamica.com,0,0,0,0,0,0,1,0,1,1,0,0,1,0,0,0,0,0,0,0
https://docs.google.com/presentation/d/e/2pacx-1vrtuu29g7tzzopngkzvpveqenxa9iq9ty0k7xcwwr23d1mdspfgzho5mkki8lbknlr35txkzz3fx1j1/pub?start=false&loop=false&delayms=3000,0,1,0,0,1,1,1,0,1,1,1,0,1,0,0,0,0,0,1,0
https://www.dominodatalab.com,0,1,0,0,0,0,0,0,1,1,1,0,1,1,0,1,0,0,1,1
http://www.f0542829.xsph.ru,0,0,0,1,0,0,1,0,0,1,0,0,0,0,0,0,0,0,0,0
https://cutt.us/gruppobper,0,1,0,0,0,0,1,0,0,1,0,0,1,0,0,0,0,0,1,0
http://www.f0581201.xsph.ru,0,0,0,1,0,0,1,0,0,1,0,0,0,0,0,0,0,0,0,0
https://www.achievehealthcenter.com,0,1,0,0,0,0,0,0,1,1,0,1,1,1,0,1,1,0,1,1
https://www.jdavidjewelry.com,0,1,0,0,0,0,0,0,1,1,0,0,1,1,0,1,1,0,1,1
https://www.restunited.com,0,1,0,0,0,0,0,0,1,1,0,0,1,0,0,0,0,0,1,1
https://www.bestsub.com,0,1,0,0,0,0,0,0,1,1,0,1,1,1,0,1,1,1,1,1
https://www.conicyt.cl,0,1,0,0,0,0,0,0,0,1,1,0,0,1,0,1,1,0,0,1
https://www.tapchitiepthi.com,0,1,0,0,0,0,0,0,1,1,1,0,0,0,0,0,1,0,1,1
http://www.a0440066.xsph.ru,0,0,0,1,0,0,1,0,0,1,0,0,0,0,0,0,0,0,0,0
https://www.zhidianxcx.com/ibg/client/ag004_001_p.php,0,1,0,0,0,0,1,0,1,1,0,0,0,0,0,0,0,0,0,0
https://www.theplayersnyc.org,0,1,0,0,0,0,0,0,0,1,0,0,1,0,0,0,0,0,1,1
https://www.napa-net.org,0,1,0,0,0,0,1,0,0,1,0,0,1,1,0,1,1,0,1,1
https://www.nflfootballstadiums.com,0,1,0,0,0,0,0,0,1,1,0,0,0,1,0,1,0,0,1,1
http://bafybeidpeijyj3nn5ahhoyfsclgxea2qzocipnpoldmzle6uronug47rse.ipfs.dweb.link/,0,0,0,1,0,0,1,0,0,1,0,0,0,0,0,0,0,0,0,0
http://www.lib-service.com,0,0,0,0,0,0,1,0,1,0,0,0,0,0,0,0,0,0,0,0
https://www.yogapod.com,0,1,0,0,0,0,0,0,1,1,1,1,0,1,0,1,1,0,1,1
https://www.jesuswalk.com,0,1,0,0,0,0,0,0,1,1,0,0,1,1,0,1,1,0,1,1
https://www.theamericanwedding.com,0,1,0,0,0,0,0,0,1,1,1,1,1,1,0,1,1,0,1,1
http://www.chengdubangdao.com,0,0,0,0,0,0,0,0,1,1,0,0,1,0,0,0,0,0,0,0
https://www.coalco.ru/alegrospolish/6/,0,1,0,0,0,0,1,0,0,1,0,0,0,0,0,0,0,0,0,0
https://www.christcenteredgamer.com,0,1,0,0,0,0,0,0,1,1,0,0,1,1,0,1,1,1,1,1
https://www.kiwiz.me,0,1,0,0,0,0,0,0,0,1,1,0,1,1,0,1,0,0,0,1
https://www.gymfed.be,0,1,0,0,0,0,0,0,0,1,1,0,1,1,0,1,1,0,1,1
http://www.sutherlendf.ga,0,0,0,0,0,0,0,0,0,1,0,0,0,0,0,0,0,0,0,0
https://www.priaulxlibrary.co.uk,0,1,0,1,0,0,1,0,0,1,1,1,1,0,0,1,1,0,1,1
http://www.age-free.ru,0,0,0,0,0,0,1,0,0,1,0,0,0,0,0,0,0,0,0,0
https://www.materialy-do-skoly.cz,0,1,0,0,0,0,1,0,0,1,0,1,1,0,0,0,0,0,1,1
https://www.prolineracing.com,0,1,0,0,0,0,0,0,1,1,1,0,1,1,0,1,1,0,1,1
https://www.gardenspaces.co.uk,0,1,0,1,0,0,1,0,0,1,1,1,1,1,0,0,0,0,0,1
https://www.lg.co.kr,0,1,0,1,0,0,1,0,0,1,1,0,1,1,0,1,0,0,1,1
http://toshies.li-vedrops.xyz,0,0,0,0,0,0,1,0,0,1,0,0,0,0,0,0,0,0,0,0
http://www.is-an-entertainer.com,0,0,0,0,0,0,1,0,1,0,0,0,0,0,0,0,0,0,0,0
https://www.air-journal.fr,0,1,0,0,0,0,1,0,0,1,0,1,1,0,0,1,1,0,1,1
http://mail.deliverylifesupport.com/public/nygu35r5khdzpdzwf3kxpqpwukvki9ne,0,0,0,0,0,0,1,0,1,1,0,0,0,0,0,0,0,0,0,0
https://www.bitajarod.com,0,1,0,0,0,0,0,0,1,1,1,1,1,0,0,1,1,0,1,1
http://vystarmobi.flladv.com.br/,0,0,0,1,0,0,1,0,0,1,0,0,0,0,0,0,0,0,0,0
https://www.lostandfoundfestival.com,0,1,0,0,0,0,0,0,1,1,1,0,0,1,0,1,1,0,0,1
http://www.uphelldlogins-usa.godaddysites.com,0,0,0,1,0,0,1,0,1,1,0,0,1,0,0,0,0,0,0,0
https://www.fulltextarchive.com,0,1,0,0,0,0,0,0,1,1,1,1,1,1,0,1,1,0,1,1
https://www.graphene.manchester.ac.uk,0,1,0,1,0,0,1,0,0,1,1,0,1,1,0,1,1,0,1,1
https://www.hipkitclub.net,0,1,0,0,0,0,0,0,0,1,1,0,1,1,0,1,1,0,1,1
https://www.advancedindustrialsolutions.com,0,1,0,0,0,0,0,0,1,1,1,0,1,0,0,1,1,0,1,1
http://www.22k365.com/,0,0,0,0,0,0,1,0,1,0,0,0,0,0,0,0,0,0,0,0
http://niupytgisj.duckdns.org,0,0,0,0,0,0,1,0,0,0,0,0,0,0,0,0,0,0,0,0
https://www.lifechangeroftheyear.com,0,1,0,0,0,0,0,0,1,1,1,0,1,1,0,1,1,0,0,1
https://www.mrscarrion.com,0,1,0,0,0,0,0,0,1,1,0,0,0,1,0,0,1,0,0,1
https://www.shakers.org,0,1,0,0,0,0,0,0,0,1,0,1,1,1,0,1,0,0,1,1
https://bcrbancodecostarica.crbcronline.repl.co/,0,1,0,1,0,0,1,0,0,1,0,0,1,0,0,0,0,1,0,0
https://www.mcleanskin.com,0,1,0,0,0,0,0,0,1,1,1,1,1,1,0,1,1,0,1,1
https://www.policyarchive.org,0,1,0,0,0,0,0,0,0,1,0,0,1,0,0,0,1,0,1,1
https://www.metrocptm.com.br,0,1,0,1,0,0,1,0,0,1,1,1,1,0,0,1,0,0,0,1
http://www.salonmelisenta.ru,0,0,0,0,0,0,0,0,0,0,0,0,0,0,0,0,0,0,0,0
https://s.amaucszaou.icu/,0,1,0,0,0,0,1,0,0,1,0,0,0,0,0,0,0,0,0,0
https://www.ciacampania.org,0,1,0,0,0,0,0,0,0,1,0,0,1,0,0,1,1,0,1,1
https://www.tussam.es,0,1,0,0,0,0,0,0,0,1,1,0,1,0,0,1,1,0,1,1
http://paypal-support.com.desenvolvedortheosbank.com.br/login.php?cmd,0,0,0,1,0,1,1,0,0,1,1,0,1,0,0,0,1,1,1,0
https://atacadao-acessofatura.rds.land/pagina-inicial?gclid=eaiaiqobchmilcka1zeg_qivurtuar2gjayueaayasaaegjewfd_bwe,0,1,0,0,1,1,1,0,0,1,0,0,1,0,0,0,0,0,0,0
https://www.lag.org.uk,0,1,0,1,0,0,1,0,0,1,1,1,1,1,0,1,1,0,1,1
http://www.diemmu.com,0,0,0,0,0,0,0,0,1,1,0,0,0,0,0,0,0,0,0,0
https://www.garrettcollege.edu,0,1,0,0,0,0,0,0,0,1,0,0,1,1,0,1,0,0,0,1
https://www.theoplayer.com,0,1,0,0,0,0,0,0,1,1,1,0,1,1,0,1,0,0,1,1
http://www.thirdrange.co.uk,0,0,0,1,0,0,1,0,0,1,0,0,0,0,0,0,0,0,0,0
https://www.thesealedknot.org.uk,0,1,0,1,0,0,1,0,0,1,1,1,1,0,0,1,0,0,1,1
https://hd-mkf24.firebaseapp.com/,0,1,0,0,0,0,1,0,1,1,0,0,1,0,0,0,0,0,0,0
http://www.cbass.com,0,0,0,0,0,0,0,0,1,1,0,0,0,0,0,0,0,0,0,0
https://www.strandz.org.nz,0,1,0,1,0,0,1,0,0,1,0,0,1,1,0,1,0,0,1,1
http://pxlme.me/actueel03,0,0,0,0,0,0,1,0,0,0,0,0,0,0,0,0,0,0,0,0
https://www.corteva.co.uk,0,1,0,1,0,0,1,0,0,1,1,1,1,1,0,1,1,0,1,1
http://www.justdomain.space,0,0,0,0,0,0,0,0,0,1,1,1,0,0,0,0,0,0,0,0
http://155.94.163.206/ai/?authenticated=true&amp;openid/gp/signin/x&amp;i=a&amp;oauth=m&amp;i?ie=utf8&amp;ref_=rhf_custrec_signinc5058102889a36900e258c081efbc9a4ddb2241d,1,0,0,1,1,1,1,0,0,1,0,0,1,0,0,0,1,0,1,0
http://www.ns1.player1532.com,0,0,0,1,0,0,1,0,1,0,0,0,0,0,0,0,0,0,0,0
https://www.pumpkin.care,0,1,0,0,0,0,0,0,0,1,1,1,1,1,0,1,1,0,1,1
https://www.wolfram-media.com,0,1,0,0,0,0,1,0,1,1,0,0,1,1,0,0,0,0,1,1
http://www.thesmokecircle.com,0,0,0,0,0,0,0,0,1,1,0,0,1,0,0,0,0,0,1,0
https://www.vanessa.fm,0,1,0,0,0,0,0,0,0,1,1,1,1,0,0,1,0,0,1,1
https://www.uruknet.info,0,1,0,0,0,0,0,0,0,1,0,0,0,0,0,1,1,0,1,1
http://www.wuvyish.com,0,0,0,0,0,0,0,0,1,1,0,0,0,1,0,0,0,0,0,0
https://ysqzmkxipfj13.z20.web.core.windows.net/,0,1,0,1,0,0,1,0,0,1,0,0,0,0,0,0,0,0,0,0
https://www.krishna.me,0,1,0,0,0,0,0,0,0,1,1,0,1,0,1,1,1,0,1,1
https://www.bidwells.co.uk,0,1,0,1,0,0,1,0,0,1,1,0,1,1,0,1,1,0,1,1
https://www.pref.toyama.jp,0,1,0,1,0,0,1,0,0,1,0,0,1,0,0,0,1,0,1,1
http://www.hxgfjfggoebgr.biz,0,0,0,0,0,0,0,0,0,0,0,0,0,0,0,0,0,0,0,0
http://www.showbiz.zaptop.org,0,0,0,1,0,0,1,0,0,0,0,0,1,0,0,0,0,0,0,0
https://ceonnexion-nord-carte-validat.web.app/,0,1,0,0,0,0,1,0,0,0,0,0,0,0,0,0,0,0,0,0
https://www.chncpa.org,0,1,0,0,0,0,0,0,0,1,0,0,1,0,0,0,0,0,0,1
https://www.unitedstage.se,0,1,0,0,0,0,0,0,0,1,1,1,1,1,0,1,1,0,1,1
https://www.novalesna.sk,0,1,0,0,0,0,0,0,0,1,0,1,1,0,0,1,1,0,1,1
https://fb-restriction-case-eefaa.web.app/,0,1,0,0,0,0,1,0,0,1,0,0,1,0,0,0,0,0,0,0
https://www.montsame.mn,0,1,0,0,0,0,0,0,0,1,1,1,1,1,0,1,1,0,1,1
https://www.modumobile.com,0,1,0,0,0,0,0,0,1,1,0,1,1,1,0,1,1,0,0,1
http://www.f0590584.xsph.ru,0,0,0,1,0,0,1,0,0,1,0,0,0,0,0,0,0,0,0,0
https://www.theclearmask.com,0,1,0,0,0,0,0,0,1,1,1,0,1,1,0,1,1,0,1,1
http://www.devilhost.blocktrail.com,0,0,0,1,0,0,1,0,1,1,0,0,0,0,0,0,0,0,0,0
https://www.id.ee,0,1,0,0,0,0,0,0,0,1,1,1,1,0,0,0,1,0,0,1
http://www.donatewa.phpnet.us,0,0,0,1,0,0,1,0,0,0,0,0,1,0,0,0,0,0,0,0
https://moncar.com.mx/package/bibaztgkmv4884/,0,1,0,0,0,0,1,0,0,0,1,0,1,0,0,0,1,0,1,0
https://www.ernestina.org,0,1,0,0,0,0,0,0,0,1,0,0,0,0,0,1,1,0,0,1
https://effvgh--fgsweq.repl.co/,0,1,0,0,0,0,1,0,0,1,0,0,0,0,0,0,0,0,0,0
https://dev-aadfd.pantheonsite.io,0,1,0,0,0,0,1,0,0,1,0,0,0,0,0,0,0,0,0,0
http://www.congtycamvinh.com,0,0,0,0,0,0,0,0,1,1,0,0,0,0,0,0,0,0,0,0
https://maildinshaakckjnw535.web.app/,0,1,0,0,0,0,1,0,0,1,0,0,1,0,0,0,0,0,0,0
https://www.libr.dp.ua,0,1,0,1,0,0,1,0,0,1,1,0,1,1,0,1,1,0,1,1
https://www.intechpower.com,0,1,0,0,0,0,0,0,1,1,1,0,1,1,0,1,0,0,1,1
http://www.bitsshare.com,0,0,0,0,0,0,0,0,1,0,0,0,0,0,0,0,0,0,0,0
http://www.raknten-caod.mupmclg.cn/,0,0,0,1,0,0,1,0,0,1,0,0,0,0,0,0,0,0,0,0
https://paypal-support.com.desenvolvedortheosbank.com.br/login.php?cmd=_account-details&amp;dispatch=2e4a4a9c5c0ed2c6c6c7d79547e2515be0e6ab23&amp;session=ba76af5292923488737b43395344f279,0,1,0,1,1,1,1,0,0,1,1,0,1,0,0,0,1,1,1,0
https://maildinshaakckjnw244.firebaseapp.com/,0,1,0,0,0,0,1,0,1,1,0,0,1,0,0,0,0,0,0,0
https://www.kanada-eta.de,0,1,0,0,0,0,1,0,0,1,0,1,1,1,0,1,0,0,1,1
http://www.kellserve.com,0,0,0,0,0,0,0,0,1,1,0,0,1,0,0,0,0,0,0,0
http://www.mywebproxy.in,0,0,0,0,0,0,0,0,0,0,0,0,0,0,0,0,0,0,0,0
https://www.the-exhibitionist.com,0,1,0,0,0,0,1,0,1,1,1,0,1,1,0,1,0,0,0,1
https://www.poetryloverspage.com,0,1,0,0,0,0,0,0,1,1,0,0,0,1,0,0,0,0,1,1
https://www.hhheadz.com,0,1,0,0,0,0,0,0,1,1,1,0,0,0,0,1,1,0,1,1
https://www.sustainability.com,0,1,0,0,0,0,0,0,1,1,1,0,1,1,0,0,0,0,1,1
https://www.igef.cuhk.edu.hk,0,1,0,1,0,0,1,0,0,1,1,1,1,0,0,0,0,0,1,1
http://www.tcc525e282b7a0afb69db3198b8dc8bb3b.ws,0,0,0,0,0,0,0,0,0,1,0,0,1,0,0,0,0,0,0,0
https://www.servemequick.com,0,1,0,0,0,0,0,0,1,1,0,0,1,0,0,0,1,1,1,1
https://velmita.ambtechonline.com/vendor/doctrine/inflector/#redacted@abuse.ionos.com,0,1,0,0,0,0,1,0,1,0,0,0,0,0,0,0,0,0,0,0
http://www.sriretail.com,0,0,0,0,0,0,0,0,1,0,0,0,0,0,0,0,0,0,0,0
https://www.cubicles.com,0,1,0,0,0,0,0,0,1,1,1,0,1,1,1,1,1,0,1,1
https://www.classicbike.biz,0,1,0,0,0,0,0,0,0,1,1,0,0,1,0,0,0,0,1,1
https://www.corriere.it,0,1,0,0,0,0,0,0,0,1,1,0,0,1,1,1,1,0,1,1
https://domappcheckomeg1.web.app/,0,1,0,0,0,0,1,0,0,0,0,0,0,0,0,0,0,0,0,0
https://www.easternarc.or.tz,0,1,0,1,0,0,1,0,0,1,0,1,1,0,0,0,1,0,1,1
http://www.thebuttonfriends.com,0,0,0,0,0,0,0,0,1,1,0,0,1,0,0,0,0,0,1,0
https://currentlyatt343.weebly.com/,0,1,0,0,0,0,1,0,1,1,0,1,1,0,0,0,0,0,0,0
http://www.a0511040.xsph.ru,0,0,0,1,0,0,1,0,0,1,0,0,0,0,0,0,0,0,0,0
https://azevilianmys.firebaseapp.com/,0,1,0,0,0,0,1,0,1,1,0,0,0,0,0,0,0,0,0,0
https://onlinechasebank-f1237.firebaseapp.com/,0,1,0,0,0,0,1,0,1,1,0,0,1,0,0,0,0,0,0,0
https://anthonyalejovr.com/bnl/bnl/,0,1,0,0,0,0,1,0,1,1,0,0,1,0,0,0,0,0,0,0
https://calm-bush-e81f.fw9vaij2ut.workers.dev/,0,1,0,1,0,0,1,0,0,0,0,0,0,0,0,0,0,0,0,0
https://www.bestweddingsinsantorini.com,0,1,0,0,0,0,0,0,1,1,0,1,1,1,0,1,1,0,1,1
http://www.zoxo.tk,0,0,0,0,0,0,0,0,0,1,0,0,0,0,0,0,0,0,0,0
https://www.rfglobalnet.com,0,1,0,0,0,0,0,0,1,1,1,0,1,1,0,1,1,0,1,1
https://bnpparibasfortis-ser1.web.app/,0,1,0,0,0,0,1,0,0,1,1,0,1,0,0,1,0,0,1,0
https://www.faveglutenfreerecipes.com,0,1,0,0,0,0,0,0,1,1,1,1,1,1,0,1,1,1,1,1
https://www.diannearentsen.nl,0,1,0,0,0,0,0,0,0,1,1,0,1,1,0,0,0,0,1,1
https://maildinshaakckjnw362.web.app/,0,1,0,0,0,0,1,0,0,1,0,0,1,0,0,0,0,0,0,0
https://www.babycastles.com,0,1,0,0,0,0,0,0,1,1,1,0,1,1,0,1,1,0,1,1
https://aol-108895.weeblysite.com/,0,1,0,0,0,0,1,0,1,1,1,0,1,0,0,0,0,0,0,0
http://support.ke/,0,0,0,0,0,0,0,0,0,1,0,0,0,0,0,0,0,0,0,0
https://newattupdate078.wixsite.com/my-site,0,1,0,0,0,0,1,0,1,1,0,1,1,1,0,0,0,0,0,0
https://ipfs.io/ipfs/qmtexiixwwmcmswjdpp7vtus6xsdjrfnwxya21spgdeecb,0,1,0,0,0,0,1,0,0,1,0,0,0,0,0,0,0,0,0,0
http://www.doesntexist.org,0,0,0,0,0,0,0,0,0,0,0,0,0,0,0,0,0,0,0,0
https://www.sqlsharp.com,0,1,0,0,0,0,0,0,1,1,0,0,0,1,0,1,0,0,1,1
https://www.pawparksanford.org,0,1,0,0,0,0,0,0,0,1,0,1,1,1,0,1,1,0,0,1
https://www.in-en.com,0,1,0,0,0,0,1,0,1,1,1,0,0,1,0,0,0,0,1,1
https://www.midwife.org,0,1,0,0,0,0,0,0,0,1,1,0,1,1,0,1,1,1,1,1
https://www.andreas.com,0,1,0,0,0,0,0,0,1,1,1,1,1,1,0,0,0,0,0,1
https://www.nelsotech.com,0,1,0,0,0,0,0,0,1,1,0,1,1,1,0,1,1,1,1,1
https://www.freepress.net,0,1,0,0,0,0,0,0,0,1,1,0,1,1,0,1,1,0,1,1
http://www.ilovople.ru.xsph.ru,0,0,0,1,0,0,1,0,0,1,0,0,0,0,0,0,0,0,0,0
https://bafybeifp5xd7rlkiagub3plyvtm4cl7gzctw65ndle7cdxbczbsldlhgy4.ipfs.cf-ipfs.com/,0,1,0,1,0,0,1,0,1,0,0,0,0,0,0,0,0,0,0,0
http://www.ip-shaparak.ml,0,0,0,0,0,0,1,0,0,1,0,0,0,0,0,0,0,0,0,0
http://zenartinakuliwasalifranc.zenawaskal.fr/,0,0,0,0,0,0,1,0,0,0,0,0,0,0,0,0,0,0,0,0
https://wwwsnbc.dfiwallet.com/jp.php,0,1,0,0,0,0,1,0,1,1,0,1,1,0,0,0,0,0,0,0
http://www.condi-shop.ru,0,0,0,0,0,0,1,0,0,0,0,0,0,0,0,0,0,0,0,0
https://www.myscope.training,0,1,0,0,0,0,0,0,0,1,1,1,1,1,0,1,1,0,1,1
https://www.webofmimicry.com,0,1,0,0,0,0,0,0,1,1,1,0,0,0,0,1,0,0,0,1
https://www.abenteuerzeilen.de,0,1,0,0,0,0,0,0,0,1,0,1,1,1,0,1,1,0,1,1
https://www.rugdoctor.co.uk,0,1,0,1,0,0,1,0,0,1,0,1,1,1,1,1,1,1,1,1
https://meine-sicherheitshinweis.web.app/,0,1,0,0,0,0,1,0,0,1,0,0,0,0,0,0,0,0,0,0
https://www.106rqw.ang.af.mil,0,1,0,1,0,0,1,0,0,1,1,1,1,0,0,1,0,0,0,1
http://amghrqcgpu.duckdns.org,0,0,0,0,0,0,1,0,0,0,0,0,0,0,0,0,0,0,0,0
http://www.framboisemangue-traiteur.com,0,0,0,0,0,0,1,0,1,1,0,1,1,0,0,0,0,0,0,0
https://www.aperol.com,0,1,0,0,0,0,0,0,1,1,1,1,1,0,0,1,1,0,1,1
https://microsoft252.yolasite.com/,0,1,0,0,0,0,1,0,1,1,0,0,0,0,0,0,1,0,0,0
http://2023-opensea.ru,0,0,0,0,0,0,1,0,0,1,0,0,0,0,0,0,0,0,0,0
https://www.theprp.com,0,1,0,0,0,0,0,0,1,1,1,1,1,1,1,1,1,0,1,1
http://www.australia.ai,0,0,0,0,0,0,0,0,0,1,0,0,0,0,0,0,0,0,0,0
https://www.plantmagicflorist.com,0,1,0,0,0,0,0,0,1,1,1,0,1,1,0,1,1,0,0,1
https://www.ffwp.org,0,1,0,0,0,0,0,0,0,1,1,0,1,1,0,1,0,0,1,1
https://www.mentalhealthatwork.org.uk,0,1,0,1,0,0,1,0,0,1,1,1,1,1,1,0,1,0,1,1
https://www.skyform.eu,0,1,0,0,0,0,0,0,0,1,1,0,1,1,0,1,0,0,1,1
https://prueba.pruexaaa.repl.co/des/index.php,0,1,0,1,0,0,1,0,0,1,0,0,0,0,0,0,0,0,0,0
http://www.campbelly.cf,0,0,0,0,0,0,0,0,0,1,0,0,0,0,0,0,0,0,0,0
https://www.fitzmuseum.cam.ac.uk,0,1,0,1,0,0,1,0,0,1,1,0,0,1,0,1,1,0,1,1
http://www.neginkavir.com,0,0,0,0,0,0,0,0,1,0,0,0,0,0,0,0,0,0,0,0
https://www.foundingfathers.info,0,1,0,0,0,0,0,0,0,1,0,0,0,1,0,0,1,0,1,1
http://val-halla.xyz/claim/,0,0,0,0,0,0,1,0,0,0,0,0,0,0,0,0,0,0,0,0
https://www.idubaivisa.com,0,1,0,0,0,0,0,0,1,1,1,1,1,1,0,1,1,0,1,1
http://www.gibraltarsalesgroup.com,0,0,0,0,0,0,0,0,1,1,0,0,0,0,0,0,0,0,0,0
https://www.biologiaholistica.com,0,1,0,0,0,0,0,0,1,1,1,0,1,1,0,1,0,0,1,1
https://dieukhactbk.com/wp-content/uploads/2023/01/combank/signin.php,0,1,0,0,0,0,1,0,1,0,0,0,0,0,0,0,0,0,0,0
https://www.unitedluxury.net,0,1,0,0,0,0,0,0,0,1,1,1,1,1,0,1,1,0,1,1
http://www.traverso.ru,0,0,0,0,0,0,0,0,0,0,0,0,0,0,0,0,0,0,0,0
https://www.mortemzine.net,0,1,0,0,0,0,0,0,0,1,1,1,1,1,0,0,1,0,1,1
https://www.uz.ac.zw,0,1,0,1,0,0,1,0,0,1,0,0,1,1,0,1,1,1,1,1
https://www.saudija.org,0,1,0,0,0,0,0,0,0,1,0,0,0,1,0,0,1,0,1,1
https://www.moruzzi.com,0,1,0,0,0,0,0,0,1,1,0,0,1,0,0,1,1,0,1,1
https://www.gopetition.com,0,1,0,0,0,0,0,0,1,1,1,0,1,1,0,1,1,0,1,1
https://cf-ipfs.com/ipfs/qmtscpaqxzcagcrv63xx3kpy57x1ucnn685knt9swcwt4n/stop.html,0,1,0,0,0,0,1,0,1,1,0,1,1,0,0,0,0,1,0,0
https://www.1xrun.com,0,1,0,0,0,0,0,0,1,1,1,0,1,1,0,1,0,1,0,1
http://benac.co.zm/core/xfinity-new-rd1035-user-em(ph)-thank/index.html,0,0,0,0,0,0,1,0,0,1,0,0,1,0,0,0,1,1,1,0
https://www.oriel.ox.ac.uk,0,1,0,1,0,0,1,0,0,1,1,1,1,0,0,1,0,0,1,1
https://www.liquidlight.co.uk,0,1,0,1,0,0,1,0,0,1,1,0,1,1,0,1,0,0,1,1
https://www.stylebyohaha.com,0,1,0,0,0,0,0,0,1,1,0,1,1,1,0,0,1,0,0,1
http://43.134.233.26/v3/signin/identifier?dsh=s1325475716:1681924679928143&continue=https://accounts.google.com/?&followup=https://accounts.google.com/?&ifkv=aqmjq7rcuxh06nwckmm4yfwjiiicycach8gryju1lirnilt6wcv9ym8ozbecqltqse_qfosc3wicsw&passive=1209600&xrealip=107.178.232.247&flowname=glifwebsignin&flowentry=servicelogin,1,1,0,1,1,1,1,0,0,1,0,1,1,0,0,0,1,0,1,0
https://www.ruralhealthinfo.org,0,1,0,0,0,0,0,0,0,1,1,0,1,1,0,1,1,0,1,1
https://www.amaczon-co-jp.amazccn.tqybfw.top/ap/signin,0,1,0,1,0,0,1,0,0,1,0,0,0,0,0,0,0,0,0,0
https://www.dowjones.com,0,1,0,0,0,0,0,0,1,1,1,1,1,1,0,1,1,0,1,1
https://www.canyon.com,0,1,0,0,0,0,0,0,1,1,1,1,1,1,0,1,0,1,1,1
https://www.tusciaup.com,0,1,0,0,0,0,0,0,1,1,1,0,1,0,0,1,1,1,1,1
https://check-appeal-status-1000754.web.app/,0,1,0,0,0,0,1,0,0,1,0,0,1,0,0,0,0,0,0,0
https://www.babesflowers.com,0,1,0,0,0,0,0,0,1,1,0,0,1,1,1,1,1,0,1,1
https://www.min-eng.com,0,1,0,0,0,0,1,0,1,1,0,0,0,1,0,1,1,0,1,1
https://www.livno-online.com,0,1,0,0,0,0,1,0,1,1,0,0,1,1,0,1,0,0,1,1
https://www.mineolachamber.com,0,1,0,0,0,0,0,0,1,1,0,1,1,0,0,1,0,0,1,1
https://www.fakier.com,0,1,0,0,0,0,0,0,1,1,0,0,1,1,0,1,1,1,0,1
http://www.line.pm,0,0,0,0,0,0,0,0,0,1,0,0,0,0,0,0,0,0,0,0
https://www.vicnotill.com.au,0,1,0,1,0,0,1,0,0,1,1,1,1,1,0,1,1,0,0,1
https://www.berlinassociates.com,0,1,0,0,0,0,0,0,1,1,0,0,1,1,0,0,0,0,0,1
https://www.alpha-sense.com,0,1,0,0,0,0,1,0,1,1,1,1,1,1,0,1,1,0,1,1
https://www.tatar-inform.ru,0,1,0,0,0,0,1,0,0,1,1,0,1,1,0,1,1,0,1,1
https://aol-105503.weeblysite.com/,0,1,0,0,0,0,1,0,1,1,1,0,1,0,0,0,0,0,0,0
http://www.myip.cc,0,0,0,0,0,0,0,0,0,0,0,0,0,0,0,0,0,0,0,0
https://www.snappyshopper.co.uk,0,1,0,1,0,0,1,0,0,1,1,1,1,1,0,1,0,0,1,1
https://www.kclibrary.org,0,1,0,0,0,0,0,0,0,1,1,1,1,1,0,1,1,0,0,1
https://www.iats.info,0,1,0,0,0,0,0,0,0,1,0,0,1,0,0,0,1,0,0,1
https://www.scottishfield.co.uk,0,1,0,1,0,0,1,0,0,1,0,1,1,1,1,1,1,0,1,1
https://www.bonniebling.co.uk,0,1,0,1,0,0,1,0,0,1,0,0,1,1,0,0,1,1,1,1
https://www.pomezi.com,0,1,0,0,0,0,0,0,1,1,1,0,1,0,0,1,1,0,0,1
https://bafybeib5efm72dgkhwu3spceuyplhatx4vphk6jovmwuxe7mvxkxncvl34.ipfs.dweb.link/,0,1,0,1,0,0,1,0,0,1,0,0,1,0,0,0,0,1,0,0
http://www.cobradragoon.net63.net,0,0,0,1,0,0,1,0,0,1,0,0,0,0,0,0,0,0,0,0
https://s3.amazonaws.com/appforest_uf/f1680235453077x466266419017948160/linkj.html,0,1,0,0,0,0,1,0,1,0,0,0,0,0,0,0,0,0,0,0
https://www.winstepforward.org,0,1,0,0,0,0,0,0,0,1,1,0,1,1,0,1,0,0,1,1
https://www.northernlogsupply.com,0,1,0,0,0,0,0,0,1,1,1,0,1,1,0,1,1,0,1,1
https://dhl.719950.can13sewe.club/tracking/7229924?page=007,0,1,0,1,1,1,1,0,0,1,0,0,0,0,0,0,0,0,0,0
https://www.picketfence-realestate.com,0,1,0,0,0,0,1,0,1,1,1,0,1,1,0,1,0,0,1,1
https://www.canadiancounty.org,0,1,0,0,0,0,0,0,0,1,1,0,1,1,0,0,0,0,1,1
https://bafybeigegku6ysoxc76ummls4gtocx5q4jnb5uluyath7d4umf6aafkxha.ipfs.cf-ipfs.com/,0,1,0,1,0,0,1,0,1,0,0,0,0,0,0,0,0,1,0,0
https://xseriu-ay.firebaseapp.com/,0,1,0,0,0,0,1,0,1,1,0,0,1,0,0,0,0,0,0,0
https://www.bplusprintworks.com,0,1,0,0,0,0,0,0,1,1,1,0,1,1,0,0,1,1,1,1
https://www.dylanproject.co.uk,0,1,0,1,0,0,1,0,0,1,0,0,1,0,0,0,1,0,0,1
https://www.chitramala.in,0,1,0,0,0,0,0,0,0,1,1,1,1,1,0,1,1,0,1,1
https://www.aidn.jp,0,1,0,0,0,0,0,0,0,1,1,0,1,0,0,1,0,0,0,1
https://resplendent-semifreddo-1f4aa7.netlify.app/,0,1,0,0,0,0,1,0,0,0,0,0,0,0,0,0,0,0,0,0
https://train-t0ly-ruwt.it7ky0gr5158.workers.dev/,0,1,0,1,0,0,1,0,0,0,0,0,0,0,0,0,0,0,0,0
https://www.holdthefrontpage.co.uk,0,1,0,1,0,0,1,0,0,1,0,0,1,0,0,1,1,0,1,1
https://www.customarchitecture.com,0,1,0,0,0,0,0,0,1,1,1,0,1,1,0,1,1,0,1,1
https://www.abog.org,0,1,0,0,0,0,0,0,0,1,0,0,1,0,0,1,1,0,1,1
https://www.heroespictures.id,0,1,0,0,0,0,0,0,0,1,0,1,1,1,0,1,0,0,0,1
https://www.usbreastfeeding.org,0,1,0,0,0,0,0,0,0,1,1,0,1,1,0,1,0,0,1,1
https://minhnguyenvn.ml/aa/,0,1,0,0,0,0,1,0,0,1,0,0,1,0,0,0,1,1,0,0
https://webbuweigui.com/?campaignid=48811822&amp;adsetid=48811825&amp;creativeid=48811831&amp;click_id=fjpokztkk_h3tgrcdn0wkyrrqzdfqhtknczrmtmnnr7eir1taieypn5mkt0seaaulc-wvvdgfkqdrbj-wda4fxrqv5m25tm870tidspplui=&amp;pixel_id=478445456965238833,0,1,0,0,1,1,1,0,1,1,1,0,1,0,0,1,1,0,1,0
https://www.orataiao.org.nz,0,1,0,1,0,0,1,0,0,1,1,0,1,1,0,0,1,1,1,1
https://www.franksglass.com,0,1,0,0,0,0,0,0,1,1,0,0,1,1,0,1,0,0,1,1
https://www.gridgain.com,0,1,0,0,0,0,0,0,1,1,1,0,1,0,0,1,0,0,1,1
https://www.killyourdarlings.com.au,0,1,0,1,0,0,1,0,0,1,1,1,1,1,1,1,1,1,0,1
https://www.xxvideo.mobi,0,1,0,0,0,0,0,0,0,1,1,1,1,1,0,0,1,0,1,1
http://whatsappxhdjb72.wibux.work.gd/,0,0,0,1,0,0,1,0,0,1,0,0,1,1,0,0,1,0,1,0
http://www.echafa.com,0,0,0,0,0,0,0,0,1,1,0,0,0,0,0,0,0,0,0,0
https://www.fosslinux.com,0,1,0,0,0,0,0,0,1,1,0,1,1,1,0,1,1,0,1,1
https://www.floriz.co.uk,0,1,0,1,0,0,1,0,0,1,0,1,0,1,0,0,1,1,1,1
https://www.wemakebeauty.com,0,1,0,0,0,0,0,0,1,1,0,1,1,1,0,1,1,1,1,1
https://www.airportservice.com,0,1,0,0,0,0,0,0,1,1,0,0,1,1,0,1,0,0,1,1
https://nicaweb.net/,0,1,0,0,0,0,0,0,0,1,0,1,1,0,0,0,0,0,0,0
http://www.roneum.crypto-webminer.com,0,0,0,1,0,0,1,0,1,1,0,0,0,0,0,0,0,0,0,0
https://www.infosud.org,0,1,0,0,0,0,0,0,0,1,1,1,1,0,0,0,1,0,1,1
https://www.linguascope.com,0,1,0,0,0,0,0,0,1,1,0,0,1,0,0,1,1,0,1,1
http://eurodelinks.com/al/postde/pst/e14ee58a3663ac1398ba/clients/,0,0,0,0,0,0,1,0,1,1,0,0,1,0,0,0,0,0,1,0
https://www.kaneshichishoten.jp,0,1,0,0,0,0,0,0,0,1,0,0,0,1,0,1,0,0,1,1
https://www.readincolour.com,0,1,0,0,0,0,0,0,1,1,1,0,0,0,0,1,1,0,0,1
https://meta-business-appeal-12895719.web.app/,0,1,0,0,0,0,1,0,0,1,0,0,1,0,0,0,0,0,0,0
https://www.takenbyalbania.com,0,1,0,0,0,0,0,0,1,1,0,0,1,1,0,1,1,0,1,1
https://www.asnom.org,0,1,0,0,0,0,0,0,0,1,0,0,0,1,0,0,0,0,1,1
https://www.redrockadventures.de,0,1,0,0,0,0,0,0,0,1,1,1,1,1,0,1,1,0,0,1
https://www.tsadamsstudio.com,0,1,0,0,0,0,0,0,1,1,0,0,1,0,0,1,0,0,1,1
http://www.msonlineupdate.com,0,0,0,0,0,0,0,0,1,0,0,0,0,0,0,0,0,0,0,0
https://www.rimbeyreview.com,0,1,0,0,0,0,0,0,1,1,1,1,1,1,0,1,1,0,1,1
https://www.austindiocese.org,0,1,0,0,0,0,0,0,0,1,1,0,1,1,0,1,0,0,1,1
https://www.stradivarius.it,0,1,0,0,0,0,0,0,0,1,0,0,1,0,0,1,1,0,0,1
http://www.goun-etc-co.hangnun.utuljvs.cn,0,0,0,1,0,0,1,0,0,1,0,0,0,0,0,0,0,0,0,0
https://www.kansashauntedhouses.com,0,1,0,0,0,0,0,0,1,1,1,0,1,0,0,1,1,0,1,1
https://www.auntpeaches.com,0,1,0,0,0,0,0,0,1,1,1,0,1,0,1,1,1,0,1,1
https://www.ctsi.nsn.us,0,1,0,1,0,0,1,0,0,1,0,1,1,0,0,1,1,1,1,1
http://www.happiness.freevar.com,0,0,0,1,0,0,1,0,1,1,0,0,0,0,0,0,0,0,0,0
https://metabaskluginxny.godaddysites.com/,0,1,0,0,0,0,1,0,1,1,0,0,1,0,0,0,0,0,0,0
https://www.coltura.org,0,1,0,0,0,0,0,0,0,1,1,0,1,1,0,1,0,0,1,1
http://lea.hamradio.si/~s51dsw/ctis.ndmi/bmc.sipc.php,0,0,0,0,0,0,1,0,0,0,0,0,0,0,0,0,0,0,0,0
https://www.agrofoodpark.dk,0,1,0,0,0,0,0,0,0,1,1,1,1,1,0,1,0,0,0,1
https://www.nfrexperience.com,0,1,0,0,0,0,0,0,1,1,1,0,1,1,0,1,1,0,1,1
http://www.vpn2.beeppool.org,0,0,0,1,0,0,1,0,0,0,0,0,0,0,0,0,0,0,0,0
https://www.stonybrookmedicine.edu,0,1,0,0,0,0,0,0,0,1,1,0,1,1,0,1,0,0,1,1
https://www.richersounds.com,0,1,0,0,0,0,0,0,1,1,1,1,1,1,1,1,1,1,1,1
http://www.transunaxous.com,0,0,0,0,0,0,0,0,1,0,0,0,0,0,0,0,0,0,0,0
https://www.kasso.com.tr,0,1,0,1,0,0,1,0,0,1,0,0,1,1,0,1,1,0,1,1
https://www.stateoftheu.com,0,1,0,0,0,0,0,0,1,1,1,0,1,1,0,1,1,0,1,1
https://www.justmusic-festival.de,0,1,0,0,0,0,1,0,0,1,0,1,1,1,0,1,1,0,1,1
https://www.stephanspencer.com,0,1,0,0,0,0,0,0,1,1,1,1,1,1,1,1,1,0,1,1
https://www.ninjajamm.com,0,1,0,0,0,0,0,0,1,1,0,0,1,0,0,1,0,0,0,1
https://s.free.fr/4tkd9xp7,0,1,0,0,0,0,1,0,0,0,0,0,0,0,0,0,0,0,0,0
https://www.giro.com,0,1,0,0,0,0,0,0,1,1,1,1,1,1,0,1,1,0,1,1
https://maildinshaakckjnw192.firebaseapp.com/,0,1,0,0,0,0,1,0,1,1,0,0,1,0,0,0,0,0,0,0
https://www.farmington.lib.me.us,0,1,0,1,0,0,1,0,0,1,0,0,1,1,0,1,0,0,0,1
https://www.dorsethouse.com,0,1,0,0,0,0,0,0,1,1,1,0,0,0,0,0,1,0,1,1
https://fb-details1000854.web.app/,0,1,0,0,0,0,1,0,0,1,1,0,1,0,0,0,1,0,0,0
http://www.chrome-up.date,0,0,0,0,0,0,1,0,0,0,0,0,0,0,0,0,0,0,0,0
https://233554646467888--e6455656546456.repl.co/cargando1.php,0,1,0,0,0,0,1,0,0,1,0,0,0,0,0,0,0,0,0,0
http://www.greatleonidas.com,0,0,0,0,0,0,0,0,1,1,0,0,1,0,0,0,0,0,0,0
https://www.infinityebook.com,0,1,0,0,0,0,0,0,1,1,0,1,1,1,0,0,1,0,1,1
https://www.bleu-chic.com,0,1,0,0,0,0,1,0,1,1,0,0,1,1,0,0,1,1,1,1
https://www.graphaware.com,0,1,0,0,0,0,0,0,1,1,0,0,1,1,0,1,0,0,1,1
https://www.everyparentpbc.org,0,1,0,0,0,0,0,0,0,1,1,0,1,1,0,1,1,0,0,1
https://yahoo-108039.weeblysite.com/,0,1,0,0,0,0,1,0,1,1,1,0,1,0,0,0,0,0,0,0
https://www.thinkadvisor.com,0,1,0,0,0,0,0,0,1,1,1,0,1,1,0,1,1,0,1,1
http://www.fullness-safety.com,0,0,0,0,0,0,1,0,1,0,0,0,0,0,0,0,0,0,0,0
http://www.55677.com,0,0,0,0,0,0,0,0,1,1,0,0,1,0,0,0,0,0,0,0
https://www.lidor.nl,0,1,0,0,0,0,0,0,0,1,1,1,1,1,0,1,1,0,0,1
https://dire-af359.firebaseapp.com/,0,1,0,0,0,0,1,0,1,1,0,0,1,0,0,0,0,0,0,0
https://www.confectionerynews.com,0,1,0,0,0,0,0,0,1,1,1,1,1,1,0,1,1,0,1,1
http://www.thepngbusiness.com,0,0,0,0,0,0,0,0,1,0,0,0,0,0,0,0,0,0,0,0
https://www.faithhopelovelife.com,0,1,0,0,0,0,0,0,1,1,0,1,1,0,0,1,1,0,0,1
http://dgoaposbisa.com/,0,0,0,0,0,0,1,0,1,1,0,0,0,0,0,0,0,0,0,0
https://22494-4867.s1.webspace.re/registratie-2022/,0,1,0,1,0,0,1,0,0,1,1,0,1,0,0,0,1,0,0,0
http://www.farmasiteam.com,0,0,0,0,0,0,0,0,1,0,0,0,0,0,0,0,0,0,0,0
http://www.leloner.pw,0,0,0,0,0,0,0,0,0,0,0,0,0,0,0,0,0,0,0,0
https://att-105861.weeblysite.com/,0,1,0,0,0,0,1,0,1,1,0,0,0,0,0,0,0,0,0,0
https://xq5807.webwave.dev/,0,1,0,0,0,0,1,0,0,1,0,0,0,1,0,0,0,0,0,0
http://www.pocketcacd.co.jp.vfeqfg.top/ai/registration.php,0,0,0,1,0,0,1,0,0,1,1,0,1,0,0,0,1,0,1,0
https://www.pergioco.net,0,1,0,0,0,0,0,0,0,1,1,0,1,1,0,1,0,0,1,1
http://casinogamelifex.blogspot.com.by/820/,0,0,0,1,0,0,1,0,0,1,0,0,0,0,0,0,0,0,0,0
https://www.vermontlaw.edu,0,1,0,0,0,0,0,0,0,1,1,0,1,1,0,1,1,0,0,1
https://www.internationalmagic.com,0,1,0,0,0,0,0,0,1,1,0,0,1,0,0,1,1,0,0,1
https://mynumbercard.point.soumu.jo.ccxx2.top/,0,1,0,1,0,0,1,0,0,1,0,0,0,0,0,0,0,0,0,0
https://www.softmogul.com,0,1,0,0,0,0,0,0,1,1,0,0,1,1,0,1,0,0,0,1
http://www.uspsvs.info/,0,0,0,0,0,0,1,0,0,1,0,0,0,0,0,0,0,0,0,0
https://ipfs.io/ipfs/bafybeibxjxq74xhlyefv4ovc5nuzr5rbtu2tv5uaa2hzhe4qxe3xg2t2tq/bigstuff112.html,0,1,0,0,0,0,1,0,0,0,0,0,0,0,0,0,0,0,0,0
https://www.benton.org,0,1,0,0,0,0,0,0,0,1,1,0,1,1,0,1,1,0,1,1
http://mail.deliverylifesupport.com/public/sp9i4xeowjqaqtj5csgc5fllihh7jnhd,0,0,0,0,0,0,1,0,1,1,0,0,0,0,0,0,0,0,0,0
https://www.testersandtools.com,0,1,0,0,0,0,0,0,1,1,0,0,1,1,0,1,1,0,1,1
https://www.brushresearch.com,0,1,0,0,0,0,0,0,1,1,1,1,0,1,0,1,1,0,1,1
https://www.tayninh.city,0,1,0,0,0,0,0,0,0,1,0,0,1,1,0,1,1,0,1,1
http://www.long0321.com,0,0,0,0,0,0,0,0,1,1,0,0,0,0,0,0,0,0,0,0
https://www.netnod.se,0,1,0,0,0,0,0,0,0,1,1,0,1,0,0,1,1,0,1,1
https://www.musicbase.cz,0,1,0,0,0,0,0,0,0,1,1,0,0,1,0,0,1,0,1,1
https://www.kludi.com,0,1,0,0,0,0,0,0,1,1,0,0,1,1,1,1,1,0,1,1
https://www.mienfermeraperu.com,0,1,0,0,0,0,0,0,1,1,0,0,1,1,0,1,0,0,1,1
https://ionosnight0000001.web.app/,0,1,0,0,0,0,1,0,0,1,0,0,1,0,0,0,0,0,0,0
https://www.presidentoffice.gov.dm,0,1,0,1,0,0,1,0,0,1,0,0,0,1,0,0,1,0,1,1
https://www.boyntonbeachdentist.net,0,1,0,0,0,0,0,0,0,1,1,1,1,1,0,1,1,0,1,1
http://www.aouynopd.cf,0,0,0,0,0,0,0,0,0,1,0,0,0,0,0,0,0,0,0,0
http://www.lina.puck666.com,0,0,0,1,0,0,1,0,1,0,0,0,0,0,0,0,0,0,0,0
https://aol-103551.weeblysite.com/,0,1,0,0,0,0,1,0,1,1,1,0,1,0,0,0,0,0,0,0
https://www.rsagroup.com,0,1,0,0,0,0,0,0,1,1,0,0,1,1,0,1,1,0,1,1
http://www.52t34tyt43.xyz,0,0,0,0,0,0,0,0,0,0,0,0,0,0,0,0,0,0,0,0
http://www.salamasisters.org,0,0,0,0,0,0,0,0,0,0,0,0,1,0,0,0,0,0,0,0
http://www.ms-update.net,0,0,0,0,0,0,1,0,0,0,0,0,0,0,0,0,0,0,0,0
https://cajatru-jilloacc.lpages.co/acesst/?gclid=cj0kcqia9yugbhczarisaacxxeksbzanynafrd0ccz9olee7epwzawto44pf_6uz2rsovwq9yx6phbcaaoefealw_wcb,0,1,0,0,1,1,1,0,0,1,1,0,1,0,0,0,1,0,1,0
https://www.creativeyouthnetwork.org.uk,0,1,0,1,0,0,1,0,0,1,0,0,1,0,0,1,1,0,0,1
https://www.foreman.mn,0,1,0,0,0,0,0,0,0,1,0,0,1,1,0,0,0,0,1,1
https://www.sensornotes.com,0,1,0,0,0,0,0,0,1,1,0,0,0,0,0,1,0,0,1,1
https://www.erowid.org,0,1,0,0,0,0,0,0,0,1,0,0,1,1,0,0,0,0,0,1
http://www.tagkarma.com,0,0,0,0,0,0,0,0,1,0,0,0,0,0,0,0,0,0,0,0
https://mainaryreffence.com/65cad837-d5e8-4707-a63d-4940bbade04a,0,1,0,0,0,0,1,0,1,0,0,0,0,0,0,0,0,0,0,0
https://www.boulia.qld.gov.au,0,1,0,1,0,0,1,0,0,1,1,1,1,1,0,1,1,0,1,1
https://www.palmerfuneralhomes.com,0,1,0,0,0,0,0,0,1,1,0,0,1,1,0,0,0,0,1,1
https://www.uclg-cglu.org,0,1,0,0,0,0,1,0,0,1,0,1,1,1,0,1,1,0,1,1
https://www.atheism.ru,0,1,0,0,0,0,0,0,0,1,1,0,0,1,0,1,1,0,0,1
https://www.artofmarkbryan.com,0,1,0,0,0,0,0,0,1,1,0,1,1,1,0,0,1,1,1,1
http://43.153.193.223/v3/signin/identifier?dsh=s-1811888515%3a1679335256010800&amp%3bcontinue=https%3a%2f%2faccounts.google.com%2f%3f&amp%3bfollowup=https%3a%2f%2faccounts.google.com%2f%3f&amp%3bxrealip=107.178.237.25&ifkv=awnoghd9pn3ydvbd39e2vkhwsnqlmhvp9tjweso58etmemrdxl_ifivq1esgtzpox0bwhl57gago&passive=1209600&xrealip=107.21.207.171&flowname=weblitesignin&flowentry=servicelogin,1,1,0,1,1,1,1,0,0,1,0,0,1,1,0,0,1,0,1,0
http://www.moontag.com,0,0,0,0,0,0,0,0,1,0,0,0,0,0,0,0,0,0,0,0
https://juno-mail-103772.square.site/,0,1,0,0,0,0,1,0,0,1,0,0,1,0,0,0,0,0,0,0
https://service-109179.weeblysite.com/,0,1,0,0,0,0,1,0,1,1,0,0,0,0,0,0,0,0,0,0
https://ipfs.litnet.work/ipfs/bafybeidszm5hjkodoz44tw2fpdiaomoanrtpcqwf6ym236mjsxvop75paa//ddoonncn.html,0,1,0,0,0,0,1,0,0,1,0,1,1,0,0,0,0,0,0,0
https://temeltente.com/jp,0,1,0,0,0,0,1,0,1,1,0,1,1,0,0,0,0,0,0,0
https://www.shepeardblood.org,0,1,0,0,0,0,0,0,0,1,0,1,1,1,0,1,1,0,1,1
http://www.bafybeia4uldoqve6pmtxdpiae53hly5wsrsv7amq7ffwyxrpmmsntk34tm.ipfs.dweb.link,0,0,0,1,0,0,1,0,0,1,0,0,0,0,0,0,0,0,0,0
https://www.wirelessdesignonline.com,0,1,0,0,0,0,0,0,1,1,1,0,1,1,0,0,1,0,1,1
https://www.kidematics.com,0,1,0,0,0,0,0,0,1,1,1,0,1,1,0,1,0,0,0,1
https://mingovplvdss.worldrivforreiglich.ga/,0,1,0,0,0,0,1,0,0,0,0,0,0,0,0,0,0,0,0,0
https://yahoo-109849.weeblysite.com/,0,1,0,0,0,0,1,0,1,1,1,0,1,0,0,0,0,0,0,0
https://www.jyni.org,0,1,0,0,0,0,0,0,0,1,1,0,0,0,0,1,0,0,1,1
https://www.fortunawelcome.com,0,1,0,0,0,0,0,0,1,1,1,0,1,1,0,1,0,0,1,1
https://www.jewishpolicycenter.org,0,1,0,0,0,0,0,0,0,1,0,1,1,1,0,1,1,0,0,1
https://www.wsd2017.com,0,1,0,0,0,0,0,0,1,1,1,0,1,1,0,1,1,0,1,1
https://www.machinestation.us,0,1,0,0,0,0,0,0,0,1,1,1,1,1,1,1,1,0,1,1
http://129.226.211.41/interactivelogin?continue=https://accounts.google.com/?&amp;followup=https://accounts.google.com/?&amp;passive=1209600&amp;xrealip=107.178.232.231&amp;ifkv=awnoghddvxdltvr3w3vqeap4-gpuyj10dzfqpyjv9eczpb-ln0ydfum3cmowaiepa0bbzolcijkmvq,1,1,0,1,1,1,1,0,0,1,0,0,0,0,0,0,0,0,0,0
https://attyahoo-mail-104504.weeblysite.com/,0,1,0,0,0,0,1,0,1,1,1,0,1,0,0,0,0,0,0,0
https://www.pinakothek.de,0,1,0,0,0,0,0,0,0,1,1,0,1,0,0,1,0,0,1,1
https://amzon.co.jp.quadrocoptertest.com/,0,1,0,1,0,0,1,0,1,1,0,0,0,0,0,0,0,0,0,0
https://www.auctionexport.com,0,1,0,0,0,0,0,0,1,1,0,0,1,1,0,1,1,1,1,1
https://www.bi4all.pt,0,1,0,0,0,0,0,0,0,1,1,1,1,1,0,1,1,0,1,1
https://www.bmvc2021-virtualconference.com,0,1,0,0,0,0,1,0,1,1,1,0,1,1,0,0,1,0,1,1
https://metafbhelpp1.web.app/,0,1,0,0,0,0,1,0,0,0,0,0,0,0,0,0,0,0,0,0
https://sbibabkhdr.web.app/,0,1,0,0,0,0,1,0,0,1,0,0,1,0,0,0,0,0,0,0
https://www.powerpacplus.org,0,1,0,0,0,0,0,0,0,1,1,1,1,1,1,1,1,1,1,1
http://www.tasagodigital.com,0,0,0,0,0,0,0,0,1,1,0,0,1,0,0,0,0,0,0,0
https://llink.to/?u=https://sitedasaude.com/i/example@example.com,0,1,0,0,1,1,1,0,0,0,0,0,0,0,0,0,0,0,0,0
https://www.universalstudios.com,0,1,0,0,0,0,0,0,1,1,1,0,1,1,0,1,0,0,1,1
https://1b89o2.cyou/,0,1,0,0,0,0,1,0,0,0,1,0,1,0,0,0,0,0,0,0
http://www.emmake.fburl.fun,0,0,0,1,0,0,1,0,0,1,0,0,0,0,0,0,0,0,0,0
https://metasupport100238947581.web.app/,0,1,0,0,0,0,1,0,0,1,0,0,1,0,0,0,0,0,0,0
https://project2b-2beed.web.app/,0,1,0,0,0,0,1,0,0,1,0,0,1,0,0,0,0,0,0,0
http://theentrepreneursstudio.blogspot.com,0,0,0,0,0,0,1,0,1,1,0,0,0,0,0,0,0,0,0,0
https://www.haydenjames.io,0,1,0,0,0,0,0,0,0,1,0,1,1,1,0,1,0,0,1,1
https://dev-validacionbancariainmediaata.pantheonsite.io,0,1,0,0,0,0,1,0,0,1,0,0,1,0,0,0,1,1,1,0
http://www.hazelmobile.com,0,0,0,0,0,0,0,0,1,0,0,0,0,0,0,0,0,0,0,0
https://www.ejebleje.work.gd/inbox.htm,0,1,0,1,0,0,1,0,0,1,0,0,1,0,0,0,1,1,1,0
https://www.pinehills.com,0,1,0,0,0,0,0,0,1,1,0,1,1,1,0,1,0,0,1,1
https://www.couponsaregreat.net,0,1,0,0,0,0,0,0,0,1,0,1,1,1,1,1,1,0,1,1
http://www.yyurh.cannca.shop,0,0,0,1,0,0,1,0,0,1,0,0,0,0,0,0,0,0,0,0
http://www.outstandingessay.com,0,0,0,0,0,0,0,0,1,0,0,0,0,0,0,0,0,0,0,0
https://www.paradechiropractic.com.au,0,1,0,1,0,0,1,0,0,1,1,1,1,1,0,1,1,0,1,1
http://www.kilu.de,0,0,0,0,0,0,0,0,0,0,0,0,0,0,0,0,0,0,0,0
https://www.marcellanyc.com,0,1,0,0,0,0,0,0,1,1,1,0,1,1,1,1,1,1,1,1
http://www.flordeitabo.com,0,0,0,0,0,0,0,0,1,1,0,0,0,0,0,0,0,0,0,0
https://www.berlin-die-hauptstadt.de,0,1,0,0,0,0,1,0,0,1,1,1,1,1,0,0,0,0,1,1
https://www.radiosrichinmoy.org,0,1,0,0,0,0,0,0,0,1,0,1,1,0,0,0,1,0,1,1
https://www.burnbyrebecca.com,0,1,0,0,0,0,0,0,1,1,1,0,1,1,0,1,1,1,1,1
https://tracker01.s3.amazonaws.com/autth.html,0,1,0,1,0,0,1,0,1,0,0,0,0,0,0,0,0,0,0,0
https://o6498w.webwave.dev/,0,1,0,0,0,0,1,0,0,1,0,0,0,1,0,0,0,0,0,0
http://www.merkadito.mx,0,0,0,0,0,0,0,0,0,0,0,0,0,0,0,0,0,0,0,0
https://www.nanotech-now.com,0,1,0,0,0,0,1,0,1,1,1,0,1,1,0,1,1,0,1,1
https://www.hcgoncology.com,0,1,0,0,0,0,0,0,1,1,1,1,1,1,0,1,1,0,1,1
https://www.continental-automotive.com,0,1,0,0,0,0,1,0,1,1,1,0,1,1,0,1,1,0,1,1
https://www.allahabadhighcourt.in,0,1,0,0,0,0,0,0,0,1,0,0,1,0,1,0,1,0,0,1
https://www.al-shia.org,0,1,0,0,0,0,1,0,0,1,0,0,0,0,0,0,0,0,0,1
https://bafybeiduqpv4atyohkgxrtyvy5zxxdym552dffpwmvehe27tzaaeddkuya.ipfs.dweb.link/#x@x.com,0,1,0,1,0,0,1,0,0,1,0,0,1,0,0,0,1,1,1,0
https://www.web-engine.it,0,1,0,0,0,0,1,0,0,1,0,0,1,1,0,0,0,0,1,1
https://www.getray.com,0,1,0,0,0,0,0,0,1,1,0,1,1,1,0,1,1,0,1,1
https://www.sdp-si.com,0,1,0,0,0,0,1,0,1,1,1,1,1,1,0,1,0,0,1,1
https://www.vanalphenschoenen.com,0,1,0,0,0,0,0,0,1,1,1,0,0,1,0,1,1,0,1,1
https://www.maranalocksmith.net,0,1,0,0,0,0,0,0,0,1,0,1,1,1,0,0,0,0,1,1
https://www.bullitt.org,0,1,0,0,0,0,0,0,0,1,1,1,1,1,0,0,1,0,1,1
https://orange-id3.yolasite.com/,0,1,0,0,0,0,1,0,1,1,0,0,1,1,0,0,0,0,0,0
https://www.paragon-software.com,0,1,0,0,0,0,1,0,1,1,0,0,1,1,0,1,1,0,1,1
http://www.bbistrovantonbb.com,0,0,0,0,0,0,0,0,1,1,0,0,0,0,0,0,0,0,0,0
http://personasbancobcr.iceiy.com/,0,0,0,0,0,0,1,0,1,0,0,0,0,0,0,0,0,0,0,0
https://www.dafclub.nl,0,1,0,0,0,0,0,0,0,1,1,1,1,0,0,1,0,0,1,1
https://www.lungenfibroseforum.at,0,1,0,0,0,0,0,0,0,1,1,1,1,1,0,1,1,0,0,1
https://www.ajiunit.com,0,1,0,0,0,0,0,0,1,1,1,1,1,1,0,1,1,0,0,1
https://www.localnewser.com,0,1,0,0,0,0,0,0,1,1,1,0,0,1,0,1,1,0,1,1
https://www.patchwork-huset.dk,0,1,0,0,0,0,1,0,0,1,0,1,1,1,0,0,1,0,0,1
https://ofarmericano.bancok.repl.co/,0,1,0,1,0,0,1,0,0,1,0,0,0,0,0,0,0,0,0,0
https://www.bahzani.net,0,1,0,0,0,0,0,0,0,1,0,1,1,0,1,0,1,1,0,1
http://www.itinfo.firefoxupdata.com,0,0,0,1,0,0,1,0,1,0,0,0,0,0,0,0,0,0,0,0
https://wvvwaave.com/airdrop2/,0,1,0,0,0,0,1,0,1,1,0,0,1,0,0,0,0,0,0,0
http://sing-up-daviplat.vastserve.com/?i=1,0,0,0,0,1,1,1,0,1,0,0,0,0,0,0,0,0,0,0,0
http://www.saiaoon-co-jp.aeseose.rpgjkv.top/jp.php,0,0,0,1,0,0,1,0,0,1,0,0,0,0,0,0,0,0,0,0
https://www.creativeuncut.com,0,1,0,0,0,0,0,0,1,1,1,0,1,1,0,1,1,0,1,1
https://mynembercard.point.soumu.jo.mvcc.top/,0,1,0,1,0,0,1,0,0,1,0,0,0,0,0,0,0,0,0,0
https://www.excal.on.ca,0,1,0,1,0,0,1,0,0,1,1,1,1,1,0,1,1,0,0,1
https://www.npstc.org,0,1,0,0,0,0,0,0,0,1,0,0,1,0,0,1,1,0,1,1
https://ustbonus.com/,0,1,0,0,0,0,0,0,1,1,0,0,0,0,0,0,0,0,0,0
https://www.mcintoshlabs.com,0,1,0,0,0,0,0,0,1,1,1,0,1,1,0,1,1,0,1,1
https://www.terracotta-panel.com,0,1,0,0,0,0,1,0,1,1,0,1,1,1,1,1,1,0,1,1
https://att-5471.formaloo.net/att7,0,1,0,0,0,0,1,0,0,1,0,0,0,0,0,0,1,0,0,0
https://complexitesujets-augmenter.firebaseapp.com/,0,1,0,0,0,0,1,0,1,1,0,0,1,0,0,0,0,0,0,0
https://www.woodburnpress.com,0,1,0,0,0,0,0,0,1,1,1,1,1,1,0,0,1,0,1,1
https://www.ottawacountyauditor.org,0,1,0,0,0,0,0,0,0,1,0,0,1,1,0,0,0,0,1,1
https://www.shemesh.co.il,0,1,0,1,0,0,1,0,0,1,0,1,1,1,0,1,0,0,0,1
https://www.selfgrowth.com,0,1,0,0,0,0,0,0,1,1,1,0,0,1,0,1,1,1,1,1
http://www.bet988d.com,0,0,0,0,0,0,0,0,1,1,0,0,0,0,0,0,0,0,0,0
https://www.communitiesinbloom.ca,0,1,0,0,0,0,0,0,0,1,0,1,1,1,1,1,0,0,1,1
http://www.redcrossco.com,0,0,0,0,0,0,0,0,1,1,0,0,0,0,0,0,0,0,0,0
http://www.baranevents.com,0,0,0,0,0,0,0,0,1,1,0,0,0,0,0,0,0,0,0,0
http://www.pamelathomas2020.com,0,0,0,0,0,0,0,0,1,0,0,0,0,0,0,0,0,0,0,0
http://www.omgwowxisc.ga,0,0,0,0,0,0,0,0,0,1,0,0,0,0,0,0,0,0,0,0
https://www.peoplesflowers.com,0,1,0,0,0,0,0,0,1,1,1,0,1,1,0,1,1,0,1,1
https://www.ebarnett.com,0,1,0,0,0,0,0,0,1,1,1,0,1,0,0,0,1,1,1,1
https://www.travelmallnews.com,0,1,0,0,0,0,0,0,1,1,1,1,1,1,0,1,1,1,1,1
https://inezkelley-1317634057.cos.na-siliconvalley.myqcloud.com/inezkelley.html,0,1,0,1,0,0,1,0,1,0,0,0,0,0,0,0,0,0,0,0
https://www.reggioregister.com,0,1,0,0,0,0,0,0,1,1,1,0,1,1,0,0,1,1,1,1
https://20-255-15-193.cprapid.com/hype/disconoscimento/,0,1,0,0,0,0,1,0,1,1,0,0,1,0,0,0,0,0,1,0
https://www.wyoroad.info,0,1,0,0,0,0,0,0,0,1,0,0,0,1,0,1,0,0,1,1
http://www.user-update-app-v-12.web.app,0,0,0,1,0,0,1,0,0,0,0,0,0,0,0,0,0,0,0,0
http://www.trueliebe.com,0,0,0,0,0,0,0,0,1,1,0,0,1,0,0,0,0,0,0,0
https://aol-101094.weeblysite.com/,0,1,0,0,0,0,1,0,1,1,1,0,1,0,0,0,0,0,0,0
https://www.sizerpro.cherry-design.com,0,1,0,1,0,0,1,0,1,1,1,0,1,1,0,0,0,0,1,1
http://www.eblaghi-irm.ml,0,0,0,0,0,0,1,0,0,1,0,0,0,0,0,0,0,0,0,0
https://www.happenstancepress.com,0,1,0,0,0,0,0,0,1,1,0,0,1,1,0,1,1,0,1,1
http://cp96714.tw1.ru/,0,0,0,0,0,0,1,0,0,1,0,0,0,0,0,0,0,0,0,0
https://www.tripoli.k12.ia.us,0,1,0,1,0,0,1,0,0,1,0,0,1,0,0,1,0,0,1,1
https://www.homegoodsgalore.com,0,1,0,0,0,0,0,0,1,1,0,0,1,1,0,1,1,1,1,1
https://www.alachuatemple.com,0,1,0,0,0,0,0,0,1,1,0,1,1,0,0,1,1,0,1,1
https://maildinshaakckjnw504.web.app/,0,1,0,0,0,0,1,0,0,1,0,0,1,0,0,0,0,0,0,0
https://www.slimjimstudios.com,0,1,0,0,0,0,0,0,1,1,1,0,1,1,0,1,0,0,1,1
https://www.vincennes.fr,0,1,0,0,0,0,0,0,0,1,1,0,1,1,0,1,1,0,0,1
https://www.theinformationdaily.com,0,1,0,0,0,0,0,0,1,1,0,0,1,1,0,0,1,0,1,1
http://www.ixh.pnhwq.com,0,0,0,1,0,0,1,0,1,0,0,0,0,0,0,0,0,0,0,0
https://www.michelinman.com,0,1,0,0,0,0,0,0,1,1,1,0,1,1,0,1,1,0,1,1
http://www.amazcaom-co-jp.amazzeocn.77271.top,0,0,0,1,0,0,1,0,0,0,1,0,1,0,0,0,0,0,0,0
http://www.madpath.com,0,0,0,0,0,0,0,0,1,0,0,0,0,0,0,0,0,0,0,0
https://www.airnewstimes.com,0,1,0,0,0,0,0,0,1,1,1,1,1,1,1,1,1,1,1,1
http://tatjana-nekrasov.de/sw,0,0,0,0,0,0,1,0,0,1,0,1,1,0,0,0,1,0,0,0
http://www.itinfo.com,0,0,0,0,0,0,0,0,1,1,0,0,0,0,0,0,0,0,0,0
https://www.cooperorthodontics.com,0,1,0,0,0,0,0,0,1,1,1,1,1,1,0,1,0,0,1,1
https://www.rapaki.de,0,1,0,0,0,0,0,0,0,1,0,0,1,0,0,1,0,0,0,1
https://www.jizlee.com,0,1,0,0,0,0,0,0,1,1,0,1,1,1,0,0,1,0,1,1
http://www.sarane-nan.gq,0,0,0,0,0,0,1,0,0,1,0,0,0,0,0,0,0,0,0,0
https://www.boutiqueacademia.com,0,1,0,0,0,0,0,0,1,1,1,1,0,1,0,1,1,1,1,1
https://www.frenchkissrecords.com,0,1,0,0,0,0,0,0,1,1,1,0,1,1,0,1,1,0,0,1
http://www.bluenery.com,0,0,0,0,0,0,0,0,1,0,0,0,0,0,0,0,0,0,0,0
https://www.modernmasters.com,0,1,0,0,0,0,0,0,1,1,1,0,1,1,0,1,1,0,1,1
https://www.heavenlygreens.com,0,1,0,0,0,0,0,0,1,1,1,0,1,1,0,1,0,0,1,1
http://www.myappshare.xyz,0,0,0,0,0,0,0,0,0,1,0,0,0,0,0,0,0,0,0,0
http://www.viewi.publicvm.com,0,0,0,1,0,0,1,0,1,1,0,0,0,0,0,0,0,0,0,0
https://www.scottishaustralianheritagecouncil.com.au,0,1,0,1,0,0,1,0,0,1,1,1,1,1,0,1,0,0,1,1
http://www.panslimiterd.com,0,0,0,0,0,0,0,0,1,1,0,0,0,0,0,0,0,0,0,0
http://www.kueronekayacotn-co-jp.kueronekayacotn.kvzcny.top/ai/request_sender_one.php,0,0,0,1,0,0,1,0,0,0,0,0,0,0,0,0,0,0,0,0
http://serviceorange8.mystrikingly.com/,0,0,0,0,0,0,1,0,1,1,0,0,0,0,0,0,0,0,0,0
https://dev-banco-fassil13.pantheonsite.io/,0,1,0,0,0,0,1,0,0,1,0,0,0,0,0,0,0,0,0,0
https://pub-e14ed7fe0e22491fb9e5779612c58f09.r2.dev/approved.html,0,1,0,0,0,0,1,0,0,0,0,0,0,0,0,0,0,0,0,0
https://www.nodeunblocker.net,0,1,0,0,0,0,0,0,0,1,0,0,0,0,0,0,0,0,0,0
http://www.universalonline.com,0,0,0,0,0,0,0,0,1,0,0,0,0,0,0,0,0,0,0,0
https://277e7357-39ff-40d4-8e3b-e6c9540696c7.id.repl.co,0,1,0,1,0,0,1,0,0,1,0,0,0,0,0,0,0,0,0,0
https://www.unileverfoodsolutions.lk,0,1,0,0,0,0,0,0,0,1,0,1,1,1,0,1,1,1,1,1
https://maildinshaakckjnw407.web.app/,0,1,0,0,0,0,1,0,0,1,0,0,1,0,0,0,0,0,0,0
https://www.hsa-haiku.org,0,1,0,0,0,0,1,0,0,1,1,0,0,1,0,1,1,0,1,1
https://4host-short-supporto-italia.cfolks.pl/bper-supporto/mobile/public/webapp/digital-login/,0,1,0,0,0,0,1,0,0,1,0,0,1,0,0,0,0,0,0,0
https://www.agile2008.org,0,1,0,0,0,0,0,0,0,1,0,1,1,0,0,1,1,0,0,1
http://my-site-105469-109034.square.site/,0,0,0,0,0,0,1,0,0,1,0,0,0,0,0,0,0,0,0,0
https://www.europa-nu.nl,0,1,0,0,0,0,1,0,0,1,1,0,1,1,0,1,1,0,1,1
https://www.horizons-mag.ch,0,1,0,0,0,0,1,0,0,1,1,1,1,1,0,1,1,0,1,1
https://att-107734-104966.weeblysite.com/,0,1,0,0,0,0,1,0,1,1,0,0,0,0,0,0,0,0,0,0
http://bafybeifpu67j4ffqrn2p63zxlqdry5tbqdielb5zxeomf7sodaiunyltea.ipfs.dweb.link/,0,0,0,1,0,0,1,0,0,1,0,0,0,0,0,0,0,0,0,0
https://thebreakup-album.com/uni/unicredit/carta/,0,1,0,0,0,0,1,0,1,1,0,0,1,0,0,0,0,0,1,0
http://www.service.applesoftupdate.com,0,0,0,1,0,0,1,0,1,0,0,0,0,0,0,0,0,0,0,0
https://www.ronskispeed.com,0,1,0,0,0,0,0,0,1,1,0,1,1,0,0,0,1,0,0,1
https://www.windmillhillcityfarm.org.uk,0,1,0,1,0,0,1,0,0,1,0,1,1,1,1,1,1,0,1,1
https://www.mot-art-museum.jp,0,1,0,0,0,0,1,0,0,1,1,0,1,1,0,1,0,0,1,1
https://www.heyitsaura.com,0,1,0,0,0,0,0,0,1,1,1,0,1,1,0,0,0,0,1,1
https://www.inlaksfoundation.org,0,1,0,0,0,0,0,0,0,1,1,1,1,1,0,0,0,0,1,1
https://www.12af.acc.af.mil,0,1,0,1,0,0,1,0,0,1,1,1,1,0,0,1,0,0,0,1
https://www.vvanm.com/,0,1,0,0,0,0,0,0,1,1,1,0,1,0,0,0,0,0,0,0
https://www.edealo.com,0,1,0,0,0,0,0,0,1,1,0,1,1,1,0,1,0,0,1,1
https://www.canstarblue.co.nz,0,1,0,1,0,0,1,0,0,1,0,1,1,1,0,1,0,0,1,1
http://www.xsites-dev.xyz,0,0,0,0,0,0,1,0,0,1,0,1,1,0,0,0,0,0,0,0
https://helpid9855723849185962817.web.app/,0,1,0,0,0,0,1,0,0,0,0,0,0,0,0,0,0,0,0,0
https://www.nyprowrestling.com,0,1,0,0,0,0,0,0,1,1,1,1,1,1,0,1,0,0,1,1
http://mail.captiv8axosinfluencer.com/,0,0,0,0,0,0,1,0,1,1,1,0,1,0,0,0,0,0,0,0
https://www.miamibreastcenter.com,0,1,0,0,0,0,0,0,1,1,1,0,1,1,0,1,1,0,0,1
http://pancakeswap.ltd,0,0,0,0,0,0,0,0,0,0,0,0,0,0,0,0,0,0,0,0
https://www.ygo.be,0,1,0,0,0,0,0,0,0,1,0,1,1,1,0,1,1,0,1,1
https://www.gameberrylabs.com,0,1,0,0,0,0,0,0,1,1,1,1,1,1,0,1,0,0,1,1
https://www.cinejosh.com,0,1,0,0,0,0,0,0,1,1,1,1,1,1,0,1,1,0,1,1
https://www.kristenbaird.com,0,1,0,0,0,0,0,0,1,1,1,0,1,1,0,1,1,1,0,1
http://www.smart-access.net,0,0,0,0,0,0,1,0,0,1,0,0,1,0,0,0,0,0,0,0
https://www.phelpscountyfocus.com,0,1,0,0,0,0,0,0,1,1,0,1,1,1,0,1,1,0,1,1
https://www.profile.cresthillbank.com/login,0,1,0,1,0,0,1,0,1,1,1,0,1,0,0,0,0,0,0,0
http://www.mob0esd.ru,0,0,0,0,0,0,0,0,0,1,0,0,0,0,0,0,0,0,0,0
http://www.66jjyy.com,0,0,0,0,0,0,0,0,1,1,0,0,0,0,0,0,0,0,0,0
https://mentecnologiabpfr.web.app/,0,1,0,0,0,0,1,0,0,1,0,0,0,0,0,0,0,0,0,0
https://www.maithean.com,0,1,0,0,0,0,0,0,1,1,0,0,0,0,0,0,0,0,1,1
http://www.uabayrakua.com,0,0,0,0,0,0,0,0,1,0,0,0,0,0,0,0,0,0,0,0
https://www.salemville.com,0,1,0,0,0,0,0,0,1,1,0,0,0,0,0,1,0,0,1,1
https://a4bb9530-fc33-461a-9985-bd9a5f88beb4.id.repl.co/home.php,0,1,0,1,0,0,1,0,0,1,0,0,0,0,0,0,0,0,0,0
https://www.pahc.com,0,1,0,0,0,0,0,0,1,0,0,1,1,1,0,1,0,0,1,1
https://www.johnsonhouse.org,0,1,0,0,0,0,0,0,0,1,0,1,1,0,0,0,1,0,0,1
https://www.hlavnydennik.sk,0,1,0,0,0,0,0,0,0,1,1,1,1,1,0,1,1,0,0,1
https://www.tekniskamuseet.se,0,1,0,0,0,0,0,0,0,1,1,1,1,1,0,1,1,0,0,1
http://www.netten.ru,0,0,0,0,0,0,0,0,0,0,0,0,0,0,0,0,0,0,0,0
https://www.plavky-pradlo.cz,0,1,0,0,0,0,1,0,0,1,1,1,1,1,0,1,1,0,1,1
http://panelorange.2waky.com/orange,0,0,0,0,0,0,1,0,1,1,0,0,0,0,0,0,0,0,0,0
https://www.merdeka.com,0,1,0,0,0,0,0,0,1,1,1,0,1,1,0,1,1,0,1,1
https://www.irn.ru,0,1,0,0,0,0,0,0,0,1,0,0,1,1,0,0,1,0,1,1
https://owarstmp000001.web.app/,0,1,0,0,0,0,1,0,0,1,0,0,1,0,0,0,0,0,0,0
https://cloudflare-ipfs.com/ipfs/bafybeiewh3pj7xqg6zmcrqggwmmcqw2bd2zlo5c264ojgtvu6xhh27jpha/,0,1,0,0,0,0,1,0,1,0,0,0,0,0,0,0,0,0,0,0
https://noodleking.com.tr/wells/auth/login/present.php,0,1,0,0,0,0,1,0,0,1,0,0,1,0,0,0,0,0,0,0
http://www.linkgen.me,0,0,0,0,0,0,0,0,0,0,0,0,0,0,0,0,0,0,0,0
https://t.co/m8fuyfx0fx,0,1,0,0,0,0,1,0,0,0,0,0,0,0,0,0,0,0,0,0
https://www.dwc.doshisha.ac.jp,0,1,0,1,0,0,1,0,0,1,1,0,1,1,0,1,1,0,1,1
https://www.atlantamagazine.com,0,1,0,0,0,0,0,0,1,1,1,1,0,0,0,1,1,1,1,1
https://www.acm-bcb.org,0,1,0,0,0,0,1,0,0,1,0,0,1,0,0,0,0,0,0,1
http://www.gizelemonteiro.com,0,0,0,0,0,0,0,0,1,0,0,0,0,0,0,0,0,0,0,0
https://www.awholenewlight.com,0,1,0,0,0,0,0,0,1,1,1,0,0,0,0,1,0,0,0,1
http://3656aa.net/,0,0,0,0,0,0,1,0,0,0,0,0,0,0,0,0,0,0,0,0
https://www.nerdfitness.com,0,1,0,0,0,0,0,0,1,1,0,1,1,1,0,0,1,0,1,1
https://www.freofocus.com,0,1,0,0,0,0,0,0,1,1,0,0,0,0,0,0,0,1,0,1
https://www.bse.co.bw,0,1,0,1,0,0,1,0,0,1,0,0,1,0,0,1,1,0,1,1
https://www.industrialartifacts.net,0,1,0,0,0,0,0,0,0,1,1,0,1,1,0,1,1,1,1,1
https://www.sawyerrshousemoneylifestyle.com,0,1,0,0,0,0,0,0,1,1,1,0,0,0,0,1,1,0,1,1
http://edomaiain.com/,0,0,0,0,0,0,0,0,1,0,0,0,0,0,0,0,0,0,0,0
https://www.mylaporetimes.com,0,1,0,0,0,0,0,0,1,1,0,1,1,0,0,1,1,0,1,1
http://www.i-shan.ir,0,0,0,0,0,0,1,0,0,0,0,0,0,0,0,0,0,0,0,0
https://www.lonepack.org,0,1,0,0,0,0,0,0,0,1,1,0,1,1,0,1,1,0,1,1
https://www.neuralit.com,0,1,0,0,0,0,0,0,1,1,1,1,1,1,0,1,1,0,1,1
https://www.nagefederal.org,0,1,0,0,0,0,0,0,0,1,0,1,0,1,0,1,1,0,1,1
https://www.msk-media.com,0,1,0,0,0,0,1,0,1,1,0,0,1,1,0,1,0,0,1,1
https://www.schoolius.com,0,1,0,0,0,0,0,0,1,1,1,0,1,1,0,0,0,0,0,1
https://nekenearsten.firebaseapp.com/,0,1,0,0,0,0,1,0,1,1,0,0,0,0,0,0,0,0,0,0
https://www.zbestlimo.com,0,1,0,0,0,0,0,0,1,1,0,1,1,1,0,1,1,0,1,1
https://www.juraforum.de,0,1,0,0,0,0,0,0,0,1,1,1,0,1,0,1,1,0,1,1
https://www.polnes.ac.id,0,1,0,1,0,0,1,0,0,1,0,0,1,1,0,1,0,0,1,1
http://www.yydj.urlfb.co,0,0,0,1,0,0,1,0,0,1,0,0,0,0,0,0,0,0,0,0
https://www.v33.fr,0,1,0,0,0,0,0,0,0,1,1,1,1,0,0,1,1,0,0,1
https://spk.mtan.com.de/aktivierung,0,1,0,1,0,0,1,0,0,1,0,0,0,0,0,0,0,0,0,0
http://www.4b758c2e938d65bee050.blogspot.com,0,0,0,1,0,0,1,0,1,1,0,0,0,1,0,0,0,0,1,0
https://www.estovadetapas.com,0,1,0,0,0,0,0,0,1,1,1,0,1,1,0,1,1,0,1,1
https://www.bandai.co.jp,0,1,0,1,0,0,1,0,0,1,1,0,1,1,1,1,0,0,1,1
https://www.botanica.airwick.us,0,1,0,1,0,0,1,0,0,1,1,0,1,1,0,1,0,0,1,1
https://www.tlcvision.com,0,1,0,0,0,0,0,0,1,1,1,1,1,1,0,1,1,0,0,1
https://www.theway.org.uk,0,1,0,1,0,0,1,0,0,1,0,0,1,0,0,1,0,0,1,1
http://www.aqadelics.com,0,0,0,0,0,0,0,0,1,1,0,0,1,0,0,0,0,0,0,0
http://www.bangaloretomysoretaxi.com,0,0,0,0,0,0,0,0,1,0,0,0,0,0,0,0,0,0,0,0
https://www.huracanpower.com,0,1,0,0,0,0,0,0,1,1,1,0,1,1,0,1,1,0,1,1
http://www.keliweb.it,0,0,0,0,0,0,0,0,0,1,0,0,0,0,0,0,0,0,0,0
http://www.appointments-online.com,0,0,0,0,0,0,1,0,1,0,0,0,1,0,0,0,0,0,0,0
https://www.worldswithoutend.com,0,1,0,0,0,0,0,0,1,1,0,0,0,1,0,1,1,1,1,1
https://mufg-ao.icu,0,1,0,0,0,0,1,0,0,0,0,0,0,0,0,0,0,0,0,0
https://www.kunstbeeld.nl,0,1,0,0,0,0,0,0,0,1,0,1,1,1,0,0,1,1,1,1
https://www.balancingpieces.com,0,1,0,0,0,0,0,0,1,1,1,1,1,1,1,1,1,0,1,1
https://www.getbeamer.com,0,1,0,0,0,0,0,0,1,1,1,1,1,1,0,1,1,0,1,1
http://www.cosentinoconsult.com.br,0,0,0,1,0,0,1,0,0,0,0,0,0,0,0,0,0,0,0,0
https://www.senate.gov,0,1,0,0,0,0,0,0,0,1,0,0,1,0,0,0,1,0,0,1
https://www.greatlakes-travel.nl,0,1,0,0,0,0,1,0,0,1,0,1,1,1,0,1,1,0,1,1
https://www.allegorygallery.com,0,1,0,0,0,0,0,0,1,1,0,0,1,1,0,1,1,1,1,1
https://wwwinforaknteo.harmonysemi.com/,0,1,0,0,0,0,1,0,1,0,1,0,1,0,0,0,0,0,0,0
https://www.juponetmacaron.fr,0,1,0,0,0,0,0,0,0,1,0,1,1,1,0,1,1,0,1,1
https://www.shipwrights.co.uk,0,1,0,1,0,0,1,0,0,1,0,1,1,1,0,0,1,0,0,1
https://www.museumofthebible.org,0,1,0,0,0,0,0,0,0,1,1,1,1,1,0,1,0,0,1,1
https://athgd48gh98ij8754erct7ybfadcfunnuesb6j8us2i8nhjhgtfdedx.weebly.com/,0,1,0,0,0,0,1,0,1,1,0,1,1,0,0,0,0,0,0,0
https://www.jolienindeklas.com,0,1,0,0,0,0,0,0,1,1,0,0,1,1,1,0,1,1,1,1
https://aol-104964.weeblysite.com/,0,1,0,0,0,0,1,0,1,1,1,0,1,0,0,0,0,0,1,0
https://www.newprofit.org,0,1,0,0,0,0,0,0,0,1,1,1,1,1,0,1,1,0,0,1
https://www.zadarskilist.hr,0,1,0,0,0,0,0,0,0,1,1,1,1,0,0,1,1,0,0,1
https://www.villadirect.com,0,1,0,0,0,0,0,0,1,1,1,0,1,1,0,1,1,0,1,1
https://vchuff.com/1/?help-verify-page,0,1,0,0,0,1,1,0,1,1,0,0,0,0,0,0,0,0,0,0
https://www.skyhorsepublishing.com,0,1,0,0,0,0,0,0,1,1,0,1,1,0,0,1,1,0,1,1
https://post-zustellung-bbe92.firebaseapp.com/,0,1,0,0,0,0,1,0,1,1,0,0,1,0,0,0,0,0,0,0
http://www.kiss58.org,0,0,0,0,0,0,0,0,0,0,0,0,0,0,0,0,0,0,0,0
https://www.mistakey.com,0,1,0,0,0,0,0,0,1,1,0,0,1,1,0,0,0,0,0,1
https://www.vorresmuseum.gr,0,1,0,0,0,0,0,0,0,1,0,0,1,0,0,1,0,0,1,1
https://which0x0021.web.app/,0,1,0,0,0,0,1,0,0,1,0,0,1,0,0,0,0,0,0,0
http://www.hearbreakingfizz.top,0,0,0,0,0,0,0,0,0,1,0,0,0,1,0,0,0,0,0,0
https://bafybeie6svawja2gyrcrfm2lbc4po464yrhkrmchjiutmelrqjinj2qx7a.ipfs.cf-ipfs.com/,0,1,0,1,0,0,1,0,1,0,0,0,0,0,0,0,1,0,1,0
https://www.digitalproducer.com,0,1,0,0,0,0,0,0,1,1,0,1,1,0,0,0,1,1,1,1
https://www.alma-mahler.com,0,1,0,0,0,0,1,0,1,1,0,1,0,1,0,0,0,0,1,1
https://www.carshireuk.com,0,1,0,0,0,0,0,0,1,1,1,0,1,1,0,1,0,0,1,1
https://www.d-jolly.com,0,1,0,0,0,0,1,0,1,1,0,0,1,1,0,1,1,0,1,1
https://bowel67.weeblysite.com/,0,1,0,0,0,0,1,0,1,1,0,0,0,0,0,0,0,0,0,0
https://bafybeigv3hocxjqwop2a7hv4a2zoiesjjqdags5j4xctlu2t5rqngzwgja.ipfs.dweb.link/,0,1,0,1,0,0,1,0,0,0,0,0,0,0,0,0,0,0,0,0
https://pwl3sj.webwave.dev/,0,1,0,0,0,0,1,0,0,1,0,0,0,1,0,0,0,0,0,0
https://www.tramsa.gr,0,1,0,0,0,0,0,0,0,1,1,1,1,1,0,0,0,0,1,1
https://www.pulleez.com,0,1,0,0,0,0,0,0,1,1,0,0,1,1,0,1,1,1,1,1
https://www.thejerichomovement.com,0,1,0,0,0,0,0,0,1,1,0,0,1,0,0,1,1,0,1,1
https://www.kedst.ac.uk,0,1,0,1,0,0,1,0,0,1,0,1,1,1,0,1,1,0,1,1
https://www.onepay.lk,0,1,0,0,0,0,0,0,0,1,1,0,1,0,0,1,0,0,1,1
https://www.blackheath.org,0,1,0,0,0,0,0,0,0,1,1,0,1,1,0,1,1,0,0,1
https://www.familykingdomfun.com,0,1,0,0,0,0,0,0,1,1,1,1,1,1,0,1,0,0,1,1
https://www.myscience.uk,0,1,0,0,0,0,0,0,0,1,1,0,1,1,1,1,1,1,1,1
http://www.originalsbrands.com,0,0,0,0,0,0,0,0,1,0,0,0,0,0,0,0,0,0,0,0
https://hjds-ghj-dfh23.firebaseapp.com/,0,1,0,0,0,0,1,0,1,1,0,0,1,0,0,0,0,0,0,0
https://www.zimjs.com,0,1,0,0,0,0,0,0,1,1,1,0,1,1,0,1,0,0,1,1
http://www.sharefinding.nowurl.fun,0,0,0,1,0,0,1,0,0,1,0,0,0,0,0,0,0,0,0,0
https://www.gildia.pl,0,1,0,0,0,0,0,0,0,1,0,0,1,1,0,1,1,0,1,1
http://www.oracleupdate.dns04.com,0,0,0,1,0,0,1,0,1,1,0,0,0,0,0,0,0,0,0,0
https://www.vprecords.com,0,1,0,0,0,0,0,0,1,1,1,1,1,0,0,1,1,0,1,1
https://www.thearduinoclassroom.com,0,1,0,0,0,0,0,0,1,1,0,0,1,0,0,1,1,0,1,1
http://kdbryfhew.square.site/,0,0,0,0,0,0,1,0,0,1,0,0,0,0,0,0,0,0,0,0
https://www.ostrach.de,0,1,0,0,0,0,0,0,0,1,1,0,1,1,0,0,1,0,1,1
http://www.hvjaoahgv.site,0,0,0,0,0,0,0,0,0,1,0,0,0,0,0,0,0,0,0,0
https://www.beantreelearning.com,0,1,0,0,0,0,0,0,1,1,1,0,1,1,0,1,1,0,0,1
http://www.mmk.urlfb.co,0,0,0,1,0,0,1,0,0,1,0,0,0,0,0,0,0,0,0,0
http://festive-bell.23-147-225-74.plesk.page/googles-lipomte.php,0,0,0,1,0,0,1,0,0,1,0,0,0,0,0,0,0,0,0,0
https://www.childrensbooksandreviews.com,0,1,0,0,0,0,0,0,1,1,0,1,1,1,0,0,1,0,1,1
https://www.distill.com,0,1,0,0,0,0,0,0,1,1,0,0,0,1,0,0,0,0,1,1
https://maildinshaakckjnw380.firebaseapp.com/,0,1,0,0,0,0,1,0,1,1,0,0,1,0,0,0,0,0,0,0
https://fx164fax08022022fax-1310019602.cos.eu-frankfurt.myqcloud.com/apps.htm,0,1,0,1,0,0,1,0,1,1,0,0,1,1,0,0,1,1,0,0
https://still-lab-b849.kosaci4411.workers.dev/,0,1,0,1,0,0,1,0,0,0,0,0,0,0,0,0,0,0,0,0
http://www.fast.fbcode.co,0,0,0,1,0,0,1,0,0,1,0,0,0,0,0,0,0,0,0,0
http://www.cinz.de,0,0,0,0,0,0,0,0,0,1,0,0,0,0,0,0,0,0,0,0
https://www.akpress.org,0,1,0,0,0,0,0,0,0,1,1,1,1,1,1,1,1,0,0,1
https://www.doylecollection.com,0,1,0,0,0,0,0,0,1,1,1,1,1,1,0,1,1,1,1,1
https://www.radyofm60.com,0,1,0,0,0,0,0,0,1,1,0,1,1,1,0,0,1,0,0,1
http://www.yousearchthebestnow.info,0,0,0,0,0,0,0,0,0,1,0,0,0,0,0,0,0,0,0,0
https://www.cemf.ca,0,1,0,0,0,0,0,0,0,1,1,0,1,1,0,1,1,0,1,1
http://mail.jila.se///vex7/hinet.html,0,0,0,0,0,0,1,0,0,1,0,0,0,0,0,0,0,0,0,0
https://www.signmesh.com,0,1,0,0,0,0,0,0,1,1,1,1,1,0,0,1,1,0,1,1
https://att-104569.square.site/,0,1,0,0,0,0,1,0,0,1,0,0,1,0,0,0,0,0,0,0
https://www.explorra.com,0,1,0,0,0,0,0,0,1,1,1,0,1,1,0,1,1,0,1,1
https://www.ysdesign.jp,0,1,0,0,0,0,0,0,0,1,0,1,0,1,0,1,1,0,1,1
https://www.zowietek.com,0,1,0,0,0,0,0,0,1,1,0,1,1,1,0,1,1,0,1,1
http://www.samp-shop.zzz.com.ua,0,0,0,1,0,0,1,0,0,1,1,0,1,0,0,0,0,0,0,0
http://cz.ceskysystem.situationcrude.co.in/vip/cz/4184/?bet=28368923,0,0,0,1,1,1,1,0,0,1,1,0,1,0,0,0,1,1,1,0
https://www.assamonline.in,0,1,0,0,0,0,0,0,0,1,0,1,1,1,0,1,1,1,1,1
https://www.newsdaytonabeach.com,0,1,0,0,0,0,0,0,1,1,1,0,1,1,0,1,0,0,1,1
https://www.brooklynpaper.com,0,1,0,0,0,0,0,0,1,1,0,1,1,1,0,1,1,0,1,1
https://www.raghavm.com,0,1,0,0,0,0,0,0,1,1,1,0,1,0,0,1,1,0,1,1
https://www.little-raven.com,0,1,0,0,0,0,1,0,1,1,1,0,1,0,0,1,1,0,1,1
http://www.maildeliveryagent.com,0,0,0,0,0,0,0,0,1,1,0,0,0,0,0,0,0,0,0,0
https://www.adesignmedia.com,0,1,0,0,0,0,0,0,1,1,1,0,1,0,0,1,1,0,1,1
https://www.srchinelo.com.br,0,1,0,1,0,0,1,0,0,1,1,1,1,1,0,1,1,1,1,1
https://www.eitvcloud.com,0,1,0,0,0,0,0,0,1,1,1,0,1,1,0,1,1,1,1,1
https://mail.deliverylifesupport.com/public/zbudefw2y9cjs8vdarxqvrdttqtkpyci,0,1,0,0,0,0,1,0,1,1,0,0,0,0,0,0,0,0,0,0
http://www.laotiantimes.com,0,0,0,0,0,0,0,0,1,1,0,0,0,0,0,0,0,0,0,0
https://www.momentos-loveshop.es,0,1,0,0,0,0,1,0,0,1,1,0,0,1,0,1,1,0,0,1
https://www.app.ciaoz2u.com,0,1,0,1,0,0,1,0,1,1,0,0,1,1,0,1,0,0,1,1
https://yahoo-103795.weeblysite.com/,0,1,0,0,0,0,1,0,1,1,1,0,1,0,0,0,0,0,0,0
http://ff.member.garerna.vn/hd2eoiblcqn74hdeq8xxeigdirclex8ccrw2eodcadrasfcwnm0ddccv0jhk8sxrfcq2hyowifqaitz4j3ajmjxgckawqztuv4r9_index/*,0,0,0,1,0,0,1,0,0,1,0,0,1,0,0,0,0,0,0,0
https://www.popeyescanada.com,0,1,0,0,0,0,0,0,1,1,1,0,1,1,0,1,1,0,1,1
https://boudaiwinnaxel.firebaseapp.com/,0,1,0,0,0,0,1,0,1,1,0,0,0,0,0,0,0,0,0,0
https://ccmoney.pro/auth.php,0,1,0,0,0,0,1,0,0,0,0,0,0,0,0,0,0,0,0,0
https://www.elshanesworld.com,0,1,0,0,0,0,0,0,1,1,1,0,1,1,0,1,1,0,0,1
https://www.icelandicfestival.com,0,1,0,0,0,0,0,0,1,1,0,0,1,0,0,1,1,0,1,1
https://www.blueistyleblog.com,0,1,0,0,0,0,0,0,1,1,1,1,1,1,0,1,1,0,1,1
https://www.virginiacitymt.com,0,1,0,0,0,0,0,0,1,1,0,0,0,0,0,0,0,0,0,1
https://www.chinadp.net.cn,0,1,0,1,0,0,1,0,0,1,0,0,0,1,0,0,1,0,1,1
https://arubahost.it.sell.20-57-10-180.cprapid.com/it/and/fatturazione-3/index.php?page=,0,1,0,1,0,1,1,0,1,1,0,0,0,0,0,0,1,1,0,0
http://www.huffingtontribune.com,0,0,0,0,0,0,0,0,1,0,0,0,0,0,0,0,0,0,0,0
http://www.jiaozi.hurb.fun,0,0,0,1,0,0,1,0,0,1,0,0,0,0,0,0,0,0,0,0
http://www.vipteck.com,0,0,0,0,0,0,0,0,1,1,0,0,0,0,0,0,0,0,0,0
https://page-loading-pro-9849e.web.app/,0,1,0,0,0,0,1,0,0,0,0,0,0,0,0,0,0,0,0,0
http://www.panzey.com,0,0,0,0,0,0,0,0,1,1,0,0,0,0,0,0,0,0,0,0
https://qwas-26150.web.app/,0,1,0,0,0,0,1,0,0,1,0,0,1,0,0,0,0,0,0,0
http://www.digitalgroupe.com,0,0,0,0,0,0,0,0,1,1,0,1,1,1,0,0,0,0,0,0
https://www.riccardomuti.com,0,1,0,0,0,0,0,0,1,1,1,1,1,1,0,1,1,0,1,1
https://www.dhl.secure-redeliver.com/,0,1,0,1,0,0,1,0,1,1,0,0,1,0,0,0,0,0,0,0
https://www.grace.com,0,1,0,0,0,0,0,0,1,1,0,0,1,1,0,1,0,0,1,1
https://srbixreasfpbrtkblqxc11.z20.web.core.windows.net/,0,1,0,1,0,0,1,0,0,0,0,0,0,0,0,0,0,0,0,0
https://www.libd.org,0,1,0,0,0,0,0,0,0,1,1,1,1,0,0,1,1,0,1,1
https://www.vector.co.jp,0,1,0,1,0,0,1,0,0,1,1,0,0,1,0,0,1,0,1,1
https://www.yergler.net,0,1,0,0,0,0,0,0,0,1,0,1,1,0,0,0,1,0,1,1
https://www.wineswithattitude.co.uk,0,1,0,1,0,0,1,0,0,1,1,0,1,1,0,1,1,0,1,1
https://vsq214.webwave.dev/,0,1,0,0,0,0,1,0,0,1,0,0,0,1,0,0,0,0,0,0
http://www.mission-renovation.fr,0,0,0,0,0,0,1,0,0,0,0,0,0,0,0,0,0,0,0,0
http://www.aedl-iran.ga,0,0,0,0,0,0,1,0,0,1,0,0,0,0,0,0,0,0,0,0
http://www.supercravings.com,0,0,0,0,0,0,0,0,1,0,0,0,0,0,0,0,0,0,0,0
https://www.chessvariants.org,0,1,0,0,0,0,0,0,0,1,0,0,1,1,0,1,1,0,0,1
http://www.quvve-qazaiie.cf,0,0,0,0,0,0,1,0,0,1,0,0,0,0,0,0,0,0,0,0
https://mtonline-info.web.app/,0,1,0,0,0,0,1,0,0,1,0,0,1,0,0,0,0,0,0,0
http://cc47650.tw1.ru/2d424ed358af850/login.php?particulier,0,0,0,0,0,1,1,0,0,1,0,0,0,0,0,0,0,0,0,0
http://www.yrujfbj.cannca.shop,0,0,0,1,0,0,1,0,0,1,0,0,0,0,0,0,0,0,0,0
https://www.queenslandshows.com.au,0,1,0,1,0,0,1,0,0,1,0,1,1,0,1,1,1,0,1,1
http://www.qweqwe.com,0,0,0,0,0,0,0,0,1,1,0,0,0,0,0,0,0,0,0,0
https://www.fashiondwar.com,0,1,0,0,0,0,0,0,1,1,0,0,1,1,0,1,1,1,1,1
https://www.direct3.smbc.co.jp.aib.taobtianmb.com/sanjin/client/index.php,0,1,0,1,0,0,1,0,1,1,0,0,0,0,0,0,0,0,0,0
https://www.idfa.org,0,1,0,0,0,0,0,0,0,1,1,0,1,1,0,1,1,0,1,1
https://www.santaragione.com,0,1,0,0,0,0,0,0,1,1,0,0,0,0,0,0,1,0,1,1
https://yahioio.weeblysite.com/,0,1,0,0,0,0,1,0,1,1,0,0,0,0,0,0,0,0,0,0
https://rgd-accessibledesign-1317634057.cos.na-toronto.myqcloud.com/rgd-accessibledesign.html,0,1,0,1,0,0,1,0,1,0,0,0,0,0,0,0,0,0,0,0
https://view.campanhasbradesco.com.br/?qs=da69879c363b00ff3d9c6947e79fc6a6c96445fb688b20e03f87e53593d057ca0c503485b3725b657e464ef1354c4c3aea489232eeee7a3610d56dc380e4737ca86d394363ded1b7bfc6b6f66b98d52e,0,1,0,1,1,1,1,0,0,0,0,0,0,0,0,0,0,0,0,0
https://ib11.brad-autenticar.co/acesso/?acao=login-inicio,0,1,0,0,1,1,1,0,0,0,0,0,0,0,0,0,0,0,0,0
https://s66tcfd-u.web.app/,0,1,0,0,0,0,1,0,0,1,0,0,1,0,0,0,0,0,0,0
https://www.presentdaygifts.ca,0,1,0,0,0,0,0,0,0,1,1,0,1,1,0,1,1,1,0,1
https://www.cob-net.org,0,1,0,0,0,0,1,0,0,1,1,0,1,1,0,0,0,0,1,1
https://www.onme.cc,0,1,0,0,0,0,0,0,0,1,0,0,0,1,0,1,0,0,1,1
https://www.officielebekendmakingen.nl,0,1,0,0,0,0,0,0,0,1,0,0,1,0,0,0,1,0,0,1
https://www.local1259iaff.org,0,1,0,0,0,0,0,0,0,1,0,1,0,1,0,1,0,0,0,1
https://www.zm.com.br,0,1,0,1,0,0,1,0,0,1,1,0,1,1,0,1,1,0,1,1
http://xngmsqkdvb.duckdns.org,0,0,0,0,0,0,1,0,0,0,0,0,0,0,0,0,0,0,0,0
http://qkjcnsjke23.webcindario.com,0,0,0,0,0,0,1,0,1,0,0,0,0,0,0,0,0,0,0,0
https://www.horsevet.co.uk,0,1,0,1,0,0,1,0,0,1,1,0,1,1,0,1,0,0,1,1
http://www.studentloananalyzer.com,0,0,0,0,0,0,0,0,1,0,0,0,0,0,0,0,0,0,0,0
https://storage.googleapis.com/benm/lev1.html,0,1,0,0,0,0,1,0,1,0,0,0,0,0,0,0,0,0,0,0
https://www.oldtownschool.org,0,1,0,0,0,0,0,0,0,1,1,0,1,1,0,1,0,0,1,1
http://pantomwallet.github.io/,0,0,0,0,0,0,1,0,0,1,0,0,0,0,0,0,0,0,0,0
https://www.gizmobolt.com,0,1,0,0,0,0,0,0,1,1,1,1,1,1,0,1,1,0,1,1
https://bafkreihaaxbkdnbd3ly3ggpewxj75ski2ovll2iodnlq3itep5hj3w723a.ipfs.dweb.link/,0,1,0,1,0,0,1,0,0,1,0,0,1,0,0,0,0,1,0,0
https://www.biojournaal.nl,0,1,0,0,0,0,0,0,0,1,1,0,0,1,0,1,0,0,1,1
https://www.dash.org,0,1,0,0,0,0,0,0,0,1,1,1,1,1,0,1,1,0,0,1
https://ipfs.io/ipfs/bafybeibtzwk4n6aishsypwnt3w5b7wmqeft7gsptjztz6isbqogvt7l7zm/,0,1,0,0,0,0,1,0,0,1,0,0,0,0,0,0,0,0,0,0
https://optimisticinternationalopensoundsystem--isa23e.repl.co/,0,1,0,0,0,0,1,0,0,1,0,0,0,0,0,0,0,0,0,0
https://www.estorage.com.my,0,1,0,1,0,0,1,0,0,1,0,0,1,1,0,1,1,1,1,1
http://1636365.com/assets/40vue.503ff477.js/assets/40emotion.069aa8d1.js/assets/40popperjs.36402333.js/assets/assets/,0,0,0,0,0,0,1,0,1,1,1,0,1,0,0,0,0,0,0,0
https://lechefducartelle.firebaseapp.com/,0,1,0,0,0,0,1,0,1,1,0,0,0,0,0,0,0,0,0,0
https://www.kmkchemicals.com,0,1,0,0,0,0,0,0,1,1,1,0,1,1,0,1,1,0,1,1
http://www.mamj.ru,0,0,0,0,0,0,0,0,0,0,0,0,0,0,0,0,0,0,0,0
https://www.bettenrid.de,0,1,0,0,0,0,0,0,0,1,1,1,1,1,1,1,1,1,0,1
http://www.meditgaming.store,0,0,0,0,0,0,0,0,0,0,0,0,0,0,0,0,0,0,0,0
https://consulta-gratisonline.com/luiza/home.php?userid=13&uri=r2kupi0acpvfunemxtbxrodg6cchqo5/k2k3ydhi3zw=,0,1,0,0,1,1,1,0,1,1,1,0,1,0,0,0,0,1,0,0
https://www.thewire.org.au,0,1,0,1,0,0,1,0,0,1,0,1,1,0,0,1,1,0,0,1
https://www.niktell.com,0,1,0,0,0,0,0,0,1,0,0,0,0,0,0,0,0,0,0,0
https://www.sayulitasol.com,0,1,0,0,0,0,0,0,1,1,0,0,1,1,0,0,1,1,1,1
http://www.f0536887.xsph.ru,0,0,0,1,0,0,1,0,0,1,0,0,0,0,0,0,0,0,0,0
https://www.jamesvilledewitt.org,0,1,0,0,0,0,0,0,0,1,1,1,1,0,0,1,1,0,1,1
https://www.christianfilipina.com,0,1,0,0,0,0,0,0,1,1,0,0,1,0,0,1,1,0,1,1
http://app-vansorces25-xtempt9y7vnt.walq42ghqx-95m32kvll3rv.p.temp-site.link/,0,0,0,1,0,0,1,0,0,1,0,0,1,1,0,0,1,1,1,0
https://www.copanusa.com,0,1,0,0,0,0,0,0,1,1,1,1,1,1,0,1,0,0,1,1
http://www.creemo.pl,0,0,0,0,0,0,0,0,0,1,0,0,0,0,0,0,0,0,0,0
https://www.eesun-group.com,0,1,0,0,0,0,1,0,1,1,0,0,0,1,0,0,0,0,1,1
https://www.501st.com,0,1,0,0,0,0,0,0,1,1,0,0,1,1,0,1,0,0,1,1
https://www.redlasso.com,0,1,0,0,0,0,0,0,1,1,1,1,1,1,0,0,1,0,1,1
https://s3mwp.app.link/1okdiimrgyb,0,1,0,0,0,0,1,0,0,0,0,0,0,0,0,0,0,0,0,0
https://www.sasec.asia,0,1,0,0,0,0,0,0,0,1,0,0,1,1,0,1,1,0,1,1
https://www.ci.ramsey.mn.us,0,1,0,1,0,0,1,0,0,1,1,0,1,1,0,0,0,0,1,1
https://www.andersoncrepaldi.com.br,0,1,0,1,0,0,1,0,0,1,0,0,1,1,0,1,0,0,1,1
https://www.deutschlandreise24.com,0,1,0,0,0,0,0,0,1,1,1,1,1,1,0,1,0,0,1,1
https://www.skichild.com,0,1,0,0,0,0,0,0,1,1,0,1,1,0,1,1,1,0,1,1
https://www.co.lucas.oh.us,0,1,0,1,0,0,1,0,0,1,1,0,1,1,0,0,0,0,1,1
http://www.nikoladavidovic.com,0,0,0,0,0,0,0,0,1,1,0,0,0,0,0,0,0,0,0,0
https://www.musikindustrie.de,0,1,0,0,0,0,0,0,0,1,1,1,1,1,1,1,0,0,1,1
https://community-guidelines-80215.web.app/,0,1,0,0,0,0,1,0,0,1,0,0,1,0,0,0,0,0,0,0
https://www.julian.com,0,1,0,0,0,0,0,0,1,1,0,0,0,0,0,0,1,1,1,1
http://soulda16club2-free.xyz,0,0,0,0,0,0,1,0,0,1,0,0,0,0,0,0,0,0,0,0
https://www.vol369.com,0,1,0,0,0,0,0,0,1,1,0,1,1,1,0,1,1,0,1,1
https://www.ifmaworld.com,0,1,0,0,0,0,0,0,1,1,1,1,1,0,0,1,1,0,1,1
https://www.tragaluzeditores.com,0,1,0,0,0,0,0,0,1,1,1,1,1,0,0,1,1,1,1,1
https://www.ekni-nct.ekint.jbinkn.top,0,1,0,1,0,0,1,0,0,1,0,0,0,0,0,0,0,0,0,0
https://www.cadastre.am,0,1,0,0,0,0,0,0,0,1,1,0,1,1,0,1,1,1,1,1
https://www.asteroidmission.org,0,1,0,0,0,0,0,0,0,1,1,1,1,1,0,1,1,0,1,1
http://www.sousvidemasters.com,0,0,0,0,0,0,0,0,1,1,0,0,1,0,0,0,0,0,0,0
https://helplesslavenderengine--audiosvisutales.repl.co/,0,1,0,0,0,0,1,0,0,1,0,0,0,0,0,0,0,0,0,0
http://www.f0500363.xsph.ru,0,0,0,1,0,0,1,0,0,1,0,0,0,0,0,0,0,0,0,0
https://www.gayout.com,0,1,0,0,0,0,0,0,1,1,0,1,1,1,0,1,1,1,0,1
https://www.northernpen.ca,0,1,0,0,0,0,0,0,0,1,1,1,1,1,0,0,1,0,0,1
https://ucqehvldxdflroneh06.z5.web.core.windows.net/,0,1,0,1,0,0,1,0,0,1,0,0,0,0,0,0,0,0,0,0
https://www.nataschavonhirschhausen.com,0,1,0,0,0,0,0,0,1,1,0,0,1,1,0,1,1,1,1,1
http://assunsa.eshost.com.ar/?i=1,0,0,0,1,1,1,1,0,0,0,0,0,0,0,0,0,0,0,0,0
https://attmailjdj.formaloo.net/s3d0d,0,1,0,0,0,0,1,0,0,1,0,0,0,0,0,0,0,0,0,0
https://updatenow07.wixsite.com/my-site,0,1,0,0,0,0,1,0,1,1,0,1,1,1,0,0,0,0,0,0
http://dch.org.nz/secured/index.html,0,0,0,0,0,0,1,0,0,1,0,0,1,0,0,0,0,1,1,0
http://www.boredpeyachtclub.com,0,0,0,0,0,0,0,0,1,1,0,0,1,0,0,0,0,0,0,0
https://www.gonca.com.tr,0,1,0,1,0,0,1,0,0,1,1,1,1,0,0,1,1,0,1,1
https://www.edesign.com.sa,0,1,0,1,0,0,1,0,0,1,1,0,1,1,0,1,1,0,1,1
https://www.shopmistys.com,0,1,0,0,0,0,0,0,1,1,0,0,1,1,0,0,1,1,1,1
http://www.baileysepictravel.com,0,0,0,0,0,0,0,0,1,0,0,0,0,0,0,0,0,0,0,0
https://pushtan-update.de/,0,1,0,0,0,0,1,0,0,1,1,0,1,0,0,0,0,0,0,0
https://ltauappwyz00.z8.web.core.windows.net/,0,1,0,1,0,0,1,0,0,1,0,0,0,0,0,0,0,0,0,0
https://currentlyattfiles.weebly.com/,0,1,0,0,0,0,1,0,1,1,0,1,1,0,0,0,0,0,0,0
https://att-106162.weeblysite.com/,0,1,0,0,0,0,1,0,1,1,1,0,1,0,0,0,0,0,0,0
https://www.artsfile.ca,0,1,0,0,0,0,0,0,0,1,1,1,1,0,1,1,1,0,1,1
https://maconora-6fff1.web.app/,0,1,0,0,0,0,1,0,0,1,0,0,1,0,0,0,0,0,0,0
https://www.qztv.cn,0,1,0,0,0,0,0,0,0,1,1,0,0,0,0,0,1,0,0,1
https://www.klementewiczdevelopment.com,0,1,0,0,0,0,0,0,1,1,0,1,1,1,0,1,1,0,1,1
http://kfghugkhb.eshost.com.ar/,0,0,0,1,0,0,1,0,0,0,0,0,0,0,0,0,0,0,0,0
https://www.kubiena-kochblog.com,0,1,0,0,0,0,1,0,1,1,1,0,0,0,0,1,0,0,1,1
https://www.cicerone.co.uk,0,1,0,1,0,0,1,0,0,1,1,1,1,1,0,1,1,0,1,1
https://www.ciri.com,0,1,0,0,0,0,0,0,1,1,0,1,1,1,1,1,1,0,1,1
http://uvvfztnyzt.duckdns.org,0,0,0,0,0,0,1,0,0,0,0,0,0,0,0,0,0,0,0,0
https://www.christravelstheworld.com,0,1,0,0,0,0,0,0,1,1,0,1,1,0,0,1,1,0,1,1
https://www.axn-bulgaria.com,0,1,0,0,0,0,1,0,1,1,1,0,1,1,0,1,1,0,1,1
https://www.suparobo.jp,0,1,0,0,0,0,0,0,0,1,1,0,1,1,0,1,0,0,1,1
https://www.saltcorner.com,0,1,0,0,0,0,0,0,1,1,0,1,1,1,0,0,0,0,1,1
https://www.kuerennkayccato-co-jp.kuerennkayccato.xlppzb.top/ai/?authenticated=true&amp;openid/gp/signin/x&amp;i=a&amp;oauth=m&amp;i?ie=utf8&amp;ref_=rhf_custrec_signin17b44efbba44d20ef4b1e2321ff974c0d881feca,0,1,0,1,1,1,1,0,0,1,0,0,1,0,0,0,1,0,1,0
https://www.universallifechurchministers.org,0,1,0,0,0,0,0,0,0,1,1,1,1,1,0,1,0,0,1,1
https://mandt-mobile-banking-alerts.web.app/,0,1,0,0,0,0,1,0,0,0,0,0,0,0,0,0,0,0,0,0
https://www.citizenpoulpe.com,0,1,0,0,0,0,0,0,1,1,0,1,1,1,0,1,0,0,1,1
https://www.igel.de,0,1,0,0,0,0,0,0,0,1,1,1,1,1,0,1,1,0,1,1
https://mute-term-7688.6f8ox4my.workers.dev/,0,1,0,1,0,0,1,0,0,0,0,0,0,0,0,0,0,0,0,0
http://www.zdtpt9aem.cfd,0,0,0,0,0,0,0,0,0,0,0,0,0,0,0,0,0,0,0,0
https://www.balesandwich.com,0,1,0,0,0,0,0,0,1,1,1,0,1,1,0,1,0,0,1,1
https://mandibahauddintradersllc.com/lbp.iaccess/,0,1,0,0,0,0,1,0,1,1,1,0,1,0,0,0,1,1,0,0
http://www.ubuntusofta.com,0,0,0,0,0,0,0,0,1,1,0,0,0,0,0,0,0,0,0,0
https://www.nga.gov,0,1,0,0,0,0,0,0,0,1,1,1,1,1,0,1,1,0,1,1
http://att-108969-108657.weeblysite.com/,0,0,0,0,0,0,1,0,1,1,0,0,0,0,0,0,0,0,0,0
https://www.itnwwe.com,0,1,0,0,0,0,0,0,1,1,0,1,1,1,0,1,1,1,1,1
http://www.staticmemoriesphotography.ca/telstra,0,0,0,0,0,0,1,0,0,1,0,0,0,0,0,0,0,0,0,0
https://www.stenaline.co.uk,0,1,0,1,0,0,1,0,0,1,0,0,1,1,0,0,1,1,1,1
https://www.lvzandstralen.be,0,1,0,0,0,0,0,0,0,1,0,0,1,1,0,1,0,0,0,1
https://wanmutanghm.com/ibg/client/l_home_s.php,0,1,0,0,0,0,1,0,1,0,0,0,0,0,0,0,0,0,0,0
https://www.leanoutmethod.com,0,1,0,0,0,0,0,0,1,1,0,0,1,1,0,1,1,0,1,1
https://www.dinoriese.com,0,1,0,0,0,0,0,0,1,1,0,1,1,1,0,1,0,0,1,1
https://cginzb.com/s/xnpg7vf,0,1,0,0,0,0,1,0,1,1,0,0,1,0,0,0,0,0,0,0
https://www.zwemkroniek.com,0,1,0,0,0,0,0,0,1,1,1,0,1,1,0,1,0,0,1,1
https://www.festivalfinder.eu,0,1,0,0,0,0,0,0,0,1,1,0,1,1,0,1,1,0,1,1
https://cooianbaselog.azurewebsites.net/,0,1,0,0,0,0,1,0,0,1,0,0,1,0,0,0,1,1,0,0
https://www.masella.com,0,1,0,0,0,0,0,0,1,1,1,0,1,1,0,1,1,1,0,1
http://www.smbdecors.com,0,0,0,0,0,0,0,0,1,0,0,0,0,0,0,0,0,0,0,0
https://www.kristenwestlake.net,0,1,0,0,0,0,0,0,0,1,1,0,1,1,0,1,0,0,1,1
http://www.dumps.com,0,0,0,0,0,0,0,0,1,0,0,0,0,0,0,0,0,0,0,0
https://raspy-dew-c3b1.ajdmwrhgk.workers.dev/,0,1,0,1,0,0,1,0,0,0,0,0,0,0,0,0,0,0,0,0
https://www.prsformusic.com,0,1,0,0,0,0,0,0,1,1,1,0,1,1,0,1,1,0,1,1
http://www.hnhd.cannca.shop,0,0,0,1,0,0,1,0,0,1,0,0,0,0,0,0,0,0,0,0
https://www.chateaudemarsac.com,0,1,0,0,0,0,0,0,1,1,1,1,1,1,0,1,1,0,1,1
http://www.a0567657.xsph.ru,0,0,0,1,0,0,1,0,0,1,0,0,0,0,0,0,0,0,0,0
https://www.grado.info,0,1,0,0,0,0,0,0,0,1,1,0,1,1,0,1,0,0,1,1
https://www.denverconcretecompany.net,0,1,0,0,0,0,0,0,0,1,0,0,1,1,0,1,0,0,1,1
http://www.ws006-proxy-ajcryptominer.ajplugins.com,0,0,0,1,0,0,1,0,1,0,0,0,0,0,0,0,0,0,0,0
https://rcfowler2.wixsite.com/my-site,0,1,0,0,0,0,1,0,1,1,0,1,1,1,0,0,0,0,0,0
https://www.whitman.edu,0,1,0,0,0,0,0,0,0,1,1,1,1,1,0,0,1,0,1,1
http://www.icoco8.com,0,0,0,0,0,0,0,0,1,1,0,0,0,1,0,0,0,0,0,0
https://att-yahoo-mail-108504.weeblysite.com/,0,1,0,0,0,0,1,0,1,1,0,0,0,0,0,0,0,0,0,0
https://www.cancer.org,0,1,0,0,0,0,0,0,0,1,1,0,1,1,0,1,1,0,1,1
https://www.simonshieldcars.co.uk,0,1,0,1,0,0,1,0,0,1,0,0,1,1,0,1,1,0,1,1
https://www.goodjobgames.com,0,1,0,0,0,0,0,0,1,1,1,1,1,1,0,1,0,0,1,1
https://www.eventdex.com,0,1,0,0,0,0,0,0,1,1,0,1,1,1,0,1,1,0,1,1
https://www.bluecloudsolutions.com,0,1,0,0,0,0,0,0,1,1,0,1,1,0,0,0,1,0,1,1
http://www.internetdownloadr.publicvm.com,0,0,0,1,0,0,1,0,1,1,0,0,0,0,0,0,0,0,0,0
https://www.karinmiller.co.za,0,1,0,1,0,0,1,0,0,1,0,1,1,0,0,1,1,0,1,1
http://www.com.conferencesinfo.com,0,0,0,1,0,0,1,0,1,0,0,0,0,0,0,0,0,0,0,0
https://online-8-pdf.web.app/,0,1,0,0,0,0,1,0,0,1,0,0,1,0,0,0,0,0,0,0
https://www.perfectlift.com.au,0,1,0,1,0,0,1,0,0,1,0,0,1,1,0,1,1,1,1,1
http://72.167.103.108/wp-includes/block-supports/nfcucaptchanu/dashboard/index.php?bccb12530729f8ac7752f8b131069651-bccb12530729f8ac7752f8b131069651-bccb12530729f8ac7752f8b131069651bccb12530729f8ac7752f8b131069651bccb12530729f8ac7752f8b131069651bccb12530729f8ac7752f8b131069651bccb12530729f8ac7752f8b131069651bccb12530729f8ac7752f8b131069651bccb12530729f8ac7752f8b131069651bccb12530729f8ac7752f8b131069651bccb12530729f8ac7752f8b131069651,1,0,0,1,0,1,1,0,0,1,0,0,1,0,0,0,0,0,0,0
http://www.smallbizhacklondon.com,0,0,0,0,0,0,0,0,1,0,0,0,0,0,0,0,0,0,0,0
https://www.prettyrealblog.com,0,1,0,0,0,0,0,0,1,1,1,0,0,0,0,1,1,0,1,1
http://www.edilat.digital,0,0,0,0,0,0,0,0,0,0,0,0,0,0,0,0,0,0,0,0
https://www.modo10.it,0,1,0,0,0,0,0,0,0,1,1,1,1,0,0,1,1,1,1,1
https://www.iltempo.it,0,1,0,0,0,0,0,0,0,1,1,0,1,1,0,0,0,0,1,1
https://www.trochtasflowers.com,0,1,0,0,0,0,0,0,1,1,1,0,1,1,0,1,1,0,0,1
https://www.maxim.com.au,0,1,0,1,0,0,1,0,0,1,1,1,1,0,0,1,1,0,0,1
https://www.nostalgiacollect.com,0,1,0,0,0,0,0,0,1,1,1,0,1,1,0,1,1,1,1,1
https://www.eartothegroundmusic.co,0,1,0,0,0,0,0,0,0,1,0,1,1,0,0,1,1,0,1,1
http://004261200-conf1rm.000webhostapp.com/fb/applogin.htm?news=,0,0,0,0,1,1,1,0,1,1,1,0,0,0,0,0,0,0,0,0
https://www.studio55.fi,0,1,0,0,0,0,0,0,0,1,0,1,0,1,0,0,0,0,1,1
https://www.opcw.org,0,1,0,0,0,0,0,0,0,1,1,0,1,1,0,1,0,0,1,1
https://www.nazariandiamonds.com,0,1,0,0,0,0,0,0,1,1,1,0,1,0,0,1,1,0,1,1
http://www.win32support.com,0,0,0,0,0,0,0,0,1,0,0,0,0,0,0,0,0,0,0,0
http://www.app48.cn,0,0,0,0,0,0,0,0,0,1,0,0,1,0,0,0,0,0,0,0
https://www.cecc.com,0,1,0,0,0,0,0,0,1,1,0,0,1,1,0,1,0,0,1,1
https://www.rmiri.co.jp,0,1,0,1,0,0,1,0,0,1,1,0,1,0,0,1,0,0,1,1
https://www.scss.tcd.ie,0,1,0,1,0,0,1,0,0,1,1,0,1,0,0,1,1,0,0,1
http://www.eventmonitoring.org,0,0,0,0,0,0,0,0,0,0,0,0,0,0,0,0,0,0,0,0
https://sqab-4c.web.app/,0,1,0,0,0,0,1,0,0,1,0,0,1,0,0,0,0,0,0,0
https://www.chorusandverse.com,0,1,0,0,0,0,0,0,1,1,0,0,1,1,0,1,0,0,1,1
https://dabbagh-ghuchan.com/,0,1,0,0,0,0,1,0,1,1,0,0,1,0,0,0,0,0,0,0
http://www.trickip.net,0,0,0,0,0,0,0,0,0,1,0,0,0,0,0,0,0,0,0,0
https://www.wsdweb.org,0,1,0,0,0,0,0,0,0,1,0,0,1,1,0,1,1,0,0,1
https://www.bfriars.ox.ac.uk,0,1,0,1,0,0,1,0,0,1,1,1,1,1,0,1,0,0,1,1
https://maildinshaakckjnw214.web.app/,0,1,0,0,0,0,1,0,0,1,0,0,1,0,0,0,0,0,0,0
https://www.homemade-modern.com,0,1,0,0,0,0,1,0,1,1,0,0,1,1,0,0,1,0,1,1
https://4811ac09-f66a-4316-8984-1b2b436e4051.id.repl.co,0,1,0,1,0,0,1,0,0,1,0,0,0,0,0,0,0,0,0,0
http://www.disorderstatus.ru,0,0,0,0,0,0,0,0,0,0,0,0,0,0,0,0,0,0,0,0
http://www.housesfurniture.com,0,0,0,0,0,0,0,0,1,0,0,0,0,0,0,0,0,0,0,0
https://www.trafficchina.org,0,1,0,0,0,0,0,0,0,1,0,0,1,0,1,0,1,0,1,1
https://bafybeidwjdwmnmxnq44vv73yvmq233xwr4yt3vhuqgyygnk4mrdffxeswm.ipfs.cf-ipfs.com/,0,1,0,1,0,0,1,0,1,1,0,0,1,0,0,0,1,1,0,0
https://www.oshoarena.com,0,1,0,0,0,0,0,0,1,1,0,1,1,1,0,1,1,1,0,1
https://www.sleightsofmind.com,0,1,0,0,0,0,0,0,1,1,0,0,0,1,0,1,0,0,1,1
https://centicarolinas.org/wp-includes/agsh/it-tk/it.php,0,1,0,0,0,0,1,0,0,1,0,0,0,0,0,0,1,1,0,0
https://7db54cd6-128e-46f1-a624-0ece2ca8803d.id.repl.co,0,1,0,1,0,0,1,0,0,1,0,0,0,0,0,0,0,0,0,0
https://www.wilmar.com,0,1,0,0,0,0,0,0,1,1,1,0,1,0,0,0,1,1,1,1
https://www.romaniainterbelica.memoria.ro,0,1,0,1,0,0,1,0,0,1,1,1,0,1,0,0,0,0,1,1
http://www.dd365j.cc,0,0,0,0,0,0,0,0,0,0,0,0,0,0,0,0,0,0,0,0
http://www.anschauen.in,0,0,0,0,0,0,0,0,0,1,0,0,0,0,0,0,0,0,0,0
http://mail.deliverylifesupport.com/public/srfk4jvzzbnbn8ksaa7ikqc9klzvndjd,0,0,0,0,0,0,1,0,1,1,0,0,0,0,0,0,0,0,0,0
https://www.liveradio.uk,0,1,0,0,0,0,0,0,0,1,1,0,1,1,0,1,1,0,1,1
https://www.tcoflyfishing.com,0,1,0,0,0,0,0,0,1,1,1,0,1,1,0,1,1,1,1,1
http://www.qovve-qazayye.ml,0,0,0,0,0,0,1,0,0,1,0,0,0,0,0,0,0,0,0,0
http://www.saisaocard.co.jp.50gb178.xyz/,0,0,0,1,0,0,1,0,0,0,1,0,1,0,0,0,0,0,0,0
https://www.usaoutdoorfurniture.com,0,1,0,0,0,0,0,0,1,1,0,0,1,1,0,1,1,0,1,1
http://help-id-meta-6425472544.web.app/,0,0,0,0,0,0,1,0,0,0,0,0,0,0,0,0,0,0,0,0
https://www.maerchenfein.de,0,1,0,0,0,0,0,0,0,1,1,1,1,0,1,1,1,1,1,1
https://www.abilityone.gov,0,1,0,0,0,0,0,0,0,1,0,0,0,1,0,0,0,0,1,1
http://www.brooklynlilly.com,0,0,0,0,0,0,0,0,1,1,0,0,0,0,0,0,0,0,0,0
https://www.hilarispublisher.com,0,1,0,0,0,0,0,0,1,1,1,1,1,1,1,1,1,0,1,1
https://www.gilboafossils.org,0,1,0,0,0,0,0,0,0,1,1,1,1,0,0,1,1,0,0,1
https://www.oxfordarchaeology.com,0,1,0,0,0,0,0,0,1,1,0,0,1,1,0,1,0,0,1,1
https://www.wiltshirebacon.com,0,1,0,0,0,0,0,0,1,1,1,1,1,0,0,1,1,0,1,1
https://autmn-mttbx46.web.app/,0,1,0,0,0,0,1,0,0,0,0,0,1,0,0,0,0,0,0,0
https://track-id2012.web.app/,0,1,0,0,0,0,1,0,0,0,0,0,0,0,0,0,0,0,0,0
https://www.ip3.gatech.edu,0,1,0,1,0,0,1,0,0,1,1,1,1,0,0,0,1,0,1,1
http://www.sttania.com,0,0,0,0,0,0,0,0,1,0,0,0,0,0,0,0,0,0,0,0
https://att-108920.weeblysite.com/,0,1,0,0,0,0,1,0,1,1,1,0,1,0,0,0,0,0,0,0
https://www.yinshun.org.tw,0,1,0,1,0,0,1,0,0,1,1,0,1,1,0,1,0,0,1,1
https://www.e-props.fr,0,1,0,0,0,0,1,0,0,1,1,0,1,1,0,1,0,0,1,1
https://bitter-lake-3081.on.fleek.co/index.php,0,1,0,1,0,0,1,0,0,0,0,0,0,0,0,0,0,0,0,0
https://business-confirm-appeal-48a68.web.app/,0,1,0,0,0,0,1,0,0,1,0,0,1,0,0,0,0,0,0,0
http://www.mast.zyns.com,0,0,0,1,0,0,1,0,1,1,0,0,0,0,0,0,0,0,0,0
https://www.campi-anime.com,0,1,0,0,0,0,1,0,1,1,1,1,1,1,0,1,1,0,1,1
https://docs.google.com/presentation/d/e/2pacx-1vslarh29c1x5qzv9bcgnvcvsjcl5a-oa4wf4dr0pgeppncqzogw-koj7kvuc3u58tgyfddzcpy-loph/pub?start=false&loop=false&delayms=3000,0,1,0,0,1,1,1,0,1,1,1,0,1,0,0,0,0,0,1,0
http://sankyo-m.jp/pdfs/cs.html?email=cert@soc.tdc.dk,0,0,0,0,1,1,1,0,0,0,0,0,0,0,0,0,0,0,0,0
http://www.djmixer2018.com,0,0,0,0,0,0,0,0,1,0,0,0,0,0,0,0,0,0,0,0
http://www.unitedfamilyhealth.net,0,0,0,0,0,0,0,0,0,0,0,0,0,0,0,0,0,0,0,0
http://43.134.191.197/interactivelogin?continue=https://accounts.google.com/?&amp;followup=https://accounts.google.com/?&amp;passive=1209600&amp;xrealip=107.178.238.57&amp;ifkv=awnogheoy9jrnffwctepji81-arcmemrw-ifau_815iausjtohln_210jrmjsbrillmbv5yd_ojy,1,1,0,1,1,1,1,0,0,1,0,0,0,0,0,0,0,0,0,0
https://2.daviplatauser.repl.co/,0,1,0,1,0,0,1,0,0,1,0,0,0,0,0,0,0,0,0,0
https://www.roccofortehotels.com,0,1,0,0,0,0,0,0,1,1,0,1,1,1,0,1,1,0,1,1
https://www.serviziofatturazione-pec.com/,0,1,0,0,0,0,1,0,1,0,0,0,0,0,0,0,0,0,0,0
https://www.catchthebest.com,0,1,0,0,0,0,0,0,1,1,0,0,0,0,0,0,0,0,1,1
https://www.ajog.org,0,1,0,0,0,0,0,0,0,1,0,1,1,0,0,1,1,0,1,1
https://www.lightmillennium.org,0,1,0,0,0,0,0,0,0,1,0,1,0,1,0,0,0,0,1,1
https://www.heritagesociety.org,0,1,0,0,0,0,0,0,0,1,1,0,1,1,0,1,1,0,1,1
http://www.mellatt-shop.ml,0,0,0,0,0,0,1,0,0,1,0,0,0,0,0,0,0,0,0,0
https://www.sportelmonaco.com,0,1,0,0,0,0,0,0,1,1,1,0,1,0,0,1,0,0,1,1
https://www.csbpaton.com,0,1,0,0,0,0,0,0,1,1,0,0,1,1,0,0,0,0,1,1
https://www.cfeetk.cnrs.fr,0,1,0,1,0,0,1,0,0,1,0,1,1,0,0,1,1,0,0,1
https://www.ruemarcellin.com,0,1,0,0,0,0,0,0,1,1,1,0,1,1,0,1,1,1,1,1
https://www.corp.at,0,1,0,0,0,0,0,0,0,1,1,0,0,0,0,1,0,0,1,1
https://www.fwo.com.pk,0,1,0,1,0,0,1,0,0,1,0,0,0,0,0,0,0,0,1,1
http://www.896851.com,0,0,0,0,0,0,0,0,1,1,0,0,0,0,0,0,0,0,0,0
https://www.wildluxe.com,0,1,0,0,0,0,0,0,1,1,0,1,1,1,0,1,1,0,1,1
https://www.federacioneditores.org,0,1,0,0,0,0,0,0,0,1,1,0,1,1,1,1,1,0,1,1
https://my-business-108331-105767.square.site/,0,1,0,0,0,0,1,0,0,1,0,0,0,0,0,0,0,0,0,0
https://att-101435-107378.square.site/,0,1,0,0,0,0,1,0,0,1,0,0,0,0,0,0,0,0,0,0
https://www.cowichanvalleycitizen.com,0,1,0,0,0,0,0,0,1,1,1,1,1,1,0,1,1,0,1,1
https://www.norchar.com,0,1,0,0,0,0,0,0,1,1,1,0,1,1,0,1,1,0,1,1
http://www.q3b.ru,0,0,0,0,0,0,0,0,0,1,0,0,0,0,0,0,0,0,0,0
http://mage.o360integrator.com/source/?reff=otu5ztg0yjqyntljzwy1nzhizguymgu2ymfmzdgwnje=,0,0,0,0,1,1,1,0,1,1,0,0,0,0,0,0,0,0,0,0
https://gsgpostq.firebaseapp.com/,0,1,0,0,0,0,1,0,1,1,0,0,0,0,0,0,0,0,0,0
https://www.mhs.net,0,1,0,0,0,0,0,0,0,1,0,0,1,1,0,1,1,0,1,1
https://www.coinbase-tradepro.com/mining2dex/index.html#/,0,1,0,0,0,0,1,0,1,1,0,0,1,0,0,0,0,0,0,0
http://www.eblagh-pay19.ml,0,0,0,0,0,0,1,0,0,1,0,0,0,0,0,0,0,0,0,0
https://dh35ktkhkl7virlikvnoemxf34s3pyxg6poisatjhultaktxpx5q.arweave.net/gffvtuds_1rfafva4jll3yw34ubz3ikcat0xmcp3ffs/#abuse@optusnet.com,0,1,0,0,0,0,1,0,0,1,0,0,0,0,0,0,0,0,0,0
http://www.docs.coinbigex.com,0,0,0,1,0,0,1,0,1,0,0,0,0,0,0,0,0,0,0,0
https://bafybeibhdgxctmq6bjhkqmauoxozatxlk647gdjd5fsxkdjo63gfylxlgq.ipfs.cf-ipfs.com/,0,1,0,1,0,0,1,0,1,0,0,0,0,0,0,0,0,0,0,0
https://shared-secure-doc-c908.pw5bozbp.workers.dev/00987446-2d87-4e99-b5a2-38ca8ea94ede,0,1,0,1,0,0,1,0,0,1,0,1,1,0,0,0,0,0,0,0
https://www.courier.co.il,0,1,0,1,0,0,1,0,0,1,1,0,0,1,0,0,1,0,1,1
https://www.meetingplay.com,0,1,0,0,0,0,0,0,1,1,0,0,1,1,0,1,1,0,1,1
https://www.drtel.com,0,1,0,0,0,0,0,0,1,1,1,0,1,1,0,1,0,0,1,1
https://espacn03-infocom.web.app/,0,1,0,0,0,0,1,0,0,1,0,0,1,0,0,0,0,0,0,0
https://universaldesignrealtors.com/banquepostale/50966,0,1,0,0,0,0,1,0,1,1,0,0,0,0,0,0,0,0,0,0
http://www.theyolarbi.com,0,0,0,0,0,0,0,0,1,0,0,0,0,0,0,0,0,0,0,0
http://www.gmailsecurityteam.com,0,0,0,0,0,0,0,0,1,0,0,0,0,0,0,0,0,0,0,0
http://www.treadball.com,0,0,0,0,0,0,0,0,1,1,0,0,1,0,0,0,0,0,0,0
http://www.latemia.com.br,0,0,0,1,0,0,1,0,0,1,0,0,0,0,0,0,0,0,0,0
https://www.mydsf.com,0,1,0,0,0,0,0,0,1,1,0,0,1,1,0,0,0,0,1,1
http://www.wasted-nights.com,0,0,0,0,0,0,1,0,1,1,0,1,1,1,0,0,0,0,0,0
https://www.tours-eti.com,0,1,0,0,0,0,1,0,1,1,1,0,1,1,0,1,1,0,1,1
https://www.bigboysclub.com.au,0,1,0,1,0,0,1,0,0,1,0,1,1,1,0,1,1,0,1,1
https://www.spiritpgh.com,0,1,0,0,0,0,0,0,1,1,1,0,1,1,0,1,1,0,0,1
http://www.creativecombat.com/wp-admin/network/acct/login.php,0,0,0,0,0,0,1,0,1,1,1,0,0,0,0,0,0,0,0,0
http://www.gshund.com,0,0,0,0,0,0,0,0,1,1,0,0,0,0,0,0,0,0,0,0
https://www.tokyoanime.jp,0,1,0,0,0,0,0,0,0,1,0,1,1,0,0,0,1,1,1,1
https://www.yorkccd.org,0,1,0,0,0,0,0,0,0,1,1,1,1,1,0,1,0,0,1,1
https://www.clubbotanic.com,0,1,0,0,0,0,0,0,1,0,1,1,1,0,0,1,1,1,1,1
https://usps-online-retrack.com/1/,0,1,0,0,0,0,1,0,1,0,0,0,0,0,0,0,0,0,0,0
http://www.kwan078lj.web.app,0,0,0,1,0,0,1,0,0,0,0,0,0,0,0,0,0,0,0,0
http://www.kakaocorp.link,0,0,0,0,0,0,0,0,0,0,0,0,0,0,0,0,0,0,0,0
https://sfdgfsgdhdgf.blogspot.co.ke/,0,1,0,1,0,0,1,0,0,1,0,0,0,0,0,0,0,0,0,0
https://www.spps.org,0,1,0,0,0,0,0,0,0,1,1,0,1,1,0,1,1,0,1,1
http://www.tafx.myfp.org,0,0,0,1,0,0,1,0,0,0,0,0,0,0,0,0,0,0,0,0
https://www.mathgenealogy.org,0,1,0,0,0,0,0,0,0,1,0,0,0,0,0,0,1,0,0,1
https://docs.google.com/forms/d/e/1faipqlsedo_qltt9u_t3npcsotct-qpznpfufcvsursimiss9irgnza/viewform,0,1,0,0,0,0,1,0,1,1,1,0,1,0,0,0,1,0,0,0
https://www.thyrocare.com,0,1,0,0,0,0,0,0,1,1,1,0,1,1,0,1,1,0,1,1
https://www.jstay.com,0,1,0,0,0,0,0,0,1,1,1,0,1,1,0,1,1,0,1,1
https://www.marcovigo.com,0,1,0,0,0,0,0,0,1,1,0,0,0,0,0,1,1,0,1,1
http://www.doctorcarmax.com,0,0,0,0,0,0,0,0,1,0,0,0,0,0,0,0,0,0,0,0
https://www.zlatograd.bg,0,1,0,0,0,0,0,0,0,1,1,1,1,1,1,1,1,0,1,1
http://www.hothess.com,0,0,0,0,0,0,0,0,1,1,0,0,0,0,0,0,0,0,0,0
http://www.angel2gether.de,0,0,0,0,0,0,0,0,0,1,0,0,0,0,0,0,0,0,0,0
https://dev-ficoliktrl.pantheonsite.io/confirm.php?regh=jsjjss,0,1,0,0,1,1,1,0,0,1,0,0,0,0,0,0,0,0,0,0
https://www.10percent.gr,0,1,0,0,0,0,0,0,0,1,1,0,1,0,0,1,0,0,0,1
https://ipfs-fleek-co.translate.goog/ipfs/qmz9exhaxhllefqf7nkx4uadjjtpqjomsxky3amwgflis8/?_x_tr_sl=auto&amp;_x_tr_tl=en&amp;_x_tr_hl=en-us&amp;#,0,1,0,0,1,1,1,0,0,0,0,0,0,0,0,0,0,0,0,0
https://www.sporf.com,0,1,0,0,0,0,0,0,1,1,0,1,1,0,0,1,1,0,1,1
https://www.theasset.com,0,1,0,0,0,0,0,0,1,1,1,0,0,1,0,1,1,1,1,1
https://fbmetaid-stwgmd4.firebaseapp.com/,0,1,0,0,0,0,1,0,1,1,0,0,1,0,0,0,1,0,0,0
http://www.docxpcgle.epizy.com,0,0,0,1,0,0,1,0,1,0,0,0,0,0,0,0,0,0,0,0
https://if8tofyiugkjihk.wqbsdoecuisrj4845.workers.dev/,0,1,0,1,0,0,1,0,0,0,0,0,0,0,0,0,0,0,0,0
http://www.sutherlendy.cf,0,0,0,0,0,0,0,0,0,1,0,0,0,0,0,0,0,0,0,0
http://www.besthappybuds.net,0,0,0,0,0,0,0,0,0,1,0,0,1,0,0,0,0,0,0,0
https://www.cityofmillvalley.org,0,1,0,0,0,0,0,0,0,1,1,0,1,1,0,0,0,0,1,1
https://www.pressmachine-world.com,0,1,0,0,0,0,1,0,1,1,0,0,1,1,0,1,1,0,1,1
https://www.co2.earth,0,1,0,0,0,0,0,0,0,1,0,0,1,1,0,1,1,0,1,1
https://www.tunicabiloxi.org,0,1,0,0,0,0,0,0,0,1,0,1,1,1,0,1,1,0,1,1
http://kjqnxm.xyz/uber1,0,0,0,0,0,0,1,0,0,1,0,0,0,0,0,0,0,0,0,0
https://cloudflare-ipfs.com/ipfs/bafybeifkh27c2b2hqmm2tte5jp6eq3uincyhmxxaukoespre46zjpexybe,0,1,0,0,0,0,1,0,1,0,0,0,0,0,0,0,0,0,0,0
https://www.bulovasrestorations.com,0,1,0,0,0,0,0,0,1,1,1,0,1,1,0,1,0,0,1,1
https://www.bqf.org.uk,0,1,0,1,0,0,1,0,0,1,0,1,1,0,0,1,1,0,1,1
https://www.kristoferbrozio.com,0,1,0,0,0,0,0,0,1,1,0,1,1,0,0,1,1,0,1,1
https://www.leonidam.com,0,1,0,0,0,0,0,0,1,1,0,0,1,1,0,1,1,1,1,1
https://www.xabber.com,0,1,0,0,0,0,0,0,1,1,1,0,1,1,0,1,1,0,0,1
https://www.joules.com,0,1,0,0,0,0,0,0,1,1,1,1,1,1,0,1,1,0,1,1
https://www.gailchianese.com,0,1,0,0,0,0,0,0,1,1,0,0,1,1,0,1,1,0,0,1
http://www.eo3.de,0,0,0,0,0,0,0,0,0,1,0,0,0,0,0,0,0,0,0,0
https://idsurveys.com.au/file/driveehhjs/and.php,0,1,0,0,0,0,1,0,0,0,0,0,0,0,0,0,0,0,0,0
https://www.helpingrhinos.org,0,1,0,0,0,0,0,0,0,1,1,0,1,1,1,1,1,1,1,1
https://www.alynn.com,0,1,0,0,0,0,0,0,1,1,1,1,1,1,0,1,1,0,1,1
http://www.km-nyc.com,0,0,0,0,0,0,1,0,1,1,0,0,0,1,0,0,0,0,0,0
https://www.nzqa.govt.nz,0,1,0,1,0,0,1,0,0,1,1,0,0,1,0,1,0,0,1,1
https://mail-101447.weeblysite.com/,0,1,0,0,0,0,1,0,1,1,0,0,0,0,0,0,0,0,0,0
https://www.heartlandcu.org,0,1,0,0,0,0,0,0,0,1,1,1,1,1,0,1,1,1,1,1
https://www.filagroup.it,0,1,0,0,0,0,0,0,0,1,1,1,1,0,0,0,0,0,0,1
https://www.tabletkiosk.com,0,1,0,0,0,0,0,0,1,1,0,1,1,1,1,1,1,1,1,1
https://nieobbezszlt02.z20.web.core.windows.net/,0,1,0,1,0,0,1,0,0,0,0,0,0,0,0,0,0,0,0,0
https://lfxdoeialu.duckdns.org/,0,1,0,0,0,0,1,0,0,1,1,0,1,0,0,0,0,0,0,0
http://www.2waky.com,0,0,0,0,0,0,0,0,1,1,0,0,0,0,0,0,0,0,0,0
https://www.affiliatepowerplugin.com,0,1,0,0,0,0,0,0,1,1,0,1,1,1,0,0,1,0,1,1
https://www.jmbakery.co.uk,0,1,0,1,0,0,1,0,0,1,0,1,1,1,0,1,0,0,1,1
https://www.germangiftoutlet.com,0,1,0,0,0,0,0,0,1,1,0,0,1,1,0,1,1,1,1,1
https://www.derrygladfolkmuseum.com,0,1,0,0,0,0,0,0,1,1,0,1,1,1,0,1,1,1,1,1
https://www.sqlcourse.com,0,1,0,0,0,0,0,0,1,1,1,1,1,1,0,0,1,0,0,1
https://www.pass-the-baton.com,0,1,0,0,0,0,1,0,1,1,1,0,1,1,0,0,0,0,1,1
https://www.latrobe.vic.gov.au,0,1,0,1,0,0,1,0,0,1,1,0,1,0,0,0,1,0,1,1
https://www.mmaplus.co.uk,0,1,0,1,0,0,1,0,0,1,0,1,1,1,0,1,1,1,1,1
https://usps-missed-redelivered.web.app/,0,1,0,0,0,0,1,0,0,1,0,0,1,0,0,0,0,0,0,0
http://ce-synchro7.web.app/,0,0,0,0,0,0,1,0,0,0,0,0,0,0,0,0,0,0,0,0
https://www.altova.com,0,1,0,0,0,0,0,0,1,1,1,0,1,1,0,1,0,0,1,1
http://www.blueskynetwork-shared.com,0,0,0,0,0,0,1,0,1,1,0,0,0,0,0,0,0,0,0,0
https://www.edbrubaker.com,0,1,0,0,0,0,0,0,1,1,0,1,0,0,0,0,1,0,1,1
http://www.myg0vv-atto.com,0,0,0,0,0,0,1,0,1,1,0,0,0,0,0,0,0,0,0,0
https://storageapi.fleek.co/eb6fe358-1ea3-499f-bd2a-e870e7cf22a7-bucket/ath.html,0,1,0,0,0,0,1,0,0,0,0,0,0,0,0,0,0,0,0,0
http://cfex.com.au/survey/load1.php,0,0,0,0,0,0,1,0,0,1,0,0,1,0,0,0,0,0,1,0
https://www.stampprinters.info,0,1,0,0,0,0,0,0,0,1,0,1,0,1,0,0,0,0,1,1
https://ipfs.litnet.work/ipfs/bafybeibe5v6ozaod4og5zu6o7kuxd7h7kflzlevtqbkagdx7hopcpwhcha,0,1,0,0,0,0,1,0,0,1,0,1,1,0,0,0,0,0,0,0
https://email231.s3.us-east-005.backblazeb2.com/glogin.html,0,1,0,1,0,0,1,0,1,0,0,0,0,0,0,0,0,0,0,0
https://www.totalregistration.net,0,1,0,0,0,0,0,0,0,1,1,0,1,1,0,1,0,0,1,1
http://www.lnc7vvhztmjdfm221sdp76xnze5atz.burpcollaborator.net,0,0,0,1,0,0,1,0,0,0,0,0,0,0,0,0,0,0,0,0
https://www.mtbs3d.com,0,1,0,0,0,0,0,0,1,1,1,1,1,0,0,1,1,0,1,1
https://www.essays.quotidiana.org,0,1,0,1,0,0,1,0,0,1,0,0,0,0,0,1,1,0,1,1
https://www.stignacenews.com,0,1,0,0,0,0,0,0,1,1,0,1,1,1,0,1,1,0,1,1
https://www.victorataide.com.br,0,1,0,1,0,0,1,0,0,1,1,0,1,1,0,1,1,0,0,1
https://www.peepaltreepress.com,0,1,0,0,0,0,0,0,1,1,1,0,1,0,0,1,0,0,0,1
https://bafkreibpnb6be6sku4cp6oxqoqtqrmhnpkqviuux3smkvtmnn46ttbr6wy.ipfs.w3s.link/,0,1,0,1,0,0,1,0,0,0,0,0,0,0,0,0,0,0,0,0
https://olx.94151222.xyz/njvnssp8/gfcton/8,0,1,0,0,0,0,1,0,0,0,0,0,0,0,0,0,0,0,0,0
https://www.thestatementapparel.com,0,1,0,0,0,0,0,0,1,1,0,0,1,1,0,1,1,1,1,1
http://www.icici-kyc.web.app,0,0,0,1,0,0,1,0,0,0,0,0,0,0,0,0,0,0,0,0
http://www.chatours.ru,0,0,0,0,0,0,0,0,0,1,0,0,0,0,0,0,0,0,0,0
https://www.woolet.co,0,1,0,0,0,0,0,0,0,1,0,0,0,0,0,1,0,0,1,1
https://www.id-nee.nl,0,1,0,0,0,0,1,0,0,1,0,0,1,1,0,0,0,0,0,1
http://www.help.purpledaily.com,0,0,0,1,0,0,1,0,1,0,0,0,0,0,0,0,0,0,0,0
https://www.aeombamk-co-jp.smartoiane.com/beon/client/index_pc.php,0,1,0,1,0,0,1,0,1,0,0,0,0,0,0,0,0,0,0,0
https://www.miur.gov.it,0,1,0,1,0,0,1,0,0,1,1,0,1,1,0,1,1,0,1,1
http://www.ppinds.in,0,0,0,0,0,0,0,0,0,1,0,0,0,0,0,0,0,0,0,0
http://www.a0678326.xsph.ru,0,0,0,1,0,0,1,0,0,1,0,0,0,0,0,0,0,0,0,0
https://www.ons.gov.uk,0,1,0,1,0,0,1,0,0,1,0,0,0,1,0,1,1,0,0,1
https://www.hstc.org,0,1,0,0,0,0,0,0,0,1,0,1,1,1,0,0,1,0,1,1
https://www.emerald-isle-gifts.com,0,1,0,0,0,0,1,0,1,1,1,0,1,1,0,1,1,0,1,1
https://cmettmasuklogeenc.godaddysites.com/,0,1,0,0,0,0,1,0,1,1,1,0,1,1,0,0,1,0,1,0
https://www.target.com.au,0,1,0,1,0,0,1,0,0,1,1,1,1,1,0,1,1,0,1,1
https://www.actiitalk.com,0,1,0,0,0,0,0,0,1,1,0,0,0,0,0,1,0,0,1,1
https://occidenteees.repl.co/,0,1,0,0,0,0,1,0,0,1,0,0,0,0,0,0,0,0,0,0
http://www.feixiangpw.com,0,0,0,0,0,0,0,0,1,1,0,0,0,0,0,0,0,0,0,0
https://ipfs.io/ipfs/qmqwhy5gcarjy5qcpnmvwzhhggsghbhzgwjdicrda9fyeq?filename=next.sundd.html,0,1,0,0,1,1,1,0,0,1,0,0,1,0,0,0,1,1,1,0
https://www.sparda-m.de,0,1,0,0,0,0,1,0,0,1,1,1,1,1,0,1,0,0,0,1
https://fonction-pst1.web.app/,0,1,0,0,0,0,1,0,0,1,0,0,1,0,0,0,0,0,0,0
https://lps.marshallsclub.com/tggq_7730_1_es_lat_mrb/,0,1,0,0,0,0,1,0,1,1,0,0,0,0,0,0,0,0,0,0
https://www.ntnews.com,0,1,0,0,0,0,0,0,1,1,1,1,1,1,0,1,1,0,1,1
https://www.buckley.spaceforce.mil,0,1,0,1,0,0,1,0,0,1,1,1,1,0,0,1,0,0,0,1
http://www.sanaweb-ir.gq,0,0,0,0,0,0,1,0,0,1,0,0,0,0,0,0,0,0,0,0
https://www.winchesterguns.com,0,1,0,0,0,0,0,0,1,1,1,0,1,1,0,1,0,0,1,1
http://www.antispybox.com,0,0,0,0,0,0,0,0,1,1,1,1,1,1,0,0,0,0,0,0
http://www.listen-books.com,0,0,0,0,0,0,1,0,1,0,0,0,0,0,0,0,0,0,0,0
https://www.iavi.org,0,1,0,0,0,0,0,0,0,1,0,1,0,1,0,1,0,0,1,1
https://www.ushandball.org,0,1,0,0,0,0,0,0,0,1,1,1,1,0,0,0,1,0,1,1
https://www.shiftordie.de,0,1,0,0,0,0,0,0,0,1,0,0,1,1,0,0,0,0,1,1
http://www.mestand.com,0,0,0,0,0,0,0,0,1,1,0,0,0,0,0,0,0,0,0,0
http://seedlfy.com.pl/walletconnect,0,0,0,0,0,0,1,0,0,0,0,0,0,0,0,0,0,0,0,0
https://www.londoncarpentrysolutions.co.uk,0,1,0,1,0,0,1,0,0,1,0,1,1,1,0,1,0,0,1,1
https://www.mailsbroadcast.com,0,1,0,0,0,0,0,0,1,1,0,0,0,1,0,0,0,0,1,1
https://www.dbtbharat.gov.in,0,1,0,1,0,0,1,0,0,1,1,0,1,1,0,0,1,0,1,1
http://sendingfreemail.com/,0,0,0,0,0,0,1,0,1,1,0,0,0,0,0,0,0,0,0,0
https://www.sovrn.com,0,1,0,0,0,0,0,0,1,1,1,1,1,1,0,1,0,0,1,1
https://www.sotipical.com,0,1,0,0,0,0,0,0,1,1,1,1,1,1,1,1,1,0,1,1
https://maildinshaakckjnw49.firebaseapp.com/,0,1,0,0,0,0,1,0,1,1,0,0,1,0,0,0,0,0,0,0
https://mail.deliverylifesupport.com/public/5lccqqoakipitfeakptkdbxqdhoxfbrz,0,1,0,0,0,0,1,0,1,1,0,0,0,0,0,0,0,0,0,0
https://www.rapiro.com,0,1,0,0,0,0,0,0,1,1,0,0,0,0,0,1,0,0,0,1
https://www.juegosonce.es,0,1,0,0,0,0,0,0,0,1,1,0,0,1,1,1,1,1,1,1
https://www.aftau.org,0,1,0,0,0,0,0,0,0,1,0,1,1,1,0,1,1,0,1,1
https://www.liveyourdream.org,0,1,0,0,0,0,0,0,0,1,1,0,1,1,0,1,0,0,1,1
https://www.allplaces.us,0,1,0,0,0,0,0,0,0,1,1,0,1,1,0,0,1,0,1,1
http://itau-pyaccesovalidacionesenlinea.hstn.me/,0,0,0,0,0,0,1,0,0,0,0,0,0,0,0,0,0,0,0,0
https://www.flowersacrosssydney.com.au,0,1,0,1,0,0,1,0,0,1,1,0,1,1,0,1,1,0,1,1
https://www.dml.cz,0,1,0,0,0,0,0,0,0,1,0,0,0,0,0,0,1,0,1,1
https://www.shesatripblog.com,0,1,0,0,0,0,0,0,1,1,0,1,1,1,0,1,0,0,1,1
https://www.smithtower.com,0,1,0,0,0,0,0,0,1,1,0,0,1,1,0,1,0,0,1,1
https://www.thisnthatmfg.ca,0,1,0,0,0,0,0,0,0,1,1,1,1,0,0,1,1,0,0,1
http://bafybeieh2c4nc44gu42ibmpc2ftnockoa2w4xwjgcsvdj2s4ewkhdkrajy.ipfs.dweb.link/,0,0,0,1,0,0,1,0,0,1,0,0,0,0,0,0,0,0,0,0
https://inhabitadanacional--nacionalrepl.repl.co/,0,1,0,0,0,0,1,0,0,1,0,0,0,0,0,0,0,0,0,0
https://www.psychobunny.com,0,1,0,0,0,0,0,0,1,1,1,0,1,1,0,1,1,1,1,1
https://wwwinforaknteo.tatotuesday.com/,0,1,0,0,0,0,1,0,1,0,1,0,1,0,0,0,0,0,0,0
https://www.creative-solutions.net,0,1,0,0,0,0,1,0,0,1,0,0,1,1,0,1,1,1,1,1
http://www.oumage.com,0,0,0,0,0,0,0,0,1,1,0,0,0,0,0,0,0,0,0,0
https://www.longislandadvance.net,0,1,0,0,0,0,0,0,0,1,1,0,1,1,0,1,0,0,1,1
https://www.devsum.se,0,1,0,0,0,0,0,0,0,1,1,1,1,1,0,1,1,0,1,1
https://www.redraggallery.co.uk,0,1,0,1,0,0,1,0,0,1,0,1,0,1,0,1,0,0,1,1
https://v.ht/n5j4d,0,1,0,0,0,0,1,0,0,1,0,1,0,0,0,0,0,0,0,0
http://www.suxjweyfo.ga,0,0,0,0,0,0,0,0,0,1,0,0,0,0,0,0,0,0,0,0
https://bafybeieqilhn5yjrdt2cs46bglcamzimrcgbfuvq3yec2nki7xbcru5tiu.ipfs.cf-ipfs.com//bdn6-hser-sj3e.html,0,1,0,1,0,0,1,0,1,1,1,0,1,0,0,0,1,0,0,0
https://www.webtoolmaster.com,0,1,0,0,0,0,0,0,1,1,0,0,0,1,0,0,0,0,1,1
https://forms.gle/swwpzakt11x6mtt37,0,1,0,0,0,0,1,0,0,0,0,0,0,0,0,0,0,0,0,0
https://bafybeiciuhpjz74df42i73p7vfxaqrqc3bjnmlqw7mghzceb5bk3wp6s34.ipfs.dweb.link/,0,1,0,1,0,0,1,0,0,1,0,0,0,0,0,0,0,0,0,0
http://mail.deliverylifesupport.com/public/5uh5bh08hsqnwn1zcsgjiq27pstheeib,0,0,0,0,0,0,1,0,1,1,0,0,0,0,0,0,0,0,0,0
https://arubahost.it.sell.20-57-10-180.cprapid.com/it/and/fatturazione-3/index.php?page,0,1,0,1,0,1,1,0,1,1,0,0,0,0,0,0,1,1,0,0
https://www.treasuretrovejewelry.com,0,1,0,0,0,0,0,0,1,1,0,0,1,1,0,1,1,1,1,1
http://1742tg053bsinesspgrstrctdrcvry498056.duckdns.org/,0,0,0,0,0,0,1,0,0,1,0,0,1,0,0,0,0,0,0,0
https://www.softtalk.me,0,1,0,0,0,0,0,0,0,1,1,0,1,1,0,1,0,0,1,1
https://my-business-103934-101451.square.site/,0,1,0,0,0,0,1,0,0,1,0,0,0,0,0,0,0,0,0,0
https://www.watson.ch,0,1,0,0,0,0,0,0,0,1,0,1,1,1,0,1,1,0,1,1
https://www.jadebymk.com,0,1,0,0,0,0,0,0,1,1,1,0,1,1,0,0,1,1,1,1
http://www.year22.oss-eu-west-1.aliyuncs.com,0,0,0,1,0,0,1,0,1,0,0,0,0,0,0,0,0,0,0,0
https://www.artyfactory.com,0,1,0,0,0,0,0,0,1,1,1,0,0,1,0,0,0,0,1,1
https://www.schaeffersresearch.com,0,1,0,0,0,0,0,0,1,1,1,0,1,1,0,1,0,0,1,1
https://www.writeaprisoner.com,0,1,0,0,0,0,0,0,1,1,1,1,1,1,0,1,1,0,1,1
https://mez.ink/pemenanghadiah2022,0,1,0,0,0,0,1,0,0,1,0,0,1,0,0,0,0,0,0,0
http://www.otiifafm.net,0,0,0,0,0,0,0,0,0,0,0,0,0,0,0,0,0,0,0,0
https://www.missionnetaji.org,0,1,0,0,0,0,0,0,0,1,0,1,1,1,0,0,1,0,1,1
https://www.vttortillaco.com,0,1,0,0,0,0,0,0,1,1,0,0,1,1,0,0,1,1,1,1
https://wwwsnbc.tidujns.com/jp.php,0,1,0,0,0,0,1,0,1,1,0,1,1,0,0,0,0,0,0,0
https://www.ph-kaernten.ac.at,0,1,0,1,0,0,1,0,0,1,1,1,1,1,0,0,1,0,1,1
https://www.energiezukunft.eu,0,1,0,0,0,0,0,0,0,1,1,1,1,1,0,1,0,0,1,1
https://4565467564532534444--3454544353453.repl.co/loading01.php,0,1,0,0,0,0,1,0,0,1,0,0,0,0,0,0,0,0,0,0
http://www.srealm.com,0,0,0,0,0,0,0,0,1,1,0,0,0,0,0,0,0,0,0,0
https://jhjhgfg-3176c.firebaseapp.com/,0,1,0,0,0,0,1,0,1,1,0,0,1,0,0,0,0,0,0,0
https://portartradicional.portaltuya1.repl.co/,0,1,0,1,0,0,1,0,0,1,0,0,0,0,0,0,0,0,0,0
https://www.business-opportunities.biz,0,1,0,0,0,0,1,0,0,1,0,1,1,1,0,1,1,0,1,1
https://www.rt23.com,0,1,0,0,0,0,0,0,1,1,0,1,1,1,0,0,1,0,1,1
https://www.gameanim.com,0,1,0,0,0,0,0,0,1,1,0,1,1,0,1,1,1,1,1,1
https://www.titanlux.es,0,1,0,0,0,0,0,0,0,1,0,0,1,1,0,1,1,0,0,1
https://www.programmingfonts.org,0,1,0,0,0,0,0,0,0,1,1,0,1,1,0,0,0,0,0,1
https://www.brillio.com,0,1,0,0,0,0,0,0,1,1,1,1,1,1,0,1,0,0,1,1
http://www.server1.wyeetacs.com.au,0,0,0,1,0,0,1,0,0,0,0,0,0,0,0,0,0,0,0,0
https://www.arenlace.com,0,1,0,0,0,0,0,0,1,1,1,0,1,1,0,1,1,1,1,1
https://www.ardentisys.com,0,1,0,0,0,0,0,0,1,1,0,1,1,1,1,1,1,0,1,1
https://www.cagliaricalcio.com,0,1,0,0,0,0,0,0,1,1,1,0,1,1,0,1,0,0,1,1
https://www.theobserver.com,0,1,0,0,0,0,0,0,1,1,0,1,1,1,0,1,1,1,1,1
https://www.frontiertouring.com,0,1,0,0,0,0,0,0,1,1,0,1,0,1,1,1,1,1,1,1
https://confirm-open-messeges.match-member.workers.dev/,0,1,0,1,0,0,1,0,0,0,0,0,0,0,0,0,0,0,0,0
https://mttbbmobileeonlinee.firebaseapp.com/,0,1,0,0,0,0,1,0,1,1,0,0,1,0,0,0,0,0,0,0
https://www.thejetnewspaper.com,0,1,0,0,0,0,0,0,1,1,1,0,1,0,0,1,1,0,1,1
http://www.is-a-lawyer.com,0,0,0,0,0,0,1,0,1,0,0,0,0,0,0,0,0,0,0,0
http://52.172.88.71/,1,0,0,1,0,0,1,0,0,1,1,0,1,0,0,0,0,0,0,0
https://rbfcu800.web.app/,0,1,0,0,0,0,1,0,0,0,0,0,0,0,0,0,0,0,0,0
https://espace-pecyculier.firebaseapp.com/,0,1,0,0,0,0,1,0,1,1,0,0,0,0,0,0,0,0,0,0
https://informacion-de-facturacion.firebaseapp.com/,0,1,0,0,0,0,1,0,1,0,0,0,0,0,0,0,0,0,0,0
https://att-mail-107119.square.site/,0,1,0,0,0,0,1,0,0,1,0,0,0,0,0,0,0,0,0,0
http://www.rockalex.0xhost.net,0,0,0,1,0,0,1,0,0,0,0,0,0,0,0,0,0,0,0,0
https://www.southburlingtonvt.gov,0,1,0,0,0,0,0,0,0,1,1,0,1,0,1,1,0,0,1,1
https://www.hcltechsw.com,0,1,0,0,0,0,0,0,1,1,0,0,1,1,0,1,0,0,1,1
http://www.thetrendskill.com,0,0,0,0,0,0,0,0,1,0,0,0,0,0,0,0,0,0,0,0
https://www.caa.co.za,0,1,0,1,0,0,1,0,0,1,1,1,1,0,1,1,0,0,1,1
https://www.adc.de,0,1,0,0,0,0,0,0,0,1,1,1,1,1,0,1,0,0,1,1
https://goo.gs/31mc6,0,1,0,0,0,0,1,0,0,1,0,0,0,0,0,0,0,0,0,0
https://www.dimanoinmano.it,0,1,0,0,0,0,0,0,0,1,1,0,1,1,0,1,0,0,0,1
http://www.j05203ff6e190f5b73188787c38d3f17ff.ws,0,0,0,0,0,0,0,0,0,1,0,0,1,0,0,0,0,0,0,0
https://www.brother.co.jp,0,1,0,1,0,0,1,0,0,1,0,0,1,1,0,1,0,0,1,1
https://www.st-barthelemy.be,0,1,0,0,0,0,1,0,0,1,0,1,1,0,1,1,1,0,1,1
https://comerogroups-15485.web.app/,0,1,0,0,0,0,1,0,0,1,1,1,1,0,0,0,0,1,0,0
https://metamask.xlylh6.top,0,1,0,0,0,0,1,0,0,1,0,0,0,0,0,0,0,0,0,0
https://dev-ban-itaupyseguridad.pantheonsite.io/,0,1,0,0,0,0,1,0,0,1,0,0,0,0,0,0,0,0,0,0
https://aziyiazhioqyjpozeifeizsiohizof.firebaseapp.com/,0,1,0,0,0,0,1,0,1,1,0,0,1,0,0,0,0,0,0,0
https://www.jericho-city.ps,0,1,0,0,0,0,1,0,0,1,1,0,1,1,0,1,1,0,1,1
https://www.cleverence.ru,0,1,0,0,0,0,0,0,0,1,1,1,1,1,0,1,1,1,1,1
https://www.elexon.co.uk,0,1,0,1,0,0,1,0,0,1,1,1,1,1,0,1,1,0,1,1
https://dfgsahfe.yourtrap.com/,0,1,0,0,0,0,1,0,1,1,0,0,1,0,0,0,0,0,0,0
https://0050601--gvzwq600.repl.co/index1.html,0,1,0,0,0,0,1,0,0,1,0,0,0,0,0,0,0,0,0,0
https://jpmodafeminina.com.br/redirecttion/cicprince,0,1,0,0,0,0,1,0,0,1,0,0,0,0,0,0,0,0,0,0
https://organisasi.bulungan.go.id/public/z0klon774fiuq8rklhkvwc11ou4mghlk,0,1,0,1,0,0,1,0,0,1,0,0,0,0,0,0,0,0,0,0
https://www.ssc.gov.jo,0,1,0,1,0,0,1,0,0,1,0,1,1,1,1,1,1,0,1,1
https://www.lottery.co.uk,0,1,0,1,0,0,1,0,0,1,1,0,1,1,0,0,1,1,1,1
http://www.lcomputers.com,0,0,0,0,0,0,0,0,1,0,0,0,0,0,0,0,0,0,0,0
https://www.rhinolion.co.za,0,1,0,1,0,0,1,0,0,1,0,1,1,1,0,1,1,0,1,1
http://thecnntimes.com/.well-known/6250/login.html,0,0,0,0,0,0,1,0,1,1,0,0,1,0,1,0,1,0,1,0
https://www.equilar.com,0,1,0,0,0,0,0,0,1,1,1,1,1,1,0,1,1,0,1,1
https://www.openmuc.org,0,1,0,0,0,0,0,0,0,1,0,1,1,0,0,0,1,0,1,1
https://www.legalfeminist.org.uk,0,1,0,1,0,0,1,0,0,1,0,1,1,0,0,1,1,1,0,1
https://www.cnid.pt,0,1,0,0,0,0,0,0,0,1,0,1,1,0,0,1,1,0,1,1
http://www.ssh.gammaboat.us,0,0,0,1,0,0,1,0,0,0,0,0,0,0,0,0,0,0,0,0
https://www.melafoundation.org,0,1,0,0,0,0,0,0,0,1,1,0,0,1,0,0,1,0,1,1
http://www.mining711.com,0,0,0,0,0,0,0,0,1,0,0,0,0,0,0,0,0,0,0,0
http://www.jperezprieto-prg.com,0,0,0,0,0,0,1,0,1,0,0,0,0,0,0,0,0,0,0,0
https://dev-validardatoshomebancaelectronico.pantheonsite.io/index4.php,0,1,0,0,0,0,1,0,0,0,0,0,0,0,0,0,0,0,0,0
https://www.hkroadcam.com,0,1,0,0,0,0,0,0,1,1,1,0,1,1,0,0,0,0,1,1
http://www.kyahogysammajhnailagrahiat1.blogspot.com,0,0,0,1,0,0,1,0,1,1,0,0,0,0,0,0,0,0,1,0
https://www.studiolighting.net,0,1,0,0,0,0,0,0,0,1,0,1,1,0,0,0,0,0,0,1
https://www.nomaterra.com,0,1,0,0,0,0,0,0,1,1,1,0,1,1,0,1,1,1,1,1
https://www.derivery.fr,0,1,0,0,0,0,0,0,0,1,0,0,1,1,0,0,1,0,1,1
https://aol-mail-103364.weeblysite.com/,0,1,0,0,0,0,1,0,1,1,1,0,1,0,0,0,0,0,0,0
http://www.yeswesing.com,0,0,0,0,0,0,0,0,1,1,0,0,0,0,0,0,0,0,0,0
http://www.ets-it.net,0,0,0,0,0,0,1,0,0,1,0,0,0,0,0,0,0,0,0,0
http://www.mail.yotaglobal.com,0,0,0,1,0,0,1,0,1,0,0,0,0,0,0,0,0,0,0,0
http://www.kachi.cf,0,0,0,0,0,0,0,0,0,1,0,0,0,0,0,0,0,0,0,0
https://www.worldkidneycancerday.org,0,1,0,0,0,0,0,0,0,1,0,1,1,1,0,1,1,0,0,1
https://www.mehdijournal.com,0,1,0,0,0,0,0,0,1,1,0,0,1,0,0,0,1,0,0,1
https://www-info-orico.kilnpay.com/,0,1,0,0,0,0,1,0,1,1,0,1,1,0,0,0,0,0,0,0
https://www.ohmitetudo.co.jp,0,1,0,1,0,0,1,0,0,1,1,0,1,1,0,1,1,0,1,1
https://www.degradeinvisivel.com.br,0,1,0,1,0,0,1,0,0,1,1,0,0,0,0,1,0,0,1,1
http://www.e1.luyouxia.net,0,0,0,1,0,0,1,0,0,0,0,0,0,0,0,0,0,0,0,0
http://www.prettyhorsesbaja.org,0,0,0,0,0,0,0,0,0,0,0,0,0,0,0,0,0,0,0,0
https://www.ncimusic.com,0,1,0,0,0,0,0,0,1,1,1,1,1,1,0,0,1,0,1,1
https://www.unitedsoybean.org,0,1,0,0,0,0,0,0,0,1,1,1,1,0,0,1,0,0,1,1
https://www.thedumpradio.com,0,1,0,0,0,0,0,0,1,1,0,1,1,0,0,0,0,0,0,1
https://www.winterberrycabin.com,0,1,0,0,0,0,0,0,1,1,0,0,1,1,0,0,1,0,1,1
http://www.nationco-op.org,0,0,0,0,0,0,1,0,0,1,0,0,0,0,0,0,0,0,0,0
https://www.scg.ch,0,1,0,0,0,0,0,0,0,1,0,0,1,0,0,1,0,1,1,1
https://www.leaguecitytx.gov,0,1,0,0,0,0,0,0,0,1,1,0,1,1,0,0,0,0,0,1
https://www.mailsend-online.com,0,1,0,0,0,0,1,0,1,1,1,0,1,1,1,0,1,0,1,1
http://www.restless.su,0,0,0,0,0,0,0,0,0,0,0,0,0,0,0,0,0,0,0,0
https://www.samrizzetta.com,0,1,0,0,0,0,0,0,1,1,1,0,1,0,0,0,1,0,1,1
https://www.sheep-black.com,0,1,0,0,0,0,1,0,1,1,1,0,0,0,0,0,0,0,1,1
http://www.nkdj.urlfb.co,0,0,0,1,0,0,1,0,0,1,0,0,0,0,0,0,0,0,0,0
https://www.nycpretty.com,0,1,0,0,0,0,0,0,1,1,1,1,1,1,0,1,1,0,1,1
http://www.steamstore.map2.ssl.hwcdn.net,0,0,0,1,0,0,1,0,0,0,0,0,0,0,0,0,0,0,0,0
https://file-share-from-lindsey-folder-view.firebaseapp.com/,0,1,0,0,0,0,1,0,1,1,0,0,0,0,0,0,0,0,0,0
https://www.witf.org,0,1,0,0,0,0,0,0,0,1,1,0,1,1,0,1,1,0,1,1
https://www.prnewswire.com,0,1,0,0,0,0,0,0,1,1,0,1,1,1,0,1,0,0,1,1
https://www.gbike.io,0,1,0,0,0,0,0,0,0,1,1,0,0,0,0,1,0,0,1,1
http://www.lovingallupdates.life,0,0,0,0,0,0,0,0,0,0,0,0,0,0,0,0,0,0,0,0
https://obabanter33.firebaseapp.com/,0,1,0,0,0,0,1,0,1,1,0,0,1,0,0,0,0,0,0,0
https://www.habitbull.com,0,1,0,0,0,0,0,0,1,1,1,0,1,0,0,1,1,0,1,1
https://www.jornalcruzeiro.com.br,0,1,0,1,0,0,1,0,0,1,1,1,1,1,0,1,0,0,1,1
https://www.sandiegomagazine.com,0,1,0,0,0,0,0,0,1,1,0,1,1,1,0,1,1,0,1,1
http://www.artzvuk.by,0,0,0,0,0,0,0,0,0,1,0,0,0,0,0,0,0,0,0,0
https://www.arcal-lac.org,0,1,0,0,0,0,1,0,0,1,0,0,1,0,0,1,0,0,1,1
https://yahoo-101495.weeblysite.com/,0,1,0,0,0,0,1,0,1,1,1,0,1,0,0,0,0,0,0,0
https://bafybeifefqstghm5szvssfpanhytmlweoyeclculjta5wy5skj6rdzyfiq.ipfs.dweb.link/araphat.html,0,1,0,1,0,0,1,0,0,1,1,0,1,0,0,0,1,1,0,0
https://www.aubreymarcus.com,0,1,0,0,0,0,0,0,1,1,1,0,1,1,0,1,1,1,1,1
https://www.pinknotes.com,0,1,0,0,0,0,0,0,1,1,0,1,0,1,0,1,0,0,1,1
https://www.buckheit.com,0,1,0,0,0,0,0,0,1,1,0,0,0,1,0,0,0,0,0,1
http://www.hauntmafia.com,0,0,0,0,0,0,0,0,1,0,0,0,0,0,0,0,0,0,0,0
https://www.watpahnanachat.org,0,1,0,0,0,0,0,0,0,1,1,0,1,1,0,1,0,0,1,1
https://vqt8igzi5tif.zeilschoolheeg.nl/lma9rach/,0,1,0,0,0,0,1,0,0,0,0,0,0,0,0,0,0,0,0,0
https://www.graphicly.com,0,1,0,0,0,0,0,0,1,1,0,1,1,1,0,0,1,0,1,1
https://robertscotland1.wixsite.com/at-t,0,1,0,0,0,0,1,0,1,1,0,1,1,1,0,0,0,0,0,0
http://www.castlemainefarmersmarket.online,0,0,0,0,0,0,0,0,0,0,0,0,0,0,0,0,0,0,0,0
https://www.concordpools.com,0,1,0,0,0,0,0,0,1,1,1,0,1,1,0,1,0,0,1,1
https://www.freeprintscards.co.uk,0,1,0,1,0,0,1,0,0,1,1,0,1,1,0,1,0,0,1,1
http://sksfishtrading.com/public/,0,0,0,0,0,0,1,0,1,0,0,0,0,0,0,0,0,0,0,0
http://trustwallet.org.cn/,0,0,0,0,0,0,1,0,0,1,0,0,0,0,0,0,0,0,0,0
https://dgsnl88ssf63d22ebc820dc.opticair.ru/ps-63ebbccbeb51e,0,1,0,0,0,0,1,0,0,1,0,1,1,0,0,0,0,0,0,0
https://www.awaawards.com,0,1,0,0,0,0,0,0,1,1,1,1,1,0,0,1,1,0,1,1
https://www.understandingglasgow.com,0,1,0,0,0,0,0,0,1,1,1,0,0,1,0,0,1,0,1,1
http://www.dmoneylife.com,0,0,0,0,0,0,0,0,1,0,0,0,0,0,0,0,0,0,0,0
https://www.freelanceuk.com,0,1,0,0,0,0,0,0,1,1,1,0,1,1,0,1,1,0,1,1
https://maildinshaakckjnw372.firebaseapp.com/,0,1,0,0,0,0,1,0,1,1,0,0,1,0,0,0,0,0,0,0
https://www.budiey.com,0,1,0,0,0,0,0,0,1,1,0,1,1,1,0,1,0,0,1,1
https://www.cloudmonitoring.us,0,1,0,0,0,0,0,0,0,1,1,0,1,0,0,1,1,0,0,1
https://www-info-cr-mufg.nxenfrf.com/jp.php,0,1,0,0,0,0,1,0,1,1,0,1,1,0,0,0,0,0,0,0
http://organisasi.bulungan.go.id/public/k0nscpsrbcfriciwionhm1qknees9zxl,0,0,0,1,0,0,1,0,0,1,0,0,0,0,0,0,0,0,0,0
https://3thrivers.info/dkjsatuth/#wa=wsignin1.0&amp;rpsnv=13&amp;ct=1539585327&amp;rver=7.0.6737.0&amp;wp=mbi_ssl&amp;wreply=https%3a%2f%2foutlook.live.com%2fowa%2f%3fnlp%3d1%26rpscsrfstate%3d715d44a2-2f11-4282-f625-a066679e96e2&amp;id=292841&amp;cbcxt=out&amp;lw=1&amp;fl=dob%2cflname%2cwld&amp;cobrandid=90015&amp;domain=,0,1,1,0,1,0,1,0,0,1,1,0,1,0,0,0,1,1,1,0
http://www.go.ru,0,0,0,0,0,0,0,0,0,1,0,0,0,0,0,0,0,0,0,0
https://ipfs.io/ipfs/qmrenjzldojvkjceyumtaaxm6udnlc1bdnj7f4rjlm4lqv/connect.html,0,1,0,0,0,0,1,0,0,1,0,0,0,0,0,0,0,0,0,0
http://www.bestcannabisbutiken.com,0,0,0,0,0,0,0,0,1,1,0,0,1,0,0,0,0,0,0,0
https://www.barclayscenter.com,0,1,0,0,0,0,0,0,1,1,1,0,1,1,0,1,1,0,1,1
http://www.eg.gp,0,0,0,0,0,0,0,0,0,1,0,0,0,0,0,0,0,0,0,0
http://tokmpbpfcg.lie4iit.club/vnafvra97w/?q=3717065149&id=100,0,0,0,0,1,1,1,0,0,1,0,0,0,0,0,0,0,0,0,0
https://nz-post-id.web.app/,0,1,0,0,0,0,1,0,0,1,0,0,1,0,0,0,0,0,0,0
https://www.expressfm.com,0,1,0,0,0,0,0,0,1,1,0,1,1,1,0,1,1,0,1,1
http://www.mindslaver.com,0,0,0,0,0,0,0,0,1,1,0,0,0,0,0,0,0,0,0,0
https://www.president.bg,0,1,0,0,0,0,0,0,0,1,1,0,0,1,0,1,0,0,1,1
http://www.mmd.server-mr.tk,0,0,0,1,0,0,1,0,0,1,0,0,1,0,0,0,0,0,0,0
https://www.businessfrance.fr,0,1,0,0,0,0,0,0,0,1,0,0,0,0,0,1,1,0,0,1
http://www.sinclair-electrical.com,0,0,0,0,0,0,1,0,1,0,0,0,0,0,0,0,0,0,0,0
https://www.lewistownsentinel.com,0,1,0,0,0,0,0,0,1,1,1,0,1,1,0,1,1,0,1,1
http://www.rapicreditocol.com,0,0,0,0,0,0,0,0,1,1,0,0,0,0,0,0,0,0,0,0
http://www.vop.earthsolution.org,0,0,0,1,0,0,1,0,0,0,0,0,1,0,0,0,0,0,0,0
http://www.mrsconnect.org,0,0,0,0,0,0,0,0,0,1,0,0,1,0,0,0,0,0,1,0
https://www.arenasolutions.com,0,1,0,0,0,0,0,0,1,1,1,1,1,1,0,1,0,0,1,1
http://www.qataracfridgerepaire.com,0,0,0,0,0,0,0,0,1,0,0,0,0,0,0,0,0,0,0,0
https://www.the-coveted.com,0,1,0,0,0,0,1,0,1,1,0,0,1,0,0,0,1,0,0,1
http://jjhwnauaye.duckdns.org,0,0,0,0,0,0,1,0,0,0,0,0,0,0,0,0,0,0,0,0
https://www.swissid.ch,0,1,0,0,0,0,0,0,0,1,1,0,1,1,0,1,0,0,0,1
http://bitly.ws/v4j5,0,0,0,0,0,0,1,0,0,1,0,0,0,0,0,0,0,0,0,0
https://www.petersteen.be,0,1,0,0,0,0,0,0,0,1,1,0,1,1,0,1,1,0,1,1
https://www.bedtimefan.com,0,1,0,0,0,0,0,0,1,1,1,0,1,0,0,0,0,0,1,1
https://c2864d40-4761-45ee-be1f-d080bddb6687.id.repl.co/,0,1,0,1,0,0,1,0,0,1,0,0,0,0,0,0,0,0,0,0
https://www.fopconnect.com,0,1,0,0,0,0,0,0,1,1,0,1,1,1,0,0,1,1,1,1
https://www.lawrencedurrell.org,0,1,0,0,0,0,0,0,0,1,0,0,1,0,0,1,1,0,1,1
https://smespacnebitl-comfr.firebaseapp.com/,0,1,0,0,0,0,1,0,1,1,0,0,0,0,0,0,0,0,0,0
https://uqeups.com/,0,1,0,0,0,0,1,0,1,1,0,1,1,0,0,0,0,0,0,0
https://metasupport17896312023133.live/contact/id=b25g62f1/review/twofactor.php?next=https%3a%2f%2fwww.facebook.com%2f,0,1,0,0,1,1,1,0,0,1,0,0,1,0,1,1,1,1,1,0
https://kcole608.wixsite.com/my-site,0,1,0,0,0,0,1,0,1,1,0,1,1,1,0,0,0,0,0,0
https://www.pro-physik.de,0,1,0,0,0,0,1,0,0,1,1,0,1,0,0,1,1,1,1,1
https://blioouu8-108413.square.site/,0,1,0,0,0,0,1,0,0,1,0,0,0,0,0,0,0,0,0,0
https://www.bmonroesalon.com,0,1,0,0,0,0,0,0,1,1,0,0,1,0,0,1,0,0,1,1
https://04e12435-bbc4-41b1-92e7-895bbdde8096.id.repl.co,0,1,0,1,0,0,1,0,0,1,0,0,0,0,0,0,0,0,0,0
https://pub-dcd992e051224d49bc4d37f504eeac15.r2.dev/wsom.html,0,1,0,0,0,0,1,0,0,0,0,0,0,0,0,0,0,0,0,0
http://stasfeen.blogspot.com/,0,0,0,0,0,0,1,0,1,1,0,0,0,0,0,0,0,0,0,0
http://www.demo007.space,0,0,0,0,0,0,0,0,0,1,0,0,1,0,0,0,0,0,0,0
https://att-100115.weeblysite.com/,0,1,0,0,0,0,1,0,1,1,0,0,0,0,0,0,0,0,0,0
https://814106.selcdn.ru/teams365/index8.html,0,1,0,0,0,0,1,0,0,0,0,0,0,0,0,0,0,0,0,0
https://dolunaytravel.com/wp-includes/js/tinymce/skins/lightgray/lala/en/clients/details.php?verification,0,1,0,0,0,1,1,0,1,1,0,1,1,0,0,0,0,0,0,0
https://www.nolacashhousebuyer.com,0,1,0,0,0,0,0,0,1,1,0,0,1,1,0,1,1,1,1,1
https://ipfs.io/ipfs/qmvnzv1wqfpcxwcdstph4ecxwbdnenu28fpnifalzgebth,0,1,0,0,0,0,1,0,0,1,0,0,0,0,0,0,1,1,0,0
https://www.kp.org.tr,0,1,0,1,0,0,1,0,0,1,1,0,1,0,0,1,0,0,0,1
https://roarfs.com/netcc/index.html,0,1,0,0,0,0,1,0,1,1,0,0,1,0,0,0,1,0,0,0
https://www.wcb.ny.gov,0,1,0,1,0,0,1,0,0,1,0,0,1,1,0,1,1,0,0,1
https://business-confirm-appeal.web.app/,0,1,0,0,0,0,1,0,0,1,0,0,1,0,0,0,0,0,0,0
https://mof-gov-cac43.firebaseapp.com/,0,1,0,0,0,0,1,0,1,1,1,0,1,0,0,0,0,0,0,0
http://sdpmlf.hyperphp.com/,0,0,0,0,0,0,1,0,1,0,0,0,0,0,0,0,0,0,0,0
http://www.stuff-4-sale.org,0,0,0,0,0,0,1,0,0,0,0,0,0,0,0,0,0,0,0,0
https://www.alter-magazine.jp,0,1,0,0,0,0,1,0,0,1,0,0,1,1,0,1,1,0,1,1
http://www.127e.sbdgb.com,0,0,0,1,0,0,1,0,1,0,0,0,0,0,0,0,0,0,0,0
http://shorturl.at/afv48,0,0,0,0,0,0,1,0,0,1,0,0,0,0,0,0,0,0,0,0
https://sites.google.com/view/serv-appli-obank-fr/accueil,0,1,0,0,0,0,1,0,1,1,1,0,1,0,0,0,0,0,1,0
http://www.girlisbad.com,0,0,0,0,0,0,0,0,1,0,0,0,0,0,0,0,0,0,0,0
https://www.redcrackle.com,0,1,0,0,0,0,0,0,1,1,1,0,1,1,0,0,0,0,1,1
https://www.the-travel-bunny.com,0,1,0,0,0,0,1,0,1,1,1,1,1,1,0,1,1,0,1,1
http://www.rurik.at.ua,0,0,0,1,0,0,1,0,0,1,1,0,1,0,0,1,1,0,0,0
http://www.com-privacy-help.info,0,0,0,0,0,0,1,0,0,0,0,0,0,0,0,0,0,0,0,0
https://dev-homm7678754.pantheonsite.io/,0,1,0,0,0,0,1,0,0,1,0,0,0,0,0,0,0,0,0,0
https://www.ica.org.uk,0,1,0,1,0,0,1,0,0,1,1,1,1,1,0,0,1,0,1,1
https://bafybeiccshzk6ser2djbuecdg5b6cgs4gs3cyc6y4o6yomxqwcqmc6owwa.ipfs.nftstorage.link/,0,1,0,1,0,0,1,0,0,1,0,1,1,0,0,0,1,0,0,0
http://www.carelf.mom,0,0,0,0,0,0,0,0,0,1,0,1,1,0,0,0,1,0,0,0
https://www.pediatricsunlimited.org,0,1,0,0,0,0,0,0,0,1,1,0,1,1,0,1,1,0,0,1
https://www.nettn.com,0,1,0,0,0,0,0,0,1,1,0,1,1,1,0,0,0,0,0,1
https://nine3five.com/,0,1,0,0,0,0,0,0,1,0,0,0,0,0,0,0,0,0,0,0
https://www.zupimages.net,0,1,0,0,0,0,0,0,0,1,1,1,0,1,0,0,0,0,1,1
https://www.hepvs.ch,0,1,0,0,0,0,0,0,0,1,1,0,1,1,0,1,0,0,1,1
https://dark-rain-621b.eagjdmxaxe.workers.dev/,0,1,0,1,0,0,1,0,0,0,0,0,0,0,0,0,0,0,0,0
https://link-internal-sistema-sicuro-supporto.cfolks.pl/bper-sicuro/application/mobile/public/webapp/digital-login/area-riservata.php,0,1,0,0,0,0,1,0,0,1,0,0,1,0,0,0,0,0,0,0
https://sej.eleveniw.info/,0,1,0,0,0,0,1,0,0,1,0,1,0,0,0,0,0,0,1,0
http://www.vuatritue.com,0,0,0,0,0,0,0,0,1,0,0,0,0,0,0,0,0,0,0,0
https://mkfkdkkfkfddd.s3.eu-west-3.amazonaws.com/aaqkagnmmzdhmtdiltaxmmetnguwmy05ymu0ltkwngnhyzy1zj.html,0,1,0,1,0,0,1,0,1,0,0,0,0,0,0,0,1,1,0,0
https://www.lpsc.louisiana.gov,0,1,0,1,0,0,1,0,0,1,0,0,1,1,0,1,0,0,0,1
https://www.lemonskystudios.com,0,1,0,0,0,0,0,0,1,1,0,0,0,1,0,1,0,0,1,1
https://www.priceypads.com,0,1,0,0,0,0,0,0,1,1,0,1,0,0,0,1,1,0,1,1
https://www.shindesign.ch,0,1,0,0,0,0,0,0,0,1,1,0,1,1,0,1,1,0,1,1
https://www.revk.uk,0,1,0,0,0,0,0,0,0,1,1,0,0,0,0,1,1,0,1,1
http://www.leasiacherise.com,0,0,0,0,0,0,0,0,1,1,0,0,1,0,0,0,0,0,0,0
https://www.storytellersunplugged.com,0,1,0,0,0,0,0,0,1,1,0,1,1,0,0,0,1,0,1,1
http://dev-colombo08589.pantheonsite.io/,0,0,0,0,0,0,1,0,0,1,0,0,0,0,0,0,0,0,0,0
http://www.wt111.downyouxi.com,0,0,0,1,0,0,1,0,1,0,0,0,0,0,0,0,0,0,0,0
http://www.yedirenkajans.com,0,0,0,0,0,0,0,0,1,1,0,0,0,0,0,0,0,0,0,0
https://instagram-sk.blogspot.com/,0,1,0,0,0,0,1,0,1,1,0,0,0,0,0,0,0,0,0,0
https://www.nysabprl.org,0,1,0,0,0,0,0,0,0,1,0,1,1,0,0,0,1,0,0,1
https://www.linenroom.com.au,0,1,0,1,0,0,1,0,0,1,0,1,1,1,0,1,1,1,1,1
https://www.jast.jp,0,1,0,0,0,0,0,0,0,1,1,0,1,1,0,0,0,0,1,1
https://www.goes.noaa.gov,0,1,0,1,0,0,1,0,0,1,0,0,1,1,0,0,0,0,0,1
http://bet988d.com/,0,0,0,0,0,0,0,0,1,1,0,0,0,0,0,0,0,0,0,0
https://www.tevausa.com,0,1,0,0,0,0,0,0,1,1,1,0,0,0,0,1,1,0,1,1
https://www.operationrenewalofhope.com,0,1,0,0,0,0,0,0,1,1,0,1,1,0,0,0,0,0,1,1
https://maildinshaakckjnw74.web.app/,0,1,0,0,0,0,1,0,0,1,0,0,1,0,0,0,0,0,0,0
https://www.yok.gov.tr,0,1,0,1,0,0,1,0,0,1,1,0,1,0,0,0,0,0,1,1
http://www.mix-plus.co.kr,0,0,0,1,0,0,1,0,0,1,0,0,0,1,0,0,0,0,0,0
https://maildinshaakckjnw248.web.app/,0,1,0,0,0,0,1,0,0,1,0,0,1,0,0,0,0,0,0,0
https://update-nlbpaysi.deepskygallery.com/start/index.html,0,1,0,0,0,0,1,0,1,1,0,0,1,0,1,0,1,1,0,0
https://www.usemax.de,0,1,0,0,0,0,0,0,0,1,1,0,1,1,0,0,0,0,1,1
http://netflix-lsvt9s3tm-jssdestroyerman.vercel.app/,0,0,0,0,0,0,1,0,0,0,0,0,0,0,0,0,0,0,0,0
https://www.chrisfinke.com,0,1,0,0,0,0,0,0,1,1,0,1,1,1,0,1,1,0,0,1
http://tmsbqrgbqs.duckdns.org,0,0,0,0,0,0,1,0,0,0,0,0,0,0,0,0,0,0,0,0
http://www.adrilan-sana.ml,0,0,0,0,0,0,1,0,0,1,0,0,0,0,0,0,0,0,0,0
https://poste-kyc.vip/,0,1,0,0,0,0,1,0,0,0,0,0,0,0,0,0,0,0,0,0
http://www.medoo.publicvm.com,0,0,0,1,0,0,1,0,1,1,0,0,0,0,0,0,0,0,0,0
https://www.wyrdlight.com,0,1,0,0,0,0,0,0,1,1,1,0,0,1,0,0,0,0,1,1
https://www.leptospirosis.org,0,1,0,0,0,0,0,0,0,1,0,1,1,1,0,0,0,0,0,1
http://www.cdn2.inwemo.com,0,0,0,1,0,0,1,0,1,0,0,0,0,0,0,0,0,0,0,0
https://www.alphapolis.co.jp,0,1,0,1,0,0,1,0,0,1,0,0,1,1,0,1,1,0,1,1
http://salmoncloud-3yxdju--84039531321994.stormkit.dev/,0,0,0,0,0,0,1,0,0,0,0,0,0,0,0,0,0,0,0,0
http://www.rakcten-card.qgaiblc.cn/,0,0,0,1,0,0,1,0,0,1,0,0,0,0,0,0,0,0,0,0
https://www.najnakup.sk,0,1,0,0,0,0,0,0,0,1,1,1,1,1,0,1,0,0,1,1
https://sbcglobalverifypagenow.boxmode.io/,0,1,0,0,0,0,1,0,0,1,1,0,1,1,0,0,0,0,0,0
https://www.kbbdaily.com,0,1,0,0,0,0,0,0,1,1,0,1,1,0,0,1,1,0,1,1
http://www.amazcazm-co-jp.amaozcon.liaotianchaxun.top,0,0,0,1,0,0,1,0,0,0,1,0,1,0,0,0,0,0,0,0
https://meta-business-appeal-120897521.firebaseapp.com/,0,1,0,0,0,0,1,0,1,1,0,0,1,0,0,0,0,0,0,0
https://le-site-web-de-configziggonl.yolasite.com/,0,1,0,0,0,0,1,0,1,1,0,0,0,0,0,0,1,0,0,0
http://www.compdate.my03.com,0,0,0,1,0,0,1,0,1,1,0,0,0,0,0,0,0,0,0,0
https://www.ocfrealty.com,0,1,0,0,0,0,0,0,1,1,1,1,1,1,0,1,0,0,1,1
http://www.e7cree5ai3m.48f7668a8f55e54e5f458f1ax.store,0,0,0,1,0,0,1,0,0,0,0,0,0,0,0,0,0,0,0,0
http://www.shopeevxs.live/,0,0,0,0,0,0,1,0,0,1,0,0,0,0,0,0,0,0,0,0
https://www.stirlingstudentsunion.com,0,1,0,0,0,0,0,0,1,1,1,0,1,0,0,1,1,0,0,1
https://ipfs.io/ipfs/qmatu6dykwoqu75opuamuqd77gkgetnpwweuopnvpeeyvw,0,1,0,0,0,0,1,0,0,1,1,0,0,0,0,0,1,1,0,0
http://www.news.saltlakenews.org,0,0,0,1,0,0,1,0,0,1,0,0,0,0,0,0,0,0,0,0
https://www.deepstealth.com,0,1,0,0,0,0,0,0,1,1,0,1,1,0,0,1,1,0,1,1
https://www.heirloombk.com,0,1,0,0,0,0,0,0,1,1,0,0,1,1,0,1,1,1,1,1
https://ib12.site-ddclientepromocao.co.ua/html/classico/index.shtm/,0,1,0,1,0,0,1,0,0,0,0,0,0,0,0,0,0,0,0,0
https://www.hastybake.com,0,1,0,0,0,0,0,0,1,1,0,0,1,1,0,1,1,1,1,1
https://tatita-98f52.firebaseapp.com/,0,1,0,0,0,0,1,0,1,1,0,0,1,0,0,0,0,0,0,0
https://www.shkolazhizni.ru,0,1,0,0,0,0,0,0,0,1,1,0,1,1,0,0,1,0,1,1
http://bafybeig3xlhquzvdynnlfn6v7oau5zbfb4vrozsfr6wk6rz4csuahda3gq.ipfs.dweb.link/,0,0,0,1,0,0,1,0,0,1,0,0,0,0,0,0,0,0,0,0
https://www.eman8.net,0,1,0,0,0,0,0,0,0,1,1,1,1,0,1,1,1,0,1,1
http://reactbisitetoke.260mb.net/,0,0,0,0,0,0,1,0,0,0,0,0,0,0,0,0,0,0,0,0
http://www.trprivates.com,0,0,0,0,0,0,0,0,1,0,0,0,0,0,0,0,0,0,0,0
http://www.members.nlbformula.com,0,0,0,1,0,0,1,0,1,0,0,0,0,0,0,0,0,0,0,0
https://www.tobatabo.com,0,1,0,0,0,0,0,0,1,1,0,1,1,1,0,1,0,0,1,1
https://trackconfirmation.com/9577162e-cdc4-48ee-8e05-f1c1e421d86f,0,1,0,0,0,0,1,0,1,0,0,0,0,0,0,0,0,0,0,0
https://wordpress-363999-1306147.cloudwaysapps.com/unionbank/unionbank/online/login,0,1,0,0,0,0,1,0,1,1,0,0,0,0,0,0,1,1,0,0
http://www.authymysexy.info,0,0,0,0,0,0,0,0,0,1,0,0,0,0,0,0,0,0,0,0
https://www.don-patadon.com,0,1,0,0,0,0,1,0,1,1,1,0,0,0,0,1,1,0,1,1
http://www.rendevooapp.com,0,0,0,0,0,0,0,0,1,1,0,0,1,0,0,0,0,0,0,0
https://www.nebraska.gov,0,1,0,0,0,0,0,0,0,1,1,0,1,1,0,1,0,0,1,1
http://www.remonit.ru,0,0,0,0,0,0,0,0,0,1,0,0,0,0,0,0,0,0,0,0
https://www.quickborn.de,0,1,0,0,0,0,0,0,0,1,1,1,1,1,0,1,1,0,1,1
https://www.musicvoice.jp,0,1,0,0,0,0,0,0,0,1,1,0,1,1,0,1,1,0,1,1
https://digital3riiversaccess.icu/clicknow/#wa=wsignin1.0&amp;rpsnv=13&amp;ct=1539585327&amp;rver=7.0.6737.0&amp;wp=mbi_ssl&amp;wreply=https%3a%2f%2foutlook.live.com%2fowa%2f%3fnlp%3d1%26rpscsrfstate%3d715d44a2-2f11-4282-f625-a066679e96e2&amp;id=292841&amp;cbcxt=out&amp;lw=1&amp;fl=dob%2cflname%2cwld&amp;cobrandid=90015&amp;domain=,0,1,1,0,1,0,1,0,0,1,1,0,1,0,0,0,1,1,1,0
https://www.edelgive.org,0,1,0,0,0,0,0,0,0,1,1,1,1,0,1,1,1,0,1,1
http://www.perrr.cannca.shop,0,0,0,1,0,0,1,0,0,1,0,0,0,0,0,0,0,0,0,0
https://www.panamax.io,0,1,0,0,0,0,0,0,0,1,1,0,1,0,0,1,1,0,1,1
http://www.php.tripadvisorsapp.com,0,0,0,1,0,0,1,0,1,0,0,0,0,0,0,0,0,0,0,0
https://www.whirledbank.org,0,1,0,0,0,0,0,0,0,1,0,0,0,0,0,0,0,0,1,1
https://www.lalashops.nl,0,1,0,0,0,0,0,0,0,1,1,1,1,1,1,0,1,0,1,1
https://www.fmi.org,0,1,0,0,0,0,0,0,0,1,1,0,1,1,0,1,1,0,1,1
https://www.re-cycle-on.fr,0,1,0,0,0,0,1,0,0,1,0,1,1,1,0,1,1,0,1,1
https://panelweb-4cae2.web.app/webmail-2096/index.htm#?a@b.com,0,1,0,0,0,1,1,0,0,1,0,0,1,0,0,0,1,1,1,0
http://www.fili.cc,0,0,0,0,0,0,0,0,0,1,0,0,0,0,0,0,0,0,0,0
https://e-bisapluswed.verifiicacion.repl.co/,0,1,0,1,0,0,1,0,0,1,0,0,0,0,0,0,0,0,0,0
http://www.truecryptrussia.ru,0,0,0,0,0,0,0,0,0,0,0,0,0,0,0,0,0,0,0,0
http://www.jerodw.ga,0,0,0,0,0,0,0,0,0,1,0,0,0,0,0,0,0,0,0,0
https://sfr-commande-esim.fr/verification/login.php,0,1,0,0,0,0,1,0,0,1,0,0,1,0,0,0,0,0,0,0
https://www.kasiinoonline.ee,0,1,0,0,0,0,0,0,0,1,0,0,1,1,0,1,0,0,1,1
https://supporto-web-clienti.66-29-151-141.cprapid.com/checkclient.php?&amp;sessionid=9d30164cdeb61a4caaff2d044a3fd599,0,1,0,1,1,1,1,0,1,0,0,0,0,0,0,0,0,0,0,0
https://www.trsga.com,0,1,0,0,0,0,0,0,1,1,1,0,1,0,0,1,1,0,1,1
http://www.vmpp.comule.com,0,0,0,1,0,0,1,0,1,1,0,0,0,0,0,0,0,0,0,0
http://www.recover-session-service.site,0,0,0,0,0,0,1,0,0,0,0,0,0,0,0,0,0,0,0,0
https://www.ussvi.org,0,1,0,0,0,0,0,0,0,1,0,0,1,0,0,1,1,0,1,1
https://my-site-101353-100233.weeblysite.com/,0,1,0,0,0,0,1,0,1,1,0,0,0,0,0,0,0,0,0,0
https://my-business-104933-102422.square.site/,0,1,0,0,0,0,1,0,0,1,0,0,0,0,0,0,0,0,0,0
https://webmail-102439.weeblysite.com/,0,1,0,0,0,0,1,0,1,1,0,0,0,0,0,0,0,0,0,0
https://www.hardnews.nl,0,1,0,0,0,0,0,0,0,1,1,1,1,1,0,1,1,0,1,1
https://www.candywrappermuseum.com,0,1,0,0,0,0,0,0,1,1,1,0,0,1,0,1,0,0,1,1
http://www.adobeflashplayer.link,0,0,0,0,0,0,0,0,0,0,0,0,0,0,0,0,0,0,0,0
https://shorturl.at/msfs7,0,1,0,0,0,0,1,0,0,1,0,0,0,0,0,0,0,0,0,0
http://www.samanee-sana.ml,0,0,0,0,0,0,1,0,0,1,0,0,0,0,0,0,0,0,0,0
https://sajifjkyv8n.web.app/,0,1,0,0,0,0,1,0,0,1,0,0,1,0,0,0,0,0,0,0
https://www.thatsmags.com,0,1,0,0,0,0,0,0,1,1,1,0,1,1,0,1,1,0,1,1
http://bit.ly/libper,0,0,0,0,0,0,1,0,0,1,0,1,1,0,0,0,0,0,0,0
https://ofertas-online-5567.myshopify.com/,0,1,0,0,0,0,1,0,1,1,0,0,0,0,0,0,0,0,0,0
http://www.falconna.com,0,0,0,0,0,0,0,0,1,1,0,0,0,0,0,0,0,0,0,0
http://bulltransporte.com.ar/express.axp/amex/lgn.php,0,0,0,0,0,0,1,0,0,1,0,0,0,0,0,0,0,0,0,0
https://hospitablecaringoffice--bpcijn.repl.co,0,1,0,0,0,0,1,0,0,1,0,0,0,0,0,0,0,0,0,0
https://www.gencon.com,0,1,0,0,0,0,0,0,1,1,1,0,0,0,0,1,1,0,0,1
https://www.metabolismofcities.org,0,1,0,0,0,0,0,0,0,1,1,0,1,0,0,1,0,0,0,1
http://cloudflare-ipfs.com/ipfs/qmqtktcrnwnbhyshlefxf1xzwbswsadz8lrubs4qti8xo5,0,0,0,0,0,0,1,0,1,0,0,0,0,0,0,0,0,0,0,0
https://ejhe08-tfj0.web.app/,0,1,0,0,0,0,1,0,0,1,0,0,1,0,0,0,0,0,0,0
https://www.addierawr.com,0,1,0,0,0,0,0,0,1,1,1,0,1,1,0,1,1,0,0,1
https://www.wallstreet-online.de,0,1,0,0,0,0,1,0,0,1,1,1,1,1,0,0,1,0,1,1
https://www.airlift.no,0,1,0,0,0,0,0,0,0,1,1,0,1,1,0,1,1,0,0,1
https://www.ekli-nat.ekinrt.wmfqql.top,0,1,0,1,0,0,1,0,0,1,0,0,0,0,0,0,0,0,0,0
http://www.quiet.earthsolution.org,0,0,0,1,0,0,1,0,0,0,0,0,1,0,0,0,0,0,0,0
https://steamconmmunrtiy.com/profiles/765611983644799542,0,1,0,0,0,0,1,0,1,1,0,0,0,0,0,0,0,0,0,0
https://www.sugarspiceandsparkle.com,0,1,0,0,0,0,0,0,1,1,1,0,0,0,0,0,1,0,1,1
http://www.cc836593.com/,0,0,0,0,0,0,0,0,1,0,0,0,0,0,0,0,0,0,0,0
https://yaxrfu.onedrive0001.workers.dev/,0,1,0,1,0,0,1,0,0,0,0,0,0,0,0,0,1,0,0,0
http://www.ftp.shugiin.jkub.com,0,0,0,1,0,0,1,0,1,1,0,0,0,0,0,0,0,0,0,0
https://outlook128.yolasite.com/,0,1,0,0,0,0,1,0,1,1,0,0,0,0,0,0,1,0,1,0
https://www.alyssa-nicole.com,0,1,0,0,0,0,1,0,1,1,1,1,1,1,0,1,1,1,1,1
http://www.smartwebdesign.ro,0,0,0,0,0,0,0,0,0,1,0,0,1,0,0,0,0,0,0,0
https://bafybeic5mqe3tpm37q6ozux6th2gm3fhy74v4oz3w2rdjnkbrf33hwf2pq.ipfs.dweb.link/summary04.html,0,1,0,1,0,0,1,0,0,0,0,0,0,0,0,0,0,0,0,0
http://acikdeniz-kredi-mobil.tk/,0,0,0,0,0,0,1,0,0,1,1,0,1,0,0,0,1,1,0,0
https://docsend.com/view/76ic85fc7kh726cu,0,1,0,0,0,0,1,0,1,1,0,0,0,0,0,0,0,0,0,0
http://www.basepicks.com,0,0,0,0,0,0,0,0,1,0,0,0,0,0,0,0,0,0,0,0
https://bafybeibgdq4pxqdc46vb2fgn3zou3j3bwpnz2roqhqdlztc63msexcefci.ipfs.dweb.link//lndex-wetransfer.html/,0,1,0,1,0,0,1,0,0,0,0,0,0,0,0,0,0,0,0,0
https://www.twocircles.net,0,1,0,0,0,0,0,0,0,1,0,0,1,0,0,1,1,0,1,1
http://credo.webmatic.repl.co/,0,0,0,1,0,0,1,0,0,1,0,0,0,0,0,0,0,0,0,0
https://87eea629-b64e-4371-b3de-3688575a1463.id.repl.co/,0,1,0,1,0,0,1,0,0,1,0,0,0,0,0,0,0,0,0,0
http://www.newsoneclick.com,0,0,0,0,0,0,0,0,1,1,0,0,1,0,0,0,0,0,0,0
https://www.city.saiki.oita.jp,0,1,0,1,0,0,1,0,0,1,1,0,1,0,0,1,1,0,1,1
https://www.hifly10365.top/,0,1,0,0,0,0,0,0,0,1,0,0,0,0,0,0,0,0,0,0
https://www.rush.ph,0,1,0,0,0,0,0,0,0,1,0,0,1,1,0,1,0,0,1,1
https://www.donachique.com.br,0,1,0,1,0,0,1,0,0,1,1,1,0,1,0,1,1,0,1,1
https://www.hydromajestic.com.au,0,1,0,1,0,0,1,0,0,1,0,0,1,1,0,1,1,0,1,1
https://www.therainierclub.com,0,1,0,0,0,0,0,0,1,1,1,1,1,1,0,1,0,0,1,1
http://ofizpvfhrb.duckdns.org,0,0,0,0,0,0,1,0,0,0,0,0,0,0,0,0,0,0,0,0
http://allegroloaklnie.04151511.xyz/,0,0,0,0,0,0,1,0,0,0,0,0,0,0,0,0,0,0,0,0
https://www.developmentready.com.au,0,1,0,1,0,0,1,0,0,1,1,0,1,1,0,1,1,0,1,1
http://www.foodresorts.com,0,0,0,0,0,0,0,0,1,0,0,0,1,0,0,0,0,0,0,0
http://www.sadma.knrowz.com,0,0,0,1,0,0,1,0,1,1,0,0,0,0,0,0,0,0,0,0
https://www.forevermissed.com,0,1,0,0,0,0,0,0,1,1,1,1,1,1,1,1,1,0,1,1
https://www.joyaether.com,0,1,0,0,0,0,0,0,1,1,1,1,1,1,0,1,1,0,1,1
https://www.appsirgames.com,0,1,0,0,0,0,0,0,1,1,1,0,0,0,0,1,1,0,1,1
https://www.taipeitimes.com,0,1,0,0,0,0,0,0,1,1,0,0,1,1,0,1,0,0,1,1
https://att-mail-109399.weeblysite.com/,0,1,0,0,0,0,1,0,1,1,1,0,1,0,0,0,0,0,0,0
https://mclieull-khuody-mccleiags.yolasite.com/,0,1,0,0,0,0,1,0,1,1,0,0,0,0,0,0,1,0,1,0
https://www.lla.com,0,1,0,0,0,0,0,0,1,1,1,0,1,1,0,1,0,0,1,1
https://www.tungstenworld.com,0,1,0,0,0,0,0,0,1,1,1,1,0,1,1,1,1,0,1,1
https://www.reinforce.awsevents.com,0,1,0,1,0,0,1,0,1,1,1,0,1,1,0,1,0,0,1,1
https://docs.google.com/forms/d/e/1faipqlsdce9c1bqexlzlu9rojtuwtaatyeeshywbkmuiobrw_a-_mga/viewform?usp=pp_url,0,1,0,0,1,1,1,0,1,1,1,0,1,0,0,0,1,0,0,0
https://fattura.staffasestenza.co/pannelloadmin/df9deebcd4a935e/cc.php,0,1,0,0,0,0,1,0,0,0,0,0,0,0,0,0,0,0,0,0
https://www.forumotion.com,0,1,0,0,0,0,0,0,1,1,1,1,1,1,0,1,1,0,1,1
https://dkb-service.systemhaus.shop/red/login,0,1,0,0,0,0,1,0,0,0,0,0,1,0,0,0,0,0,0,0
https://help-meta-id-201669076.web.app/,0,1,0,0,0,0,1,0,0,1,1,0,1,0,0,0,0,0,0,0
http://suwirun.com/rasc?stepid=amfwx2dhymlaewfob28uzxm=&amp;step=s1gbdkclyhqz&amp;id=ing,0,0,0,0,1,1,1,0,1,1,0,0,0,0,0,0,0,0,0,0
https://dominionovo3.com/?gclid=eaiaiqobchmi_-2wt83q_aiv1cfich1pnwbmeaayasaaegilypd_bwe,0,1,0,0,1,1,1,0,1,0,0,0,0,0,0,0,0,0,0,0
https://thelanguagegallerycanada.com/ato/mygov/index2.html,0,1,0,0,0,0,1,0,1,1,1,0,1,1,0,0,1,1,1,0
https://www.owenbrotherscatering.com,0,1,0,0,0,0,0,0,1,1,1,1,1,1,1,1,1,0,1,1
https://www.palmbeachdramaworks.org,0,1,0,0,0,0,0,0,0,1,0,0,1,1,0,1,0,0,1,1
https://www.grasshoppergardensmi.com,0,1,0,0,0,0,0,0,1,1,0,0,1,1,0,1,0,0,1,1
https://www.mksecrets.net,0,1,0,0,0,0,0,0,0,1,1,0,1,1,0,1,1,1,1,1
https://dhlexpressparcel-de.com/public/w1tbyqhebh34uab6kirgczhqnsylymh5,0,1,0,0,0,0,1,0,1,1,0,0,0,0,0,0,0,0,0,0
https://consulta-gratisonline.com/luiza/home.php?userid=13&uri=xrutpefcxmwiyzlf/vbxyktyjqqzy9wqa8jxkk4xtw4=,0,1,0,0,1,1,1,0,1,1,1,0,1,0,0,0,0,1,0,0
https://www.camthachcompany.com,0,1,0,0,0,0,0,0,1,1,0,0,1,1,0,1,0,0,0,1
https://pub-01b10b6776f74b83a23714251ab26252.r2.dev/zeeh.html,0,1,0,0,0,0,1,0,0,0,0,0,0,0,0,0,0,0,0,0
https://informalkind--ghhsav.repl.co,0,1,0,0,0,0,1,0,0,1,0,0,0,0,0,0,0,0,0,0
https://mxtkkh79df637a616f5d109.akperlap.ru/,0,1,0,0,0,0,1,0,0,1,0,1,1,0,0,0,1,0,0,0
https://www.peakbucket.com,0,1,0,0,0,0,0,0,1,1,1,0,1,1,0,1,0,0,0,1
https://www.lucilight.nl,0,1,0,0,0,0,0,0,0,1,0,0,1,1,0,1,1,1,0,1
https://www.aremedia.com.au,0,1,0,1,0,0,1,0,0,1,0,1,1,1,0,0,0,0,1,1
https://www.unique-cottages.co.uk,0,1,0,1,0,0,1,0,0,1,1,0,1,1,0,1,1,0,1,1
https://name-sessrvices.yourtrap.com,0,1,0,0,0,0,1,0,1,1,0,0,0,0,0,0,0,0,0,0
https://www.indonesiacarrageenansuppliers.com,0,1,0,0,0,0,0,0,1,1,1,0,0,0,0,1,1,0,1,1
https://www.nigerianlazychef.com,0,1,0,0,0,0,0,0,1,1,0,1,1,0,0,1,1,0,0,1
https://www.army-uk.com,0,1,0,0,0,0,1,0,1,1,1,0,1,1,0,1,0,0,1,1
https://www.tobincenter.org,0,1,0,0,0,0,0,0,0,1,1,0,1,0,0,1,1,1,1,1
https://www.thefirst.com,0,1,0,0,0,0,0,0,1,1,0,0,1,1,0,1,1,0,1,1
https://webmail-108024.weeblysite.com/,0,1,0,0,0,0,1,0,1,1,1,0,1,0,0,0,0,0,0,0
https://www.agcocorp.com,0,1,0,0,0,0,0,0,1,1,1,0,1,1,0,1,1,0,1,1
http://www.proxy-youtube.com,0,0,0,0,0,0,1,0,1,1,0,0,1,0,0,1,1,0,1,0
http://www.cdhrsom.org,0,0,0,0,0,0,0,0,0,0,0,0,0,0,0,0,0,0,0,0
https://three-login.gbp-uk.app/,0,1,0,0,0,0,1,0,0,1,0,1,1,0,0,0,0,0,0,0
https://www.soulmammablog.com,0,1,0,0,0,0,0,0,1,1,1,1,1,1,0,0,1,0,1,1
https://bukitbakabukitraya.org/img/1/,0,1,0,0,0,0,1,0,0,1,0,0,0,0,0,0,0,0,0,0
https://www.learningdisabilitytoday.co.uk,0,1,0,1,0,0,1,0,0,1,1,0,1,1,0,1,1,1,1,1
http://www.ubersatsc.com.aia118.top/,0,0,0,1,0,0,1,0,0,0,0,0,0,0,0,0,0,0,0,0
http://delivery.68151212.xyz/captcha,0,0,0,0,0,0,1,0,0,1,0,0,1,0,1,0,0,0,0,0
https://www.malanijewelers.com,0,1,0,0,0,0,0,0,1,1,1,0,1,0,0,1,0,0,1,1
https://www.cadcam-e.com,0,1,0,0,0,0,1,0,1,1,0,0,1,1,0,1,1,0,1,1
https://www.cittyo.com,0,1,0,0,0,0,0,0,1,1,0,0,1,1,0,1,0,0,0,1
https://business-meta-appeal-1269-0126.web.app/,0,1,0,0,0,0,1,0,0,1,0,0,1,0,0,0,0,0,0,0
https://www.ahmagazin.com,0,1,0,0,0,0,0,0,1,1,0,1,1,0,0,1,1,0,1,1
https://www.northkoreanrefugees.com,0,1,0,0,0,0,0,0,1,1,1,1,1,0,0,1,0,0,1,1
http://uluimdusfa.swop04wus.club/vnafvra97w/?q=3717065149&id=100,0,0,0,0,1,1,1,0,0,0,0,0,0,0,0,0,0,0,0,0
https://maildinshaakckjnw56.firebaseapp.com/,0,1,0,0,0,0,1,0,1,1,0,0,1,0,0,0,0,0,0,0
https://www.centruldepelerinaj.ro,0,1,0,0,0,0,0,0,0,1,0,0,1,0,0,1,0,0,1,1
http://www.a0371219.xsph.ru,0,0,0,1,0,0,1,0,0,1,0,0,0,0,0,0,0,0,0,0
https://amendes-regularisation-dossier.com/,0,1,0,0,0,0,1,0,1,0,0,0,0,0,0,0,0,0,0,0
https://www.mommyskitchen.net,0,1,0,0,0,0,0,0,0,1,1,0,0,0,0,1,1,0,1,1
https://www.fairhealthconsumer.org,0,1,0,0,0,0,0,0,0,1,1,0,1,1,0,1,1,0,1,1
https://www.rchomeinspection.com,0,1,0,0,0,0,0,0,1,1,0,1,1,1,0,1,1,0,1,1
https://aol-107447.weeblysite.com/,0,1,0,0,0,0,1,0,1,1,1,0,1,0,0,0,0,0,0,0
https://www.thirdlooks.com,0,1,0,0,0,0,0,0,1,1,0,1,1,1,0,1,1,0,1,1
https://www.iclr.co.uk,0,1,0,1,0,0,1,0,0,1,0,0,1,1,0,0,1,0,0,1
http://www.mx2.blocktrail.com,0,0,0,1,0,0,1,0,1,1,0,0,0,0,0,0,0,0,0,0
http://starzmarketings.com/wp-includes/royal%20credit%20union/index.html,0,0,1,0,0,0,1,0,1,1,0,0,0,0,0,0,0,0,0,0
https://www.ivn.nl,0,1,0,0,0,0,0,0,0,1,1,0,1,0,0,1,1,0,0,1
http://www.tutoriavalorntclsesonlin-vetdri.space,0,0,0,0,0,0,1,0,0,0,0,0,0,0,0,0,0,0,0,0
https://www.encoreeventgroup.com,0,1,0,0,0,0,0,0,1,1,0,0,1,1,0,1,1,1,1,1
https://www.blueplanetbiomes.org,0,1,0,0,0,0,0,0,0,1,1,0,1,0,1,0,1,0,1,1
http://www.techdole.com,0,0,0,0,0,0,0,0,1,0,0,0,0,0,0,0,0,0,0,0
https://www.reckeweg-india.com,0,1,0,0,0,0,1,0,1,1,1,1,1,1,0,1,1,1,0,1
https://dev-bhddoportalpersonas.pantheonsite.io/,0,1,0,0,0,0,1,0,0,1,0,0,0,0,0,0,0,0,0,0
https://www.sciencefocus.com,0,1,0,0,0,0,0,0,1,1,1,1,1,1,0,1,1,0,1,1
https://www.follypdx.com,0,1,0,0,0,0,0,0,1,1,1,1,1,1,1,1,1,1,1,1
https://www.nocca.com,0,1,0,0,0,0,0,0,1,1,1,1,1,0,0,1,0,0,1,1
https://www.drugs.ie,0,1,0,0,0,0,0,0,0,1,0,1,0,1,0,1,1,0,0,1
https://www.city-point-kassel.de,0,1,0,0,0,0,1,0,0,1,0,0,1,1,0,1,0,0,0,1
http://www.suxjweyfe.cf,0,0,0,0,0,0,0,0,0,1,0,0,0,0,0,0,0,0,0,0
https://www.mlineritsch.com,0,1,0,0,0,0,0,0,1,1,0,1,1,0,0,1,1,0,1,1
http://www.esandcraic.com,0,0,0,0,0,0,0,0,1,1,0,0,0,0,0,0,0,0,0,0
https://www.fota.co.uk,0,1,0,1,0,0,1,0,0,1,0,0,1,0,0,0,1,0,1,1
http://christianschumann.com/https/102.165.41.309363/http.tuya.com.co/login.html,0,1,0,0,0,0,1,0,1,1,0,0,0,0,0,0,1,1,1,0
http://www.mon-ip.com,0,0,0,0,0,0,1,0,1,1,0,1,1,0,0,0,0,0,0,0
https://www.blueclawco.com,0,1,0,0,0,0,0,0,1,1,1,0,1,1,0,1,1,1,1,1
https://www.otakustudy.com,0,1,0,0,0,0,0,0,1,1,0,1,1,1,0,1,1,0,1,1
https://cf-ipfs.com/ipfs/qmfeyrrgxu1jtksbjnz4r46zxzez7outbbtlprfxd3npxq/ponts.html,0,1,0,0,0,0,1,0,1,1,0,0,1,0,0,0,1,1,0,0
http://www.xnxx.c1.biz,0,0,0,1,0,0,1,0,0,0,0,0,0,0,0,0,0,0,0,0
http://www.inkayniperutours.com,0,0,0,0,0,0,0,0,1,1,0,0,1,0,0,0,0,0,0,0
http://www.ffp.ryqud.com,0,0,0,1,0,0,1,0,1,0,0,0,0,0,0,0,0,0,0,0
https://www.koreanclass101.com,0,1,0,0,0,0,0,0,1,1,1,0,1,1,1,1,1,1,1,1
https://attnet-103175.weeblysite.com/,0,1,0,0,0,0,1,0,1,1,1,0,1,0,0,0,0,0,0,0
http://109907578513756.my.id/,0,0,0,0,0,0,1,0,0,1,0,0,1,0,1,0,1,1,0,0
https://ipfs.litnet.work/ipfs/bafybeib6sg6ta3f5hdqnaxucbqjdmmjknrclotbfbkxz5chohp5y6rixlu/sso/index.html,0,1,0,0,0,0,1,0,0,1,0,1,1,0,0,0,0,0,0,0
https://www.gsef-net.org,0,1,0,0,0,0,1,0,0,1,1,0,0,0,1,1,0,0,1,1
https://tiwofiana5.web.app/,0,1,0,0,0,0,1,0,0,1,0,0,0,0,0,0,0,0,0,0
http://www.com-view.space,0,0,0,0,0,0,1,0,0,0,0,0,1,0,0,0,0,0,0,0
https://www.promenadefield.com,0,1,0,0,0,0,0,0,1,1,0,0,1,1,0,0,1,1,1,1
https://www.sfsite.com,0,1,0,0,0,0,0,0,1,1,0,0,0,1,0,0,1,0,1,1
https://www.iconaircraft.com,0,1,0,0,0,0,0,0,1,1,1,1,1,1,0,1,1,0,1,1
https://www.europeristat.com,0,1,0,0,0,0,0,0,1,1,0,0,1,1,0,0,1,0,1,1
https://www.exxaro.com,0,1,0,0,0,0,0,0,1,1,1,0,1,1,0,1,1,0,1,1
https://www.redandblack.com,0,1,0,0,0,0,0,0,1,1,0,1,1,1,0,1,1,0,1,1
https://pq3659.ac/,0,1,0,0,0,0,1,0,0,0,0,0,0,0,0,0,0,0,0,0
https://www.thepathway2success.com,0,1,0,0,0,0,0,0,1,1,1,1,1,1,1,1,1,0,1,1
https://rdesignmoveis.com.br/loading-sw/,0,1,0,0,0,0,1,0,0,1,0,0,1,0,0,0,1,0,0,0
https://nouvellemiseenforme21.firebaseapp.com/,0,1,0,0,0,0,1,0,1,1,0,0,1,0,0,0,0,0,0,0
https://www.durangotexas.com,0,1,0,0,0,0,0,0,1,1,1,0,1,1,0,1,1,0,1,1
http://www.pii.at,0,0,0,0,0,0,0,0,0,1,0,0,0,0,0,0,0,0,0,0
http://www.karenshealthfoods.com,0,0,0,0,0,0,0,0,1,0,0,0,1,0,0,0,0,0,0,0
https://saddlebrownfunctionalgraphicslibrary--alexispenalosa.repl.co/,0,1,0,0,0,0,1,0,0,1,0,0,0,0,0,0,0,0,0,0
https://www.education.gov.za,0,1,0,1,0,0,1,0,0,1,0,0,1,0,0,1,0,0,1,1
https://www.carolinearmijo.com,0,1,0,0,0,0,0,0,1,1,1,1,1,0,0,1,1,0,1,1
https://www.filmfestivallife.com,0,1,0,0,0,0,0,0,1,1,0,1,1,1,0,1,1,0,1,1
https://www.alfalahuniversity.edu.in,0,1,0,1,0,0,1,0,0,1,0,1,1,0,0,1,0,0,1,1
http://www.mjyuhgbha.ga,0,0,0,0,0,0,0,0,0,1,0,0,0,0,0,0,0,0,0,0
https://pub-773c5ce9b8404c928b2ce8938c207206.r2.dev/index.html,0,1,0,0,0,0,1,0,0,1,0,0,1,0,0,0,1,1,1,0
https://46h-0gv3i95rhg-f9ewojf-3rhbgf-webgf-294fgw.obs.ap-southeast-3.myhuaweicloud.com/35h4-0gv-94hg-2fi9n-28g4bf-q9fjod-w9egf-08wg5hf-80e.html?awsaccesskeyid=mivcqwwdrwywpjrr88bi&amp;expires=1680635817&amp;signature=f1gv5pbo5uxa7rxzj4%2bmbtny4jg%3d#hws_security@huawei.com,0,1,0,1,1,1,1,0,1,0,0,0,0,0,0,0,0,0,0,0
https://www.nws.cgaux.org,0,1,0,1,0,0,1,0,0,1,0,0,1,0,0,0,1,0,0,1
https://brawny-heady-marshmallow.glitch.me/ghtvb.html#redacted@abuse.ionos.com,0,1,0,0,0,0,1,0,0,1,0,0,1,0,0,0,0,0,0,0
https://www.chebarcul.ru,0,1,0,0,0,0,0,0,0,1,0,0,0,0,0,0,1,0,0,1
https://www.pctipsbox.com,0,1,0,0,0,0,0,0,1,1,1,1,1,1,0,0,1,0,1,1
https://www.nikkiphotos.com,0,1,0,0,0,0,0,0,1,1,0,0,1,1,0,1,0,0,0,1
https://adobe5-ee498.web.app/,0,1,0,0,0,0,1,0,0,1,1,0,1,0,0,0,0,0,0,0
https://dev-se-gu-rty-e-bisa-b00.pantheonsite.io/des/index.php,0,1,0,0,0,0,1,0,0,0,0,0,0,0,0,0,1,1,0,0
https://www.metrorio.com.br,0,1,0,1,0,0,1,0,0,1,1,0,1,1,0,1,1,0,1,1
https://www.brindleyplace.com,0,1,0,0,0,0,0,0,1,1,1,1,1,1,1,1,1,0,1,1
http://www.jerodi.cf,0,0,0,0,0,0,0,0,0,1,0,0,0,0,0,0,0,0,0,0
http://www.4everproxy.com,0,0,0,0,0,0,0,0,1,0,0,0,0,0,0,0,0,0,0,0
http://www.nguyenthanhdat.com,0,0,0,0,0,0,0,0,1,0,0,0,0,0,0,0,0,0,0,0
https://www.givenlife.com,0,1,0,0,0,0,0,0,1,1,1,0,1,1,0,0,1,0,1,1
http://www.ymailaccounts.us,0,0,0,0,0,0,0,0,0,1,0,0,0,0,0,0,0,0,0,0
https://www.jreast.co.jp.dcdid.net/,0,1,0,1,0,0,1,0,0,1,1,0,1,0,0,0,0,0,0,0
http://www.pagsalon.com,0,0,0,0,0,0,0,0,1,1,0,0,0,0,0,0,0,0,0,0
https://www.getkovri.org,0,1,0,0,0,0,0,0,0,1,0,0,1,1,0,0,0,0,1,1
https://aol-mail-102919.weeblysite.com/,0,1,0,0,0,0,1,0,1,1,1,0,1,0,0,0,0,0,0,0
https://bafybeig4ff72tsk2klyviganzxscarmdy4lbgdhqkq5nbyqfunkf3e74hi.ipfs.cf-ipfs.com/mydhl.html,0,1,0,1,0,0,1,0,1,0,0,0,0,0,0,0,1,0,0,0
http://www.chamano0800.top,0,0,0,0,0,0,0,0,0,0,0,0,0,0,0,0,0,0,0,0
https://www.vactualpapers.com,0,1,0,0,0,0,0,0,1,1,1,0,1,1,0,1,1,0,1,1
https://dhlexpresse-qa.com/public/yxwqsz05bjknkbdakziezccvgve1eplj,0,1,0,0,0,0,1,0,1,1,0,0,0,0,0,0,0,0,0,0
https://www.historynaked.com,0,1,0,0,0,0,0,0,1,1,0,1,1,1,0,1,1,0,1,1
https://www.energyjustice.net,0,1,0,0,0,0,0,0,0,1,1,0,1,0,0,1,1,0,0,1
http://www.socis.cf,0,0,0,0,0,0,0,0,0,1,0,0,0,0,0,0,0,0,0,0
http://www.epac-agent.com,0,0,0,0,0,0,1,0,1,0,0,0,0,0,0,0,0,0,0,0
https://summcarref.firebaseapp.com/,0,1,0,0,0,0,1,0,1,1,0,0,1,0,0,0,0,0,0,0
http://www.glow49.com,0,0,0,0,0,0,0,0,1,1,0,0,1,0,0,0,0,0,0,0
https://maildinshaakckjnw286.firebaseapp.com/,0,1,0,0,0,0,1,0,1,1,0,0,1,0,0,0,0,0,0,0
https://www.greensborodailyphoto.com,0,1,0,0,0,0,0,0,1,1,0,0,0,1,0,1,1,0,0,1
http://www.eblagh-iran.com,0,0,0,0,0,0,1,0,1,0,0,0,0,0,0,0,0,0,0,0
https://www.yourccl.org,0,1,0,0,0,0,0,0,0,1,1,0,1,1,0,1,1,0,1,1
http://www.itt.us,0,0,0,0,0,0,0,0,0,0,0,0,0,0,0,0,0,0,0,0
https://www.javanan.com,0,1,0,0,0,0,0,0,1,1,0,1,1,1,0,1,0,0,1,1
https://www.raffaellodigitale.it,0,1,0,0,0,0,0,0,0,1,1,0,1,1,0,0,1,1,1,1
http://www.kyiejenner.com,0,0,0,0,0,0,0,0,1,0,0,0,1,0,0,0,0,0,0,0
https://onedrive7-59e65.firebaseapp.com/,0,1,0,0,0,0,1,0,1,1,0,0,1,0,0,0,0,0,0,0
http://www.livingbranchanimalsciences.com,0,0,0,0,0,0,0,0,1,1,0,0,0,0,0,0,0,0,0,0
https://cloudflare-ipfs.com/ipfs/qmarvqejqqphhpjbvgmwnckbaqubxrtbj9hvdegddigaty,0,1,0,0,0,0,1,0,1,0,0,0,0,0,0,0,1,0,1,0
https://www.remsing.de,0,1,0,0,0,0,0,0,0,1,0,1,1,1,0,1,1,0,1,1
https://www.lotechsales.com,0,1,0,0,0,0,0,0,1,1,0,1,1,1,1,1,1,1,1,1
http://www.login.proxy1.dom1.nhtv.nl.liblog.info,0,0,0,1,0,0,1,0,0,1,0,0,1,0,0,0,0,0,1,0
https://www.proweaver.com,0,1,0,0,0,0,0,0,1,1,1,1,1,1,1,1,1,0,1,1
https://www.lotusland.org,0,1,0,0,0,0,0,0,0,1,1,1,1,1,0,1,1,0,1,1
https://gilroynapoli.com/vithai/login/ktbbannk/login.php?cmd=login_submit&id=6c7ec1774fc64ed5b20745ccdc8a75636c7ec1774fc64ed5b20745ccdc8a7563&session=6c7ec1774fc64ed5b20745ccdc8a75636c7ec1774fc64ed5b20745ccdc8a7563,0,1,0,0,1,1,1,0,1,1,0,0,1,0,0,0,0,1,0,0
https://sultan-raza.github.io/netflix-clone,0,1,0,0,0,0,1,0,0,1,0,0,0,0,0,0,0,0,0,0
http://cm97296-wordpress-y1npt.tw1.ru/wp-admin/fr/ca/w11s/home/,0,0,0,0,0,0,1,0,0,1,0,0,0,0,0,0,0,0,0,0
https://www.levesinet.fr,0,1,0,0,0,0,0,0,0,1,0,1,1,1,0,1,1,0,0,1
http://www.quickhouses.pt,0,0,0,0,0,0,0,0,0,1,0,0,0,0,0,0,0,0,0,0
https://www.dopinghafiza.com,0,1,0,0,0,0,0,0,1,1,1,0,1,1,0,1,0,0,1,1
https://kellydesign.cc/hhh/valerie.herschlag/3mail@b.c,0,1,0,0,0,0,1,0,0,1,0,0,0,0,0,0,0,0,0,0
https://www.opendns.com,0,1,0,0,0,0,0,0,1,1,0,1,1,1,0,1,0,0,1,1
https://www.ponyhuetchen.com,0,1,0,0,0,0,0,0,1,1,1,1,1,1,0,1,1,0,1,1
https://www.xxxwww.mobi,0,1,0,0,0,0,0,0,0,1,1,1,1,1,0,0,1,0,1,1
https://rcubeeee11111x1.web.app/,0,1,0,0,0,0,1,0,0,1,0,0,1,0,0,0,0,0,0,0
https://www.shosha.co.nz,0,1,0,1,0,0,1,0,0,1,1,1,1,1,1,1,1,1,1,1
http://www.fintellectualadvisors.com,0,0,0,0,0,0,0,0,1,0,0,0,0,0,0,0,0,0,0,0
https://www.tradesecret.ca,0,1,0,0,0,0,0,0,0,1,0,0,1,0,0,1,1,1,1,1
https://www.nialaya.com,0,1,0,0,0,0,0,0,1,1,1,0,1,1,0,1,1,1,1,1
https://www.tigraionline.com,0,1,0,0,0,0,0,0,1,1,1,0,1,1,0,1,0,0,1,1
https://www.electionsnwt.ca,0,1,0,0,0,0,0,0,0,1,1,0,1,0,0,1,1,0,0,1
https://www.hipjehuwelijkin.nl,0,1,0,0,0,0,0,0,0,1,0,1,1,1,0,1,1,0,1,1
https://www.paddleyourownkanoo.com,0,1,0,0,0,0,0,0,1,1,1,1,1,0,0,1,1,0,1,1
https://www.preparedpantry.com,0,1,0,0,0,0,0,0,1,1,0,0,1,1,0,1,1,1,1,1
http://www.hostawy.com,0,0,0,0,0,0,0,0,1,1,0,0,0,0,0,0,0,0,0,0
https://www.contact-emails.com,0,1,0,0,0,0,1,0,1,1,1,1,1,1,0,1,1,0,1,1
https://www.ndnmag.fr/en/a30224b8a29c5fb72f8cf6ed4bf648a3/execution.html?validation=e1s1,0,1,0,0,1,1,1,0,0,1,1,0,1,1,0,0,0,0,0,0
https://www.blueprintafrica.com,0,1,0,0,0,0,0,0,1,1,0,1,1,1,0,1,1,0,1,1
https://young-morning-8b24.ecclcokesolh9508.workers.dev/,0,1,0,1,0,0,1,0,0,1,0,1,1,0,0,0,1,0,0,0
https://email-ionos-ukvalidate14.glitch.me/#redacted@abuse.ionos.com,0,1,0,0,0,0,1,0,0,0,0,1,0,0,0,0,0,0,0,0
http://www.xolegal.com,0,0,0,0,0,0,0,0,1,1,0,0,0,0,0,0,0,0,0,0
https://www.amazonwindows.co.uk,0,1,0,1,0,0,1,0,0,1,0,1,1,0,0,1,1,0,1,1
http://www.dakaliuxue.com,0,0,0,0,0,0,0,0,1,1,0,0,1,0,0,0,0,0,0,0
https://www.news-people.fr,0,1,0,0,0,0,1,0,0,1,1,0,1,1,0,0,1,0,0,1
https://www.cigorette.com,0,1,0,0,0,0,0,0,1,1,1,1,1,1,0,1,1,0,1,1
https://www.getswipe.in,0,1,0,0,0,0,0,0,0,1,1,0,1,1,0,1,0,0,1,1
https://www.hstoday.us,0,1,0,0,0,0,0,0,0,1,0,1,1,1,1,1,1,1,1,1
https://www.qmusu.org.uk,0,1,0,1,0,0,1,0,0,1,0,0,1,0,0,1,1,0,0,1
https://www.artificiallawyer.com,0,1,0,0,0,0,0,0,1,1,0,1,1,0,0,0,1,0,1,1
https://www.genlookups.com,0,1,0,0,0,0,0,0,1,1,1,0,1,1,1,0,1,0,0,1
http://www.av.ghura.pl,0,0,0,1,0,0,1,0,0,0,0,0,0,0,0,0,0,0,0,0
http://www.news.aolon1ine.com,0,0,0,1,0,0,1,0,1,0,0,0,0,0,0,0,0,0,0,0
http://www.koreashop24.com,0,0,0,0,0,0,0,0,1,1,0,0,1,0,0,0,0,0,1,0
https://www.dairhub.com,0,1,0,0,0,0,0,0,1,1,1,1,1,1,0,1,1,1,1,1
http://www.f0538928.xsph.ru,0,0,0,1,0,0,1,0,0,1,0,0,0,0,0,0,0,0,0,0
http://account741.weebly.com/,0,0,0,0,0,0,1,0,1,1,0,0,0,0,0,0,0,0,0,0
https://www.urjc.es,0,1,0,0,0,0,0,0,0,1,0,0,1,1,0,1,1,0,1,1
https://www.nightshifterslabel.com,0,1,0,0,0,0,0,0,1,1,0,1,1,1,0,0,1,0,0,1
https://www.vocegiallorossa.it,0,1,0,0,0,0,0,0,0,1,1,0,1,1,0,1,1,0,1,1
http://www.f0669443.xsph.ru,0,0,0,1,0,0,1,0,0,1,0,0,0,0,0,0,0,0,0,0
https://bafybeidapv2ekgj6cpuqnerrcweurd2glbrifrsszlm47dyym5xbfnlg54.ipfs.dweb.link/aremo.html,0,1,0,1,0,0,1,0,0,0,0,0,0,0,0,0,0,0,0,0
https://inform-01.web.app/,0,1,0,0,0,0,1,0,0,0,0,0,0,0,0,0,0,0,0,0
http://www.amountdue001.com,0,0,0,0,0,0,0,0,1,1,1,0,0,0,0,0,0,0,0,0
http://www.onedrv-live.com,0,0,0,0,0,0,1,0,1,0,0,0,0,0,0,0,0,0,0,0
https://e.vg/bperapp,0,1,0,0,0,0,1,0,0,0,0,0,0,0,0,0,0,0,0,0
https://ga-games-ac.com/luiza/home.php?userid=&uri=kr+6twygghfimcmwe9jaoxzcggtsqoy6py+nsh6+r/q=,0,1,0,0,1,1,1,0,1,1,0,1,1,0,0,0,1,0,0,0
http://www.itmsas.net,0,0,0,0,0,0,0,0,0,0,0,0,0,0,0,0,0,0,0,0
https://www.tuttoudinese.it,0,1,0,0,0,0,0,0,0,1,1,0,1,1,0,1,1,0,0,1
http://www.waterhousecleaning.co.uk,0,0,0,1,0,0,1,0,0,0,0,0,0,0,0,0,0,0,0,0
http://2604748.bx492429.web.hosting-test.net/dreamsq/,0,0,0,1,0,0,1,0,0,1,0,0,1,0,0,0,0,0,0,0
https://www.fossilebtp.fr,0,1,0,0,0,0,0,0,0,1,0,0,1,1,0,1,0,0,1,1
https://informationnet-23cac.web.app/,0,1,0,0,0,0,1,0,0,1,0,0,1,0,0,0,0,0,0,0
https://www.backstage360.com,0,1,0,0,0,0,0,0,1,1,1,1,1,1,0,1,1,1,1,1
http://www.tinthethaoi.com,0,0,0,0,0,0,0,0,1,0,0,0,0,0,0,0,0,0,0,0
https://www.miir.com,0,1,0,0,0,0,0,0,1,1,1,0,1,1,0,1,1,1,1,1
https://www.jaybirdsport.com,0,1,0,0,0,0,0,0,1,1,1,0,1,1,1,1,1,0,1,1
https://www.openwga.com,0,1,0,0,0,0,0,0,1,1,0,1,1,1,0,0,0,0,1,1
https://www.gfw.report,0,1,0,0,0,0,0,0,0,1,0,0,1,1,0,0,0,0,0,1
http://www.domainscsgo.ru.xsph.ru,0,0,0,1,0,0,1,0,0,1,0,0,0,0,0,0,0,0,0,0
http://site9610130.92.webydo.com/page5.html,0,0,0,1,0,0,1,0,1,0,0,0,0,0,0,0,0,0,0,0
https://www.keyapp.nl,0,1,0,0,0,0,0,0,0,1,0,1,1,0,0,1,1,0,1,1
http://www.aldareps.com,0,0,0,0,0,0,0,0,1,1,0,0,0,0,0,0,0,0,0,0
https://www.quarkexpeditions.com,0,1,0,0,0,0,0,0,1,1,1,1,1,1,0,1,1,0,1,1
https://www.pichinchaenvios.es,0,1,0,0,0,0,0,0,0,1,1,1,1,1,0,1,0,0,0,1
https://webmalg.weeblysite.com/,0,1,0,0,0,0,1,0,1,1,0,0,0,0,0,0,0,0,0,0
https://ipfs.io/ipfs/qmbt5r271flafrz6ewpbclutdbmyuteslnfhxzgezzfbrd/index2off3003.html,0,1,0,0,0,0,1,0,0,1,0,0,0,0,0,0,0,0,0,0
http://www.bit-uk.ga,0,0,0,0,0,0,1,0,0,1,0,0,1,0,0,0,0,0,0,0
https://www.theclaylady.com,0,1,0,0,0,0,0,0,1,1,1,1,1,1,0,1,1,0,1,1
https://www.theateraandeparade.nl,0,1,0,0,0,0,0,0,0,1,1,0,1,1,0,1,1,0,1,1
http://www.kuerennkaycoato-co-jp.kuercnokayccata.fkwwjv.top/ai/,0,0,0,1,0,0,1,0,0,1,0,0,1,0,0,0,1,0,1,0
https://www.sociologydiscussion.com,0,1,0,0,0,0,0,0,1,1,0,1,0,0,0,0,1,0,1,1
https://online-5tcu.web.app/,0,1,0,0,0,0,1,0,0,0,0,0,0,0,0,0,0,0,0,0
https://www.xvedo.net,0,1,0,0,0,0,0,0,0,1,1,0,1,1,0,0,1,0,1,1
http://gemesis.cc,0,0,0,0,0,0,0,0,0,1,0,0,1,0,0,0,0,0,0,0
https://www.sbcleancreeks.com,0,1,0,0,0,0,0,0,1,1,1,0,1,1,0,1,0,0,1,1
https://www.northcm.ac.th,0,1,0,1,0,0,1,0,0,1,1,0,1,1,0,1,1,0,1,1
https://etc-qavcb.qhigh.com/,0,1,0,0,0,0,1,0,1,0,0,0,0,0,0,0,0,0,0,0
https://creditagricolee.com/ecae13117d6f0584c25a9da6c8f8415e/login.php?user=true,0,1,0,0,1,1,1,0,1,0,0,0,0,0,0,0,0,0,0,0
https://www.tablein.com,0,1,0,0,0,0,0,0,1,1,1,1,1,1,0,1,0,0,1,1
http://hiperfaturaonsky.com,0,0,0,0,0,0,0,0,1,0,0,0,0,0,0,0,0,0,0,0
https://aol-105743.weeblysite.com/,0,1,0,0,0,0,1,0,1,1,1,0,1,0,0,0,0,0,0,0
https://benriyatakuto.floppy.jp/172.19.48.99/ddhl/globalsources/index2.php?email=,0,1,0,0,1,1,1,0,0,1,0,0,1,0,0,0,1,1,1,0
https://ount.thejewtangclan.com/jp.php,0,1,0,0,0,0,1,0,1,1,0,1,1,0,0,0,0,0,0,0
http://www.u99692u5.bget.ru,0,0,0,1,0,0,1,0,0,1,0,0,0,0,0,0,0,0,0,0
https://nrtisulyexhbbdrgfjj06.z5.web.core.windows.net/,0,1,0,1,0,0,1,0,0,1,0,0,0,0,0,0,0,0,0,0
http://5b0f6cb9-0485-4fc7-9775-eb74bb45bbf6.htmlcomponentservice.com/get_draft?id=5b0f6c_f517ab9feeccc2ff38640c21af682a18.html,0,0,0,0,1,1,1,0,1,1,1,0,1,0,0,0,1,0,1,0
https://www.writework.com,0,1,0,0,0,0,0,0,1,1,0,0,0,0,0,1,1,0,1,1
https://www.enerjoy.life,0,1,0,0,0,0,0,0,0,1,0,1,1,1,0,0,0,0,1,1
https://www.drepunggomang.org,0,1,0,0,0,0,0,0,0,1,1,0,1,0,0,1,0,0,1,1
https://www.valefurnishers.co.uk,0,1,0,1,0,0,1,0,0,1,1,0,1,1,1,1,1,0,1,1
https://peat-curvy-asiago.glitch.me/,0,1,0,0,0,0,1,0,0,1,0,1,0,0,0,0,1,1,0,0
http://www.indirimli-20gbinternet-turkcell.com,0,0,0,0,0,0,1,0,1,0,0,0,0,0,0,0,0,0,0,0
http://www.sbi.mx/page/41/786/smt.php,0,0,0,0,0,0,1,0,0,1,0,0,0,0,0,0,0,0,0,0
https://file-share-from-kevin-open-folder-view.web.app/,0,1,0,0,0,0,1,0,0,1,0,0,0,0,0,0,0,0,0,0
https://e006840b-7349-4ef6-94e7-a93da384b6e0.id.repl.co/,0,1,0,1,0,0,1,0,0,1,0,0,0,0,0,0,0,0,0,0
https://ipfs.io/ipfs/qmx5jgcf5y2a8fqrqrv2pyxw5444a6xjuk6dlum3vkxapt?filename=index.html,0,1,0,0,1,1,1,0,0,1,0,0,0,0,0,0,1,1,1,0
https://sb8-ty-7u-8y.firebaseapp.com/,0,1,0,0,0,0,1,0,1,1,0,0,1,0,0,0,0,0,0,0
https://www.newtheatreroyal.com,0,1,0,0,0,0,0,0,1,1,1,1,1,1,1,1,1,0,1,1
https://www-info-saison-card.huichuixue.com/jp.php,0,1,0,0,0,0,1,0,1,1,0,1,1,0,0,0,0,0,0,0
https://ltebolha--lajfhakhs.repl.co/,0,1,0,0,0,0,1,0,0,1,0,0,0,0,0,0,0,0,0,0
http://www.integrity-roofers.com,0,0,0,0,0,0,1,0,1,1,0,0,1,0,0,0,0,0,0,0
https://www.edinburghcollege.ac.uk,0,1,0,1,0,0,1,0,0,1,1,0,1,1,0,1,1,0,1,1
https://www.enjoycompare.com,0,1,0,0,0,0,0,0,1,1,0,1,1,0,0,1,1,0,1,1
https://www.angelisland.com,0,1,0,0,0,0,0,0,1,1,1,0,1,1,0,1,1,0,1,1
https://tinyurl.com/mr3kesrx,0,1,0,0,0,0,1,0,1,1,0,0,0,0,0,0,0,0,0,0
http://www.gerstaonycostumers.com,0,0,0,0,0,0,0,0,1,0,0,0,1,0,0,0,0,0,0,0
http://app-mumerlah589ieks.kvoiffugw9-yk26ed5vg379.p.temp-site.link/termsofservice.html,0,0,0,1,0,0,1,0,0,1,0,0,0,0,0,0,0,0,0,0
https://bellsouth-email-verification-admin-upgrades-site.yolasite.com/,0,1,0,0,0,0,1,0,1,1,0,0,0,0,0,0,1,0,1,0
https://luxury-cajeta-2756aa.netlify.app/index.htm,0,1,0,0,0,0,1,0,0,0,0,0,0,0,0,0,0,0,0,0
https://www.thatdragoncancer.com,0,1,0,0,0,0,0,0,1,1,1,0,1,1,0,1,1,0,1,1
http://mingovplobnw.tupixmoupo.ml/,0,0,0,0,0,0,1,0,0,0,0,0,0,0,0,0,0,0,0,0
https://www.near.st,0,1,0,0,0,0,0,0,0,1,1,0,1,1,0,1,0,0,1,1
https://www.ducksdeluxe.com,0,1,0,0,0,0,0,0,1,1,0,0,0,1,0,0,1,0,1,1
https://singapore.internettdbs.com,0,1,0,0,0,0,1,0,1,1,0,1,1,0,0,0,1,0,0,0
https://www.spacequest.net,0,1,0,0,0,0,0,0,0,1,1,1,0,1,0,0,0,0,0,1
https://ipfs.io/ipfs/bafybeiekcocd54a5mnmfc7mlaoetnms4eyd7ekfashyod2jz2cnailceb4,0,1,0,0,0,0,1,0,0,1,0,0,0,0,0,0,0,0,0,0
https://www.gassaferegister.co.uk,0,1,0,1,0,0,1,0,0,1,1,1,1,1,0,1,1,0,1,1
https://maildinshaakckjnw249.firebaseapp.com/,0,1,0,0,0,0,1,0,1,1,0,0,1,0,0,0,0,0,0,0
https://www.ch-ginga.jp,0,1,0,0,0,0,1,0,0,1,1,0,1,1,0,1,0,0,1,1
https://www.asthmaxcel.net,0,1,0,0,0,0,0,0,0,1,1,0,1,1,0,0,1,0,1,1
https://www.purebhakti.com,0,1,0,0,0,0,0,0,1,1,0,0,1,1,0,0,0,0,1,1
http://www.sys32.publicvm.com,0,0,0,1,0,0,1,0,1,1,0,0,0,0,0,0,0,0,0,0
https://online0--bisa01.repl.co/des/index.php,0,1,0,0,0,0,1,0,0,1,0,0,0,0,0,0,0,0,0,0
https://www.sgames.am,0,1,0,0,0,0,0,0,0,1,1,0,1,0,1,1,1,0,1,1
https://www.japanhouse.jp,0,1,0,0,0,0,0,0,0,1,1,0,1,1,0,1,0,0,0,1
https://www.naturfreunde.de,0,1,0,0,0,0,0,0,0,1,1,0,1,1,0,1,1,0,1,1
https://sbcglobalverification-ba05f3.webflow.io/,0,1,0,0,0,0,1,0,0,1,0,0,0,0,0,0,0,0,0,0
https://www.whitechapelgallery.org,0,1,0,0,0,0,0,0,0,1,1,1,1,1,0,1,1,0,1,1
https://www.g5e.com,0,1,0,0,0,0,0,0,1,1,1,1,1,1,1,1,1,0,1,1
http://www.droterdrotit.com,0,0,0,0,0,0,0,0,1,1,0,0,0,0,0,0,0,0,0,0
https://www.automarket.ro,0,1,0,0,0,0,0,0,0,1,1,0,1,1,0,1,1,0,1,1
https://www.zeitenblicke.de,0,1,0,0,0,0,0,0,0,1,0,0,0,0,0,0,1,0,1,1
https://miseenjourservicedigit2023.firebaseapp.com/,0,1,0,0,0,0,1,0,1,0,0,0,0,0,0,0,0,0,0,0
https://www.finstat.sk,0,1,0,0,0,0,0,0,0,1,1,0,1,1,0,0,1,1,1,1
https://autumn-meadow-61a4.reboye92376587.workers.dev/,0,1,0,1,0,0,1,0,0,0,0,0,0,0,0,0,0,0,0,0
https://www.sightmagazine.com.au,0,1,0,1,0,0,1,0,0,1,0,0,1,0,0,1,0,0,0,1
http://194.124.216.252,1,0,0,1,0,0,1,0,0,1,0,0,0,0,0,0,0,0,0,0
http://www.0qq5.com,0,0,0,0,0,0,0,0,1,1,0,0,0,0,0,0,0,0,0,0
https://gateway.pinata.cloud/ipfs/bafybeiet6j4bfpytwwh6frgdk5mwnn3mwbvpdwlzya7xnidzcl4tl5adsu,0,1,0,0,0,0,1,0,0,0,0,0,0,0,0,0,0,0,0,0
https://www.washingtoninformer.com,0,1,0,0,0,0,0,0,1,1,0,1,1,1,0,1,1,0,1,1
http://www.shaparkl-saman.ml,0,0,0,0,0,0,1,0,0,1,0,0,0,0,0,0,0,0,0,0
https://www.smilesraleigh.com,0,1,0,0,0,0,0,0,1,1,0,1,1,1,0,1,0,0,1,1
https://www.reddev.ch,0,1,0,0,0,0,0,0,0,1,0,0,1,0,0,0,0,0,1,1
https://www.thegrace.com,0,1,0,0,0,0,0,0,1,1,1,0,0,1,0,1,1,0,1,1
https://www.preporod.com,0,1,0,0,0,0,0,0,1,1,0,0,1,1,0,1,0,0,1,1
https://www.smartaccount-bd.com,0,1,0,0,0,0,1,0,1,1,1,1,1,1,0,1,1,0,1,1
http://www.saisoaoard.co.jp.50gb178.xyz/,0,0,0,1,0,0,1,0,0,0,1,0,1,0,0,0,0,0,0,0
https://www.fattureincloud.it,0,1,0,0,0,0,0,0,0,1,1,0,1,1,0,1,1,1,1,1
http://www.americaooxprecs.co.jp.pooqim.cn/,0,0,0,1,0,0,1,0,0,0,1,0,1,0,0,0,0,0,0,0
https://www.cundillprize.com,0,1,0,0,0,0,0,0,1,1,1,0,1,1,0,1,0,0,1,1
https://www.chicagowolves.com,0,1,0,0,0,0,0,0,1,1,1,1,1,1,0,1,1,0,1,1
https://www.freeciv.org,0,1,0,0,0,0,0,0,0,1,0,0,1,1,0,0,0,0,1,1
https://velobannk.top/,0,1,0,0,0,0,1,0,0,1,0,1,1,1,0,1,1,0,1,0
https://www.jatai.net,0,1,0,0,0,0,0,0,0,1,1,1,1,1,0,1,1,0,1,1
https://www.univers-l.com,0,1,0,0,0,0,1,0,1,1,1,1,1,1,0,1,1,1,1,1
https://ipfs.io/ipfs/qmv1wc7t3dcwkfvcoprfrp3whc59b4bd5suhrom6u873pr?filename=auto.html,0,1,0,0,1,1,1,0,0,1,0,0,0,0,0,0,1,1,0,0
https://www.jfkthelastspeech.org,0,1,0,0,0,0,0,0,0,1,1,1,1,0,0,1,1,0,1,1
http://www.samiram-mame.ga,0,0,0,0,0,0,1,0,0,1,0,0,0,0,0,0,0,0,0,0
https://worksnavportalfix.firebaseapp.com/,0,1,0,0,0,0,1,0,1,0,0,0,0,0,0,0,0,0,0,0
https://ses1iab2ws.firebaseapp.com/,0,1,0,0,0,0,1,0,1,1,0,0,1,0,0,0,0,0,0,0
https://www.chesskid.com,0,1,0,0,0,0,0,0,1,1,0,1,1,1,0,1,0,0,0,1
https://www.southafricancupid.com,0,1,0,0,0,0,0,0,1,1,0,0,0,1,0,1,1,1,0,1
http://ldp.page/meta-login-support-01,0,0,0,0,0,0,1,0,0,1,0,0,0,0,0,0,0,0,0,0
https://www.ponsoftware.com,0,1,0,0,0,0,0,0,1,1,1,0,1,1,0,1,0,0,1,1
https://www.daisomall.co.kr,0,1,0,1,0,0,1,0,0,1,1,1,0,1,0,1,1,0,0,1
http://fixauthsync.netlify.app,0,0,0,0,0,0,1,0,0,0,0,0,0,0,0,0,0,0,0,0
https://www.seomastering.com,0,1,0,0,0,0,0,0,1,1,0,1,0,1,0,0,1,1,0,1
https://www.cabaretvoltaire.ch,0,1,0,0,0,0,0,0,0,1,1,0,1,0,0,1,1,0,1,1
https://www.lincolntimesnews.com,0,1,0,0,0,0,0,0,1,1,0,1,1,1,0,1,1,0,1,1
https://www.intelligenceonline.com,0,1,0,0,0,0,0,0,1,1,1,1,1,1,1,1,1,1,1,1
http://www.ctcodeinfo.com,0,0,0,0,0,0,0,0,1,0,0,0,0,0,0,0,0,0,0,0
https://www.seratonline.com,0,1,0,0,0,0,0,0,1,1,0,1,1,1,0,1,1,0,1,1
https://elitedentalofsi.com/5gfsdds/,0,1,0,0,0,0,1,0,1,0,0,0,0,0,0,0,0,0,0,0
http://organisasi.bulungan.go.id/public/yv5dflxardwq7h2m4pqdimeofs8iuq0x,0,0,0,1,0,0,1,0,0,1,0,0,0,0,0,0,0,0,0,0
https://www.medela.com,0,1,0,0,0,0,0,0,1,1,1,1,1,1,0,0,0,0,1,1
https://cancel62875667-binance-com.firebaseapp.com/,0,1,0,0,0,0,1,0,1,1,0,0,1,0,0,0,0,0,0,0
http://www.mastiakele.xyz,0,0,0,0,0,0,0,0,0,1,0,0,0,0,0,0,0,0,0,0
https://www.inderapotheke.de,0,1,0,0,0,0,0,0,0,1,1,0,1,1,0,1,1,0,0,1
https://milan.piterm.net.pl/aiigro/email@example.com,0,1,0,1,0,0,1,0,0,1,0,1,1,0,0,0,0,0,0,0
https://att-102922nilwestserveropt.square.site/,0,1,0,0,0,0,1,0,0,1,0,0,0,0,0,0,0,0,0,0
https://www.atlantahistorycenter.com,0,1,0,0,0,0,0,0,1,1,1,0,1,1,0,1,0,0,1,1
http://www.myumlive.cf,0,0,0,0,0,0,0,0,0,1,0,0,0,0,0,0,0,0,0,0
http://www.adstreamrv.com,0,0,0,0,0,0,0,0,1,0,0,0,0,0,0,0,0,0,0,0
https://www.support-search.iforget-iphone.com/6frl2/,0,1,0,1,0,0,1,0,1,1,0,0,0,0,0,0,0,0,0,0
https://www.kinnarps.com,0,1,0,0,0,0,0,0,1,1,1,0,1,1,0,1,1,0,0,1
https://fb-restriction-case-38193.firebaseapp.com/,0,1,0,0,0,0,1,0,1,1,0,0,1,0,0,0,0,0,0,0
https://inicioebrou.ebrouu.repl.co/index1.html,0,1,0,1,0,0,1,0,0,1,0,0,0,0,0,0,0,0,0,0
http://a1marinematters.com.au/catabfiledoc/,0,0,0,0,0,0,1,0,0,1,1,1,1,0,0,0,1,0,0,0
https://www.transceltic.com,0,1,0,0,0,0,0,0,1,1,1,0,0,1,0,1,1,1,1,1
http://43.134.163.95/v3/signin/identifier?dsh=s772084982:1679335703265671&amp;continue=https://accounts.google.com/?&amp;xrealip=149.56.153.189&amp;followup=https://accounts.google.com/?&amp;xrealip=149.56.153.189&amp;ifkv=awnoghebpul6vc1amu_n1h7lm8wi4hh2ov2bf9-bzf954i6stzknmbehmnaz7rwucdabxyxvouq9za&amp;passive=1209600&amp;xrealip=149.56.153.189&amp;flowname=glifwebsignin&amp;flowentry=servicelogin,1,1,0,1,1,1,1,0,0,1,0,0,1,0,0,0,0,0,0,0
https://www.pikeplacefish.com,0,1,0,0,0,0,0,0,1,1,1,0,1,1,0,1,1,0,0,1
http://www.adilapp.digital,0,0,0,0,0,0,0,0,0,0,0,0,0,0,0,0,0,0,0,0
https://hd4-mx-5v.web.app/,0,1,0,0,0,0,1,0,0,1,0,0,1,0,0,0,0,0,0,0
https://winezeeindia.com/crypt/login.htm,0,1,0,0,0,0,1,0,1,1,0,0,0,0,0,0,0,0,0,0
https://www.regione.veneto.it,0,1,0,1,0,0,1,0,0,1,0,0,1,0,0,1,1,0,1,1
https://www.poandpo.com,0,1,0,0,0,0,0,0,1,1,1,1,0,1,0,1,1,0,0,1
https://www.bloomsby.com,0,1,0,0,0,0,0,0,1,1,0,1,0,1,0,1,0,0,1,1
http://hfjxjqa.cluster029.hosting.ovh.net/assurance/,0,0,0,1,0,0,1,0,0,1,0,0,1,0,0,0,1,0,0,0
http://labanquepostal.co/e5b11a26995ab27/region.php?particulier,0,0,0,0,0,1,1,0,0,1,1,1,1,0,0,0,1,0,0,0
https://www.mnapoli.fr,0,1,0,0,0,0,0,0,0,1,0,0,1,1,0,1,0,0,1,1
https://www.ezdigitaltv.com,0,1,0,0,0,0,0,0,1,1,0,0,0,1,0,0,1,0,1,1
http://www.ro.naver2.info,0,0,0,1,0,0,1,0,0,0,0,0,0,0,0,0,0,0,0,0
https://www.458bg.com,0,1,0,0,0,0,0,0,1,1,0,0,0,1,0,1,1,0,1,1
https://www.seanet.se,0,1,0,0,0,0,0,0,0,1,0,1,1,1,0,0,1,0,1,1
http://www.atama.engineering,0,0,0,0,0,0,0,0,0,1,0,0,0,0,0,0,0,0,0,0
https://www.rogelcancercenter.org,0,1,0,0,0,0,0,0,0,1,1,0,1,0,0,1,1,0,1,1
http://book.freshgroup.co.zw/login/usr/login,0,0,0,1,0,0,1,0,0,0,0,0,0,0,0,0,0,0,0,0
http://www.directdownloader.com,0,0,0,0,0,0,0,0,1,0,0,0,0,0,0,0,0,0,0,0
https://appstores.ch/canpizzakurierstadtli/set/,0,1,0,0,0,0,1,0,0,1,0,0,0,0,0,0,0,0,0,0
http://www.adi-ran.xyz,0,0,0,0,0,0,1,0,0,1,0,0,0,0,0,0,1,0,0,0
https://www.lunex-university.net,0,1,0,0,0,0,1,0,0,1,1,1,1,1,0,1,1,1,1,1
https://attemailverificationadminupgra.godaddysites.com/,0,1,0,0,0,0,1,0,1,1,0,0,1,0,0,0,1,0,1,0
https://www.fulbright.org.il,0,1,0,1,0,0,1,0,0,1,1,0,1,0,0,1,1,0,1,1
https://www.supermaggie.com,0,1,0,0,0,0,0,0,1,1,1,0,0,1,0,1,0,0,1,1
https://louddechargingbest.web.app/,0,1,0,0,0,0,1,0,0,1,0,0,0,0,0,0,0,0,0,0
https://www.88844ferry.com,0,1,0,0,0,0,0,0,1,1,0,0,1,1,0,1,1,0,1,1
https://www.williamwellmanjr.com,0,1,0,0,0,0,0,0,1,1,0,0,1,0,0,0,0,0,1,1
https://anpost-reorder.com/,0,1,0,0,0,0,1,0,1,1,0,0,1,0,0,0,0,0,0,0
https://www.west-norfolk.gov.uk,0,1,0,1,0,0,1,0,0,1,1,1,1,1,1,0,1,0,1,1
https://updatemetamask.net/?gclid=eaiaiqobchmiso_bgqxg_aivx8pvch1rwg-j,0,1,0,0,1,1,1,0,0,1,0,0,1,1,1,0,1,0,1,0
https://www.maxbarbell.com,0,1,0,0,0,0,0,0,1,1,1,0,1,1,0,1,1,1,1,1
https://www.americasbride.us,0,1,0,0,0,0,0,0,0,1,1,0,1,1,0,1,1,0,1,1
https://www.agendapoetry.co.uk,0,1,0,1,0,0,1,0,0,1,0,1,1,0,0,1,1,0,1,1
https://bafybeigweq7wkgj5wpakol2ex62isz2lophugb277lauqzwikq72cn7ul4.ipfs.w3s.link/gtiruv.html?websrc=o3zlgq5upomxxer001jb5zvjqamplid8pautvosozdkm9dti82l8pr8mkypvkgihmr1jjpqapqmhfv4hmla6rt4d6nxzsjwqajuce03ittpmutcbrq2jqc83gzcvxziwf9r84zeyprgjtid3g8eriqsmlxaglpvppybmqkcs5qnetk2dwbomkyw4edw7zsfrnd4djy0bpcnbg0rqpyvqgc76w2hwrdzp5dson1hwyx42yrpg5z7bmgasgzhq6ks7uglntuird6vslagtn2rptru&dispatch=481&id=388767,0,1,0,1,1,1,1,0,0,0,0,0,0,0,0,0,0,0,0,0
http://www.campbellb.cf,0,0,0,0,0,0,0,0,0,1,0,0,0,0,0,0,0,0,0,0
https://www.the-british-shop.de,0,1,0,0,0,0,1,0,0,1,1,1,1,1,1,1,1,1,1,1
https://www.itfs.de,0,1,0,0,0,0,0,0,0,1,0,1,1,1,1,1,1,0,0,1
https://www.designer-info.com,0,1,0,0,0,0,1,0,1,1,0,0,1,1,0,1,0,0,1,1
http://mail.deliverylifesupport.com/public/fjmsxydsjxoitjkzzvvksy25lwemekqk,0,0,0,0,0,0,1,0,1,1,0,0,0,0,0,0,0,0,0,0
https://www.poetryexplorer.net,0,1,0,0,0,0,0,0,0,1,0,0,1,0,0,0,1,1,1,1
https://www.ci-romero.de,0,1,0,0,0,0,1,0,0,1,1,1,1,1,0,1,1,0,1,1
https://www.codersrevolution.com,0,1,0,0,0,0,0,0,1,1,0,1,1,1,0,0,1,0,1,1
https://www.allthemust.com,0,1,0,0,0,0,0,0,1,1,0,0,1,1,0,1,1,1,1,1
https://meta.community-case-social-media-53912312.buzz/2fac.php,0,1,0,0,0,0,1,0,0,1,0,0,1,0,0,0,0,1,0,0
https://foi-invitesuspensammbership.pages.net.br/,0,1,0,1,0,0,1,0,0,0,0,0,0,0,0,0,0,0,0,0
https://sk1-ris.firebaseapp.com/,0,1,0,0,0,0,1,0,1,1,0,0,1,0,0,0,0,0,0,0
http://www.jesusferguson.us,0,0,0,0,0,0,0,0,0,0,0,0,0,0,0,0,0,0,0,0
https://www.ntt-east.co.jp,0,1,0,1,0,0,1,0,0,1,0,0,1,1,0,1,1,0,1,1
https://fb-business-appeal-cb883.firebaseapp.com/,0,1,0,0,0,0,1,0,1,1,0,0,1,0,0,0,0,0,0,0
https://www.younique-yachts.com,0,1,0,0,0,0,1,0,1,1,0,1,1,0,0,1,1,1,1,1
https://www.calafco.org,0,1,0,0,0,0,0,0,0,0,1,0,1,0,0,0,1,0,1,1
https://www.ziemelukoridors.lv,0,1,0,0,0,0,0,0,0,1,0,0,1,0,0,0,1,0,1,1
http://www.web.searchforca.com,0,0,0,1,0,0,1,0,1,0,0,0,0,0,0,0,0,0,0,0
https://www.yata.hk,0,1,0,0,0,0,0,0,0,1,1,0,1,1,0,1,1,0,1,1
https://maildinshaakckjnw41.web.app/,0,1,0,0,0,0,1,0,0,1,0,0,1,0,0,0,0,0,0,0
https://sants-authenticate-device.firebaseapp.com/,0,1,0,0,0,0,1,0,1,1,1,0,0,0,0,0,0,0,0,0
https://www.almaparket.nl,0,1,0,0,0,0,0,0,0,1,1,1,1,1,0,1,0,0,1,1
http://xxdazbvqvqyzgkvu.271710.sepa-00980-force-drop.oa.r.appspot.com/?fbclid=iwar3knrjl-94v_nqxcpkw-ud4m7oin-3qk8aj0ivwk0v-za3kf9rh4xaeip8,0,0,0,1,1,1,1,0,1,1,0,0,0,0,0,0,0,0,0,0
http://www.aloha.support,0,0,0,0,0,0,0,0,0,1,0,0,1,0,0,0,0,0,0,0
https://www.fr.im,0,1,0,0,0,0,0,0,0,1,0,0,1,0,0,0,0,0,1,1
https://www.forcedjoyproject.com,0,1,0,0,0,0,0,0,1,1,1,0,1,1,0,1,1,0,1,1
https://ipfs.io/ipfs/qmpdfxcajtcghz835fi8epe9kbrvdnti9db9xpsdaw5s1d,0,1,0,0,0,0,1,0,0,1,1,0,1,1,0,1,1,1,0,0
https://mail.deliverylifesupport.com/public/bfpwajxsvb0blonjm6a3rkyzjtztci1n,0,1,0,0,0,0,1,0,1,1,0,0,0,0,0,0,0,0,0,0
https://www.sandiegotheatres.org,0,1,0,0,0,0,0,0,0,1,0,0,1,1,0,1,1,0,1,1
https://www.max-reis.de,0,1,0,0,0,0,1,0,0,1,1,0,1,0,0,1,0,0,1,1
https://tribelio.page/startprevent,0,1,0,0,0,0,1,0,0,1,1,0,1,0,0,0,0,0,0,0
http://www.edolet-sena-ir.ml,0,0,0,0,0,0,1,0,0,1,0,0,0,0,0,0,0,0,0,0
https://www.datadoctor.biz,0,1,0,0,0,0,0,0,0,1,0,0,1,1,0,0,0,0,1,1
http://www.ecorarte.com,0,0,0,0,0,0,0,0,1,1,0,0,0,0,0,0,0,0,0,0
https://bafybeidtm4lu2f2fxldqyte44oiqf2c7mfvdojwdszlitviutpcidokuri.ipfs.w3s.link/,0,1,0,1,0,0,1,0,0,0,0,0,0,0,0,0,1,0,1,0
https://www.dpdparcelwizard.ie,0,1,0,0,0,0,0,0,0,1,0,0,0,0,0,1,0,0,1,1
http://www.biyan.urlfb.co,0,0,0,1,0,0,1,0,0,1,0,0,0,0,0,0,0,0,0,0
https://www.hakenaudio.com,0,1,0,0,0,0,0,0,1,1,1,0,1,1,0,1,1,0,1,1
https://www.markalexander.com,0,1,0,0,0,0,0,0,1,1,1,0,1,1,0,1,0,0,0,1
https://www.domusnursery.com.au,0,1,0,1,0,0,1,0,0,1,1,0,1,1,0,1,1,0,1,1
https://www.octagon-theatre.co.uk,0,1,0,1,0,0,1,0,0,1,1,0,1,1,0,1,0,0,1,1
https://www.cocoonphotography.co.uk,0,1,0,1,0,0,1,0,0,1,1,0,0,1,0,1,0,0,0,1
https://www.sporcle.com,0,1,0,0,0,0,0,0,1,1,0,1,0,1,0,1,1,0,1,1
https://scamminggg.netlify.app/,0,1,0,0,0,0,1,0,0,0,0,0,0,0,0,0,0,0,0,0
http://www.iyogaspace.net/str/,0,0,0,0,0,0,1,0,0,1,0,0,0,0,0,0,0,0,0,0
https://www.observatoriodaimprensa.com.br,0,1,0,1,0,0,1,0,0,1,0,1,1,0,1,1,1,0,1,1
https://www.celebdirtylaundry.com,0,1,0,0,0,0,0,0,1,1,0,1,0,1,0,1,1,0,1,1
http://www.waerdxoeub.cf,0,0,0,0,0,0,0,0,0,1,0,0,0,0,0,0,0,0,0,0
https://www.samuelis-baumgarte.com,0,1,0,0,0,0,1,0,1,1,1,0,1,1,0,1,1,0,1,1
http://users.tpg.com.au/kcornwall/email-verification/notice/account_login/login.html#accounting@utu.fi,0,0,0,1,0,0,1,0,0,1,0,0,1,0,0,0,1,1,0,0
https://loginonline.promerienlinea.repl.co/,0,1,0,1,0,0,1,0,0,1,0,0,0,0,0,0,0,0,0,0
https://www.mote-evolver.com,0,1,0,0,0,0,1,0,1,1,0,0,0,0,0,1,0,0,1,1
https://www.auditionrepmatchmaker.com,0,1,0,0,0,0,0,0,1,1,0,0,1,0,0,1,1,0,1,1
https://dev-gestiondesoporteonline.pantheonsite.io/home.php,0,1,0,0,0,0,1,0,0,1,0,0,0,0,0,0,0,0,0,0
http://www.ir-shalplak.gq,0,0,0,0,0,0,1,0,0,1,0,0,0,0,0,0,0,0,0,0
https://www.prodryers.com,0,1,0,0,0,0,0,0,1,1,0,0,1,1,0,1,1,0,1,1
https://maildinshaakckjnw565.web.app/,0,1,0,0,0,0,1,0,0,1,0,0,1,0,0,0,0,0,0,0
https://www.bethelsd.org,0,1,0,0,0,0,0,0,0,1,0,0,1,0,0,1,1,0,1,1
https://smj-48s.web.app/,0,1,0,0,0,0,1,0,0,1,0,0,1,0,0,0,0,0,0,0
https://www.islhd.health.nsw.gov.au,0,1,0,1,0,0,1,0,0,1,1,0,1,0,0,1,0,0,1,1
https://www.westdean.org.uk,0,1,0,1,0,0,1,0,0,1,0,0,0,1,0,1,1,0,1,1
http://www.americaoexpeecs.co.jp.caudgdk.cn/,0,0,0,1,0,0,1,0,0,0,1,0,1,0,0,0,0,0,0,0
http://opensea.vg,0,0,0,0,0,0,0,0,0,1,0,0,0,0,0,0,0,0,0,0
https://www.dartmouthmuseum.org,0,1,0,0,0,0,0,0,0,1,0,1,1,0,0,1,0,1,1,1
http://www.fuk.sh,0,0,0,0,0,0,0,0,0,1,0,0,0,0,0,0,0,0,0,0
https://www.espace-ethique.org,0,1,0,0,0,0,1,0,0,1,1,0,1,0,0,1,1,0,0,1
https://www.deal-webdesign.be,0,1,0,0,0,0,1,0,0,1,1,0,1,1,0,1,1,0,0,1
https://www.veneziaeventi.com,0,1,0,0,0,0,0,0,1,1,0,1,1,1,1,1,1,0,1,1
http://www.kueronekayaeotn.co.jp.kuerocekayaaoto.atwtfm.top/ai/?authenticated=true&amp;amp;openid/gp/signin/x&amp;amp;i=a&amp;amp;oauth=m&amp;amp;i?ie=utf8&amp;amp;ref_=rhf_custrec_signin33c720b293c50b5b226d772bf10b26d4acad8a4f,0,0,0,1,1,1,1,0,0,1,0,0,1,0,0,0,1,0,1,0
https://www.mhfi.org,0,1,0,0,0,0,0,0,0,1,0,0,1,1,0,1,1,1,0,1
https://dev-ban0.pantheonsite.io/index.html,0,1,0,0,0,0,1,0,0,1,0,0,0,0,0,0,0,0,0,0
https://bit.ly/linkbper24,0,1,0,0,0,0,1,0,0,1,0,1,1,0,0,0,0,0,0,0
https://www.wausauschools.org,0,1,0,0,0,0,0,0,0,1,1,0,1,1,0,1,1,0,0,1
https://www.logcabinrentalsnc.com,0,1,0,0,0,0,0,0,1,1,0,0,1,1,0,1,0,0,0,1
http://dev-ingresar-validacion-seguridad-banco-itau-paraguay.pantheonsite.io,0,0,0,0,0,0,1,0,0,1,0,0,0,0,0,0,0,0,0,0
https://www.simtec-silicone.com,0,1,0,0,0,0,1,0,1,1,1,1,1,1,0,1,1,0,1,1
https://www.amazon.diaoke999.cn,0,1,0,1,0,0,1,0,0,1,0,0,0,0,0,0,0,0,0,0
https://docs.google.com/presentation/d/e/2pacx-1vtdimu3-gjsvjphe1s8mkkiispgcyzedvv9lebjjqt_3e08cm2pinpoefyuyaxeijt9dtjnm2qt3xyj/pub?start=false&loop=false&delayms=3000,0,1,0,0,1,1,1,0,1,1,1,0,1,0,0,0,0,0,1,0
https://www.superprestigecyclocross.be,0,1,0,0,0,0,0,0,0,1,1,1,1,1,0,1,0,0,0,1
http://www.cafeestereo.com,0,0,0,0,0,0,0,0,1,1,0,0,1,0,0,0,0,0,0,0
https://outlook04.officelive09.workers.dev,0,1,0,1,0,0,1,0,0,0,0,0,0,0,0,0,1,0,0,0
http://www-quench-es.usrfiles.com/html/0e472f_4d9b2a88f72eb4191a8eb158b004ca1f.html,0,0,0,0,0,0,1,0,1,0,0,0,0,0,0,0,0,0,0,0
http://www.umpraladoispraca.top,0,0,0,0,0,0,0,0,0,0,0,0,0,0,0,0,0,0,0,0
https://www.fortbendstar.com,0,1,0,0,0,0,0,0,1,1,0,1,1,1,0,0,1,0,1,1
https://project2-d003f.web.app/,0,1,0,0,0,0,1,0,0,1,0,0,1,0,0,0,0,0,0,0
https://www.awesomeweb.com,0,1,0,0,0,0,0,0,1,1,1,0,1,1,0,1,1,1,1,1
https://www.kraftheinzcompany.com,0,1,0,0,0,0,0,0,1,1,0,0,1,1,0,1,0,0,1,1
https://www.karaite.org.il,0,1,0,1,0,0,1,0,0,1,1,0,0,0,0,0,1,0,1,1
http://www.allowedcloud.com,0,0,0,0,0,0,0,0,1,0,0,0,0,0,0,0,0,0,0,0
http://www.gcwey.pplink.club,0,0,0,1,0,0,1,0,0,1,0,0,0,0,0,0,0,0,0,0
https://www.spxschool.com,0,1,0,0,0,0,0,0,1,1,1,1,1,1,0,1,1,0,1,1
http://www.minerad.com,0,0,0,0,0,0,0,0,1,0,0,0,0,0,0,0,0,0,0,0
https://aol-mail-106867.weeblysite.com/,0,1,0,0,0,0,1,0,1,1,1,0,1,0,0,0,0,0,0,0
https://cloudflare-ipfs.com/ipfs/bafybeibe2xxmuidi5jxylhawu4jezhvwlvliyozjzfq5rnudkawfjrtp3q/owa.html,0,1,0,0,0,0,1,0,1,1,1,1,0,0,0,0,1,1,1,0
http://www.blockschain.great-site.net,0,0,0,1,0,0,1,0,0,0,0,0,1,0,0,0,0,0,0,0
http://www.selfip.info,0,0,0,0,0,0,0,0,0,0,0,0,0,0,0,0,0,0,0,0
https://wxanouvelles.firebaseapp.com/,0,1,0,0,0,0,1,0,1,1,0,0,1,0,0,0,0,0,0,0
http://www.mediclyft.com,0,0,0,0,0,0,0,0,1,1,0,1,1,0,0,0,0,0,0,0
https://www.handannews.com.cn,0,1,0,1,0,0,1,0,0,1,1,0,0,1,0,0,0,0,1,1
https://www.metanoiabychikaya.com,0,1,0,0,0,0,0,0,1,1,0,0,1,1,0,1,1,1,1,1
http://www.officeman.tk,0,0,0,0,0,0,0,0,0,1,0,0,0,0,0,0,0,0,0,0
http://www.colemanf.gq,0,0,0,0,0,0,0,0,0,1,0,0,0,0,0,0,0,0,0,0
http://43.159.37.67/v3/signin/identifier?dsh=s17009123%3a1679162431692059&amp%3bifkv=awnoghdtmwe6pznz8jkc4z1cajgau5vr1qtb7mjv_etyyaaxhyav9oicpzqvblv9e1kmsqckltuilq&amp%3bxrealip=107.178.232.181&continue=https%3a%2f%2faccounts.google.com%2f%3f&xrealip=34.198.46.118&flowname=weblitesignin&flowentry=servicelogin&ifkv=awnoghfgw5kgjsz5ffgpzfewzspf4x2vkvbukkcnzlu1vajexc1c_q-gtsa0trz4nhoblzbbdrgkga,1,1,0,1,1,1,1,0,0,1,0,0,1,1,0,0,1,0,1,0
http://www.islamiyaat.com,0,0,0,0,0,0,0,0,1,1,0,0,1,0,0,0,0,0,0,0
https://www.lefilrougetextiles.com,0,1,0,0,0,0,0,0,1,1,1,0,1,1,0,1,1,1,1,1
http://www.rematedeldia.com,0,0,0,0,0,0,0,0,1,0,0,0,0,0,0,0,0,0,0,0
http://www.androappy.com,0,0,0,0,0,0,0,0,1,1,0,0,0,0,0,0,0,0,0,0
https://authsecuritecle.web.app/,0,1,0,0,0,0,1,0,0,0,0,0,0,0,0,0,0,0,0,0
http://www.tasut.com,0,0,0,0,0,0,0,0,1,0,0,0,0,0,0,0,0,0,0,0
https://www.dayandnightwatches.com,0,1,0,0,0,0,0,0,1,1,0,0,1,1,0,1,1,1,1,1
https://www.fabyswigs.com,0,1,0,0,0,0,0,0,1,1,0,0,1,1,0,1,1,1,1,1
https://fb-restriction-case-386a3.firebaseapp.com/,0,1,0,0,0,0,1,0,1,1,0,0,1,0,0,0,0,0,0,0
http://www.asr-shaparak.ml,0,0,0,0,0,0,1,0,0,1,0,0,0,0,0,0,0,0,0,0
https://www.nirvanacanada.com,0,1,0,0,0,0,0,0,1,1,1,1,1,1,0,1,1,0,1,1
http://www.xpertorder.com,0,0,0,0,0,0,0,0,1,1,0,0,1,0,0,0,0,0,0,0
http://www.cmbavocat.fr,0,0,0,0,0,0,0,0,0,0,0,0,0,0,0,0,0,0,0,0
https://usps.ntvwww.top/query/express.php,0,1,0,0,0,0,1,0,0,0,0,0,0,0,0,0,0,0,0,0
http://www.futureteam.ch,0,0,0,0,0,0,0,0,0,1,0,0,0,0,0,0,0,0,0,0
https://www.vinu.edu,0,1,0,0,0,0,0,0,0,1,0,0,0,0,0,1,1,0,1,1
https://vinted.sprzedaz.me/fg0ws,0,1,0,0,0,0,1,0,0,1,0,0,0,0,0,0,0,0,0,0
http://ranyusaude.com.br/wp-info/vin/dhsjfdjs/900/,0,0,0,0,0,0,1,0,0,1,0,0,1,0,0,0,1,1,0,0
https://hd18d-ndt-8.web.app/f1,0,1,0,0,0,0,1,0,0,1,0,0,1,0,0,0,0,0,0,0
https://cauliflower-vl39-pw3b.te59edi38680.workers.dev/,0,1,0,1,0,0,1,0,0,1,0,1,1,0,0,0,0,0,0,0
https://www.bataan.gov.ph,0,1,0,1,0,0,1,0,0,1,0,1,1,0,0,1,1,0,1,1
https://acnote012.web.app/,0,1,0,0,0,0,1,0,0,1,0,0,0,0,0,0,0,0,0,0
https://accounts-centre-74225.firebaseapp.com/,0,1,0,0,0,0,1,0,1,0,0,0,0,0,0,0,0,0,0,0
https://www.griffinsociety.org,0,1,0,0,0,0,0,0,0,1,1,1,1,1,0,1,1,1,1,1
https://dev-enlineaitausegura.pantheonsite.io/,0,1,0,0,0,0,1,0,0,1,0,0,0,0,0,0,0,0,0,0
https://www.farao-classics.de,0,1,0,0,0,0,1,0,0,1,1,1,0,1,0,1,0,0,1,1
https://www.issoy.fi,0,1,0,0,0,0,0,0,0,1,0,1,1,1,1,1,1,0,1,1
https://mexcorp.org/prex/,0,1,0,0,0,0,1,0,0,1,0,0,0,0,0,0,0,0,0,0
http://www.amazcecm-co-jp.amacaeon.chakaifang.top/,0,0,0,1,0,0,1,0,0,0,1,0,1,0,0,0,0,0,0,0
http://www.nethostingtalk.ir,0,0,0,0,0,0,0,0,0,0,0,0,0,0,0,0,0,0,0,0
https://www.swissolympic.ch,0,1,0,0,0,0,0,0,0,1,1,1,1,1,0,1,0,0,1,1
https://www.lifestalker.com,0,1,0,0,0,0,0,0,1,1,1,0,0,0,0,1,1,0,1,1
https://daytretainha.com/,0,1,0,0,0,0,0,0,1,0,0,0,0,0,0,0,0,0,0,0
https://helpid9355723849185962816.firebaseapp.com/,0,1,0,0,0,0,1,0,1,0,0,0,0,0,0,0,0,0,0,0
http://www.5bc9f221df36afc449af2f5b708c53be.in,0,0,0,0,0,0,0,0,0,0,0,0,0,0,0,0,0,0,0,0
http://www.thecloudnet.org,0,0,0,0,0,0,0,0,0,0,0,0,0,0,0,0,0,0,0,0
https://www.oldindianphotos.in,0,1,0,0,0,0,0,0,0,1,1,0,0,0,0,1,1,0,0,1
https://communique-clc-session2023.web.app/,0,1,0,0,0,0,1,0,0,1,0,0,1,0,0,0,0,0,0,0
https://maildinshaakckjnw291.web.app/,0,1,0,0,0,0,1,0,0,1,0,0,1,0,0,0,0,0,0,0
https://www.kawaiikakkoiisugoi.com,0,1,0,0,0,0,0,0,1,1,1,1,1,1,0,1,1,1,1,1
https://www.bridgeworld.com,0,1,0,0,0,0,0,0,1,1,0,0,1,1,0,1,0,0,1,1
https://www.fault.no,0,1,0,0,0,0,0,0,0,1,0,0,1,0,0,1,0,0,1,1
https://www.ecc.co.jp,0,1,0,1,0,0,1,0,0,1,1,1,1,1,0,1,0,0,1,1
http://www.tsxwbywjwdm.myfw.us,0,0,0,1,0,0,1,0,0,0,0,0,0,0,0,0,0,0,0,0
http://www.dike-odimgbe.com,0,0,0,0,0,0,1,0,1,0,0,0,0,0,0,0,0,0,0,0
https://www.staff-b.com,0,1,0,0,0,0,1,0,1,1,1,1,1,1,0,0,1,0,1,1
http://oll-xpaying.5576675.xyz/hp2lebzz/kqpvi5/8/,0,0,0,0,0,0,1,0,0,0,0,0,0,0,0,0,0,0,0,0
https://www.gazeteciler.com,0,1,0,0,0,0,0,0,1,1,1,0,1,1,0,1,1,0,1,1
http://www.hizika.com,0,0,0,0,0,0,0,0,1,1,0,0,1,0,0,0,0,0,0,0
https://www.myglobalplatter.com,0,1,0,0,0,0,0,0,1,1,1,0,1,1,0,1,0,0,1,1
https://www.modernwoodmen.org,0,1,0,0,0,0,0,0,0,1,1,0,1,1,0,1,1,0,1,1
http://www.us-mg6.mail.yahoo.mailaunch.com,0,0,0,1,0,0,1,0,1,1,0,0,0,0,0,0,0,0,0,0
https://www.steinkjer.kommune.no,0,1,0,1,0,0,1,0,0,1,0,0,1,1,0,1,1,0,0,1
https://s4mk-hj6.firebaseapp.com/,0,1,0,0,0,0,1,0,1,1,0,0,1,0,0,0,0,0,0,0
https://dev-itaupyuj.pantheonsite.io/,0,1,0,0,0,0,1,0,0,1,0,0,0,0,0,0,0,0,0,0
http://www.anzhuo6.com,0,0,0,0,0,0,0,0,1,1,0,0,0,1,0,0,0,0,0,0
https://www.chamber.asheboro.com,0,1,0,1,0,0,1,0,1,1,1,0,1,0,0,1,0,0,1,1
https://oorangge.weebly.com/,0,1,0,0,0,0,1,0,1,1,0,1,1,0,0,0,0,0,0,0
http://www.snowiby.ml,0,0,0,0,0,0,0,0,0,1,0,0,0,0,0,0,0,0,0,0
http://www.myanmarnewsrecent.com,0,0,0,0,0,0,0,0,1,0,0,0,0,0,0,0,0,0,0,0
http://verify-security10.org/,0,0,0,0,0,0,1,0,0,0,0,0,0,0,0,0,0,0,0,0
http://www.ggtrends.com,0,0,0,0,0,0,0,0,1,1,0,0,0,0,0,0,0,0,0,0
https://www.salinaymca.org,0,1,0,0,0,0,0,0,0,1,1,0,1,0,0,1,1,0,1,1
https://tvrealtime.com/ibg/client/l_home_s.php,0,1,0,0,0,0,1,0,1,0,0,0,0,0,0,0,0,0,0,0
https://www.oerproject.com,0,1,0,0,0,0,0,0,1,1,1,0,1,1,0,1,1,1,1,1
http://www.3656aa.net,0,0,0,0,0,0,0,0,0,0,0,0,0,0,0,0,0,0,0,0
https://www.alexiapurdybooks.com,0,1,0,0,0,0,0,0,1,1,1,0,0,0,0,1,1,1,1,1
https://www.universal-music.co.jp,0,1,0,1,0,0,1,0,0,1,1,1,1,1,1,1,1,0,1,1
http://www.gektolicompany.xyz,0,0,0,0,0,0,0,0,0,0,0,0,0,0,0,0,0,0,0,0
https://www.abiyx.com,0,1,0,0,0,0,0,0,1,1,0,0,1,1,1,1,1,1,1,1
https://www.goodytwos.com,0,1,0,0,0,0,0,0,1,1,0,0,1,1,0,1,1,1,1,1
https://steampubggift.asia/,0,1,0,0,0,0,1,0,0,1,0,0,0,0,0,0,0,0,0,0
https://www.coda-apeldoorn.nl,0,1,0,0,0,0,1,0,0,1,0,0,0,1,0,1,1,0,1,1
https://www.popularrestorations.com,0,1,0,0,0,0,0,0,1,1,0,1,0,1,0,0,0,0,1,1
https://www.onlinesazkovekancelare.cz,0,1,0,0,0,0,0,0,0,1,1,0,1,1,0,1,0,0,1,1
https://ipfs.io/ipfs/bafybeihadfx74m3gnq3bjk4sc73tev2kaprnf7k4pmycj3xbt3yxtxs67e/tonepro888-onedrive.html,0,1,0,0,0,0,1,0,0,1,0,0,1,0,0,0,1,1,0,0
https://www.asiapress.org,0,1,0,0,0,0,0,0,0,1,1,0,1,1,0,1,1,0,1,1
http://my-officedocx-hygiehotels-dot-sharepoint-upload.an.r.appspot.com/,0,0,0,1,0,0,1,0,1,1,0,0,0,0,0,0,0,0,0,0
http://www.benchpressadvantage.com,0,0,0,0,0,0,0,0,1,1,0,0,0,0,0,0,0,0,0,0
https://www.mebmarket.com,0,1,0,0,0,0,0,0,1,1,1,0,1,1,0,1,0,1,0,1
http://www.mudeungsan.or.kr,0,0,0,1,0,0,1,0,0,1,0,0,0,0,0,0,0,0,0,0
http://www.moaprints.com,0,0,0,0,0,0,0,0,1,1,0,0,0,0,0,0,0,0,0,0
http://www.tvlinux.com,0,0,0,0,0,0,0,0,1,1,0,0,0,0,0,0,0,0,0,0
https://www.adzuna.de,0,1,0,0,0,0,0,0,0,1,1,0,1,1,0,0,1,0,1,1
http://www.emprepyme.com.ar,0,0,0,1,0,0,1,0,0,1,0,0,0,0,0,0,0,0,0,0
https://www.codastory.com,0,1,0,0,0,0,0,0,1,1,0,1,1,1,1,1,1,0,1,1
https://www.binance.info/en/?bfp,0,1,0,0,0,1,1,0,0,1,0,0,0,0,0,0,0,0,0,0
http://www.menotepoer.com,0,0,0,0,0,0,0,0,1,0,0,0,0,0,0,0,0,0,0,0
https://direct.blair-roger.top/,0,1,0,0,0,0,1,0,0,1,0,1,1,0,0,0,0,0,0,0
https://www.detektivskaagencija.rs,0,1,0,0,0,0,0,0,0,1,1,0,1,1,0,1,0,0,1,1
http://www.san-elbg.ml,0,0,0,0,0,0,1,0,0,1,0,0,0,0,0,0,0,0,0,0
http://www.gilberelin.publicvm.com,0,0,0,1,0,0,1,0,1,1,0,0,0,0,0,0,0,0,0,0
http://www.radissontickets.com,0,0,0,0,0,0,0,0,1,1,0,0,0,0,0,0,0,0,0,0
https://www.aassa.com,0,1,0,0,0,0,0,0,1,1,1,1,0,1,0,1,1,0,1,1
http://ch-74-122-178-21.main.jp/swiss_posta_ch/seleccione_medio_de_pago.php,0,0,0,0,0,0,1,0,0,1,0,0,1,0,0,0,0,0,0,0
https://as-jcb.cam,0,1,0,0,0,0,1,0,0,0,0,0,0,0,0,0,0,0,0,0
http://www.ve.qaprm.com,0,0,0,1,0,0,1,0,1,0,0,0,0,0,0,0,0,0,0,0
https://www.tagwerk.info/rmat/verification/pii/payment_oath?74d101db17b39beb856d26f2db17b39bd22d32d22d3204021eb856d26f2db17b39bd22d3204021eb0bf7d=,0,1,0,0,1,1,1,0,0,1,1,0,1,0,0,0,0,0,0,0
https://www.goldenruleproject.org,0,1,0,0,0,0,0,0,0,1,1,0,1,1,0,1,1,0,0,1
http://u1956613.plsk.regruhosting.ru/251/,0,0,0,1,0,0,1,0,0,1,0,0,1,1,1,0,1,1,1,0
https://kusca.com.ar/wp-includes/widgets/webtech/f9124e6d872708a24/pass/,0,1,0,0,0,0,1,0,0,0,0,0,0,0,0,0,0,0,0,0
https://www.branchelectric.net,0,1,0,0,0,0,0,0,0,1,0,0,1,1,0,1,0,0,0,1
https://treatsbytesayold.firebaseapp.com/,0,1,0,0,0,0,1,0,1,1,0,0,0,0,0,0,0,0,0,0
https://www.clearlysusan.com,0,1,0,0,0,0,0,0,1,1,0,0,1,1,0,1,1,0,1,1
http://spresponsible.com/,0,0,0,0,0,0,0,0,1,0,0,0,0,0,0,0,0,0,0,0
https://claiming.lensr.xyz/,0,1,0,0,0,0,1,0,0,1,0,1,1,0,0,0,0,0,0,0
https://bisabonewverify.bisverinew.repl.co/,0,1,0,1,0,0,1,0,0,1,0,0,0,0,0,0,0,0,0,0
https://szinv2.firebaseapp.com/,0,1,0,0,0,0,1,0,1,1,0,0,1,0,0,0,0,0,0,0
https://www.3d.sk,0,1,0,0,0,0,0,0,0,1,0,1,1,1,0,1,1,0,1,1
https://fullupdt-dpdgroup.azurewebsites.net/chiwhsd.html,0,1,0,0,0,0,1,0,0,1,0,0,1,0,0,0,1,0,1,0
https://www.eastrussia.ru,0,1,0,0,0,0,0,0,0,1,0,0,0,0,1,1,1,0,1,1
https://www.westannouncements.com.au,0,1,0,1,0,0,1,0,0,1,1,0,1,1,0,0,1,0,1,1
https://www.nutritionmoves.com,0,1,0,0,0,0,0,0,1,1,0,0,0,0,0,1,0,0,0,1
https://divineduck.sa.com/8700hnaewblliishhsche/bt,0,1,0,0,0,0,1,0,1,1,0,0,0,0,0,0,0,0,0,0
https://sav-esim-sfr.fr/verification/login.php,0,1,0,0,0,0,1,0,0,0,0,0,0,0,0,0,0,0,0,0
https://www.bb-elec.com,0,1,0,0,0,0,1,0,1,1,0,0,0,1,0,1,0,0,1,1
http://www.campbellc.ga,0,0,0,0,0,0,0,0,0,1,0,0,0,0,0,0,0,0,0,0
https://www.syddev.com,0,1,0,0,0,0,0,0,1,1,1,0,1,1,0,1,0,0,0,1
https://www.felineconservation.org,0,1,0,0,0,0,0,0,0,1,1,1,1,1,0,1,1,1,1,1
https://dev-itauloginsecurepy.pantheonsite.io/,0,1,0,0,0,0,1,0,0,1,0,0,0,0,0,0,0,0,0,0
http://www.jessarkitchen.com,0,0,0,0,0,0,0,0,1,1,0,0,0,0,0,0,0,0,0,0
https://www.catch.jobs,0,1,0,0,0,0,0,0,0,1,1,0,1,0,0,1,0,0,1,1
https://www.alhudacibe.com,0,1,0,0,0,0,0,0,1,1,0,0,1,0,0,1,0,0,1,1
https://www.rudenko.kiev.ua,0,1,0,1,0,0,1,0,0,1,1,0,1,1,0,1,1,0,0,1
https://www.baptisthealth.com,0,1,0,0,0,0,0,0,1,1,1,0,1,1,0,1,1,0,1,1
https://lynertyvbiorcr.solandes.repl.co/,0,1,0,1,0,0,1,0,0,1,0,0,0,0,0,0,0,0,0,0
https://u1905824.ct.sendgrid.net/ls/click?upn=54hp4iuwllg1sf-2fipowtj4ylxbbw9fpr79t5z4gmyr4-3d7c4l_yxzapu76wjozedafpbxtidoqfuc8o1aoes6ho-2fabf845umwals0icy9urprqebkoq2hvo0-2funtnwcindk-2faomv13mhqxap1gli0ewl-2bghkkh1qcsiexikblue73qzkuf7xvlpzax5vwc-2bbp-2fneujiqq-2b59xc33wq7qvqqucx6yqdki2kquwzjhzffvynhejam2jcs4ip3s3sdtb2raaim2jacjohlyhcqdbfwqmygaf73zdzxv8mhwhlnftzten5kxpynlotoywc8pf83cncvq-3d-3d,0,1,0,1,1,1,1,0,0,0,0,0,0,0,0,0,0,0,0,0
https://www.arnoldpublishers.com,0,1,0,0,0,0,0,0,1,1,0,0,1,0,1,1,1,0,1,1
http://www.prodevestate.com,0,0,0,0,0,0,0,0,1,0,0,0,0,0,0,0,0,0,0,0
https://cf-ipfs.com/ipfs/qmv1w4npl5lnvgynvsv8wqjsskagknkxpms7px7jrfpmml/gen.html,0,1,0,0,0,0,1,0,1,0,0,0,0,0,0,0,0,0,0,0
https://www.decision.chaire.fmed.ulaval.ca,0,1,0,1,0,0,1,0,0,1,1,0,1,1,0,1,0,0,1,1
http://down.shopeeiv.com/,0,0,0,0,0,0,1,0,1,1,0,0,1,0,0,0,0,0,0,0
https://www.findmyphone.com-log-in.site,0,1,0,1,0,0,1,0,0,1,0,0,0,0,0,0,0,0,0,0
http://www.online-offices.com,0,0,0,0,0,0,1,0,1,0,0,0,0,0,0,0,0,0,0,0
https://pzabenltniu04.z21.web.core.windows.net/,0,1,0,1,0,0,1,0,0,0,0,0,0,0,0,0,0,0,0,0
http://www.mwrc.ca,0,0,0,0,0,0,0,0,0,0,0,0,0,0,0,0,0,0,0,0
http://www.nileloqistics.com,0,0,0,0,0,0,0,0,1,0,0,0,0,0,0,0,0,0,0,0
https://amazon-vbhjioo.zzux.com/,0,1,0,0,0,0,1,0,1,0,0,0,0,0,0,0,0,0,0,0
https://www.answercoalition.org,0,1,0,0,0,0,0,0,0,1,0,0,1,1,0,0,1,0,0,1
https://www.tacp.gov.tw,0,1,0,1,0,0,1,0,0,1,1,0,1,0,0,1,1,0,1,1
https://www.diycontrols.com,0,1,0,0,0,0,0,0,1,1,0,0,1,1,0,1,1,0,1,1
https://www.forecastinternational.com,0,1,0,0,0,0,0,0,1,1,1,1,1,1,0,1,1,0,0,1
http://www.smsihjje.cf,0,0,0,0,0,0,0,0,0,1,0,0,0,0,0,0,0,0,0,0
http://www.alphacranes.com,0,0,0,0,0,0,0,0,1,0,0,0,0,0,0,0,0,0,0,0
https://092c9c3b-dd9b-441e-a3b5-8ee2d397bdd7.id.repl.co/,0,1,0,1,0,0,1,0,0,1,0,0,0,0,0,0,0,0,0,0
https://www.ccc.govt.nz,0,1,0,1,0,0,1,0,0,1,1,0,1,0,0,1,1,0,1,1
https://bulkywearyflashmemory.biavisosgt.repl.co/,0,1,0,1,0,0,1,0,0,1,0,0,1,0,0,0,1,1,0,0
https://ipfs.io/ipfs/qmurjhzh5c5vv85axuyhnbsidussquteqm8qvzz2vtwuz2,0,1,0,0,0,0,1,0,0,1,0,0,1,0,0,0,1,1,0,0
https://www.pitbullinfo.org,0,1,0,0,0,0,0,0,0,1,0,0,1,1,0,1,0,0,1,1
http://www.gjghvga7ffgb.xyz,0,0,0,0,0,0,0,0,0,1,0,0,0,0,0,0,0,0,0,0
https://meta-business-appeal-105-2154.firebaseapp.com/,0,1,0,0,0,0,1,0,1,1,0,0,1,0,0,0,0,0,0,0
https://www.wttw.com,0,1,0,0,0,0,0,0,1,1,1,1,1,1,1,1,0,1,1,1
https://process-3riversfcu-online.web.app,0,1,0,0,0,0,1,0,0,0,0,0,1,0,0,0,0,0,0,0
https://www.nzjoy.com/,0,1,0,0,0,0,1,0,1,1,0,0,1,0,0,0,0,0,0,0
https://instagram-win-phone.firebaseapp.com/,0,1,0,0,0,0,1,0,1,1,0,0,1,0,0,0,0,0,0,0
https://www.flatironschurch.com,0,1,0,0,0,0,0,0,1,1,1,0,1,1,0,1,0,0,1,1
https://www.sesc.com.br,0,1,0,1,0,0,1,0,0,1,1,1,1,1,0,1,1,0,1,1
https://www.jamesgillpro.com,0,1,0,0,0,0,0,0,1,1,0,0,1,1,0,0,0,0,0,1
http://antille-guyane.github.io/bnpparibas.net,0,0,0,0,0,0,1,0,0,1,0,0,0,0,0,0,0,0,0,0
https://www.mistral.com,0,1,0,0,0,0,0,0,1,1,1,1,1,0,1,1,1,0,1,1
https://bdrccredsaas.represabancsiaa.repl.co/,0,1,0,1,0,0,1,0,0,1,0,0,0,0,0,0,0,0,0,0
https://www.ausanthrop.net,0,1,0,0,0,0,0,0,0,1,0,1,1,1,0,0,0,0,1,1
https://www.camillamorrison.com,0,1,0,0,0,0,0,0,1,1,0,0,1,1,0,1,0,0,0,1
https://aol-103362.weeblysite.com/,0,1,0,0,0,0,1,0,1,1,1,0,1,0,0,0,0,0,0,0
https://www.graphheneholidays.com,0,1,0,0,0,0,0,0,1,1,0,0,1,1,1,1,1,0,1,1
https://cf-ipfs.com/ipfs/qmdpqkvgj8ubdjo3dinx4hft3hxlkaegphnm93qkcwhz72,0,1,0,0,0,0,1,0,1,0,0,0,0,0,0,0,0,0,0,0
https://www.ibf-usba-boxing.com,0,1,0,0,0,0,1,0,1,1,0,0,1,1,0,0,0,0,1,1
http://www.ukalasahnede.gq,0,0,0,0,0,0,0,0,0,1,0,0,0,0,0,0,0,0,0,0
http://www.phpencryptssl.com,0,0,0,0,0,0,0,0,1,0,0,0,0,0,0,0,0,0,0,0
http://www.amazcecm-co-jp.amazaeon.zydkk.top/,0,0,0,1,0,0,1,0,0,0,1,0,1,0,0,0,0,0,0,0
https://optimoindonesia.com/core/profiles/.wt.lt/https-wetransfer.com-downloads-1c0ced943cb26fcf2c91a98230902323-230920n8%3dncv9uernnund0943%3d20j8n34-934-239nfnlncnvberodfnnf-miuhdfn9ernfoonernf-mneudfner-nmkbdfndf1ae6b27952020220729134106b8fc56/outlk.html,0,1,0,0,0,0,1,0,1,1,0,0,1,0,0,0,0,0,0,0
https://www.avontage.com,0,1,0,0,0,0,0,0,1,1,0,0,0,0,0,1,1,0,1,1
https://www.mfah.org,0,1,0,0,0,0,0,0,0,1,1,0,1,1,0,1,1,0,1,1
https://www.documenters.org,0,1,0,0,0,0,0,0,0,1,1,0,1,1,0,0,0,0,0,1
http://www.ozaron.beget.tech,0,0,0,1,0,0,1,0,0,0,0,0,0,0,0,0,0,0,0,0
https://www.utsira.kommune.no,0,1,0,1,0,0,1,0,0,1,1,0,1,0,0,1,1,0,0,1
https://www.thefarmerandthebelle.net,0,1,0,0,0,0,0,0,0,1,1,1,1,0,0,1,1,0,1,1
http://www.amazcazzm-co-jp.amazococn.bhouhje2qwhhjyz8.shop/,0,0,0,1,0,0,1,0,0,0,1,0,1,0,0,0,0,0,0,0
https://www.creativespirit.on.ca,0,1,0,1,0,0,1,0,0,1,0,0,0,0,0,1,0,0,0,1
http://www.partnersoft.media,0,0,0,0,0,0,0,0,0,0,0,0,0,0,0,0,0,0,0,0
https://shar3pointfilehjdcl0udprotect.myportfolio.com/,0,1,0,0,0,0,1,0,1,1,0,0,1,0,0,0,0,1,0,0
https://www.dgi.dk,0,1,0,0,0,0,0,0,0,1,0,1,1,0,0,1,1,0,0,1
https://www.tiemathletic.com,0,1,0,0,0,0,0,0,1,1,0,1,1,1,0,0,1,1,1,1
http://www.85d.de,0,0,0,0,0,0,0,0,0,1,0,0,0,0,0,0,0,0,0,0
https://www.pnm.ac.id,0,1,0,1,0,0,1,0,0,1,0,0,1,1,0,1,0,0,1,1
https://www.hollywoodfloristyonkers.com,0,1,0,0,0,0,0,0,1,1,1,0,1,1,0,1,1,0,0,1
https://www.asianetworkexchange.org,0,1,0,0,0,0,0,0,0,1,0,0,1,0,0,0,0,0,1,1
http://www.codedlock.com,0,0,0,0,0,0,0,0,1,0,0,0,0,0,0,0,0,0,0,0
https://www.selfdefined.app,0,1,0,0,0,0,0,0,0,1,0,0,1,0,0,1,0,0,0,1
https://www.finantistii.ro,0,1,0,0,0,0,0,0,0,1,1,1,1,1,0,0,1,0,0,1
https://www.gtfcc.org,0,1,0,0,0,0,0,0,0,1,0,0,1,0,0,0,1,0,1,1
https://www.drchrono.com,0,1,0,0,0,0,0,0,1,1,0,0,1,1,0,1,1,0,1,1
https://www.comofazer.org,0,1,0,0,0,0,0,0,0,1,0,1,1,1,0,1,1,0,1,1
https://microsoft-se.com/640ba21772d52/e31ebfe69fbe434a57cb89e26417135f6a17d8d1/,0,1,0,0,0,0,1,0,1,0,0,0,0,0,0,0,0,0,0,0
http://www.roblox.com.lr/users/456023380/profile/,0,0,0,1,0,0,1,0,0,0,0,0,0,0,0,0,0,0,0,0
https://agatac-ug3kdw45aa-uc.a.run.app/,0,1,0,1,0,0,1,0,0,0,0,0,0,0,0,0,0,0,0,0
https://cfpj.tg/site2/my-seiia/,0,1,0,0,0,0,1,0,0,1,0,1,0,0,0,0,0,0,0,0
https://www.mundodamusicamm.com.br,0,1,0,1,0,0,1,0,0,1,0,1,1,1,0,1,1,0,1,1
https://www.radioreference.com,0,1,0,0,0,0,0,0,1,1,1,0,0,1,0,1,0,0,1,1
https://www.ieahydro.org,0,1,0,0,0,0,0,0,0,1,1,0,0,0,0,0,0,0,1,1
https://www.beansbeansbeans.com,0,1,0,0,0,0,0,0,1,1,1,1,1,1,0,0,1,0,1,1
https://www.chirpbooks.com,0,1,0,0,0,0,0,0,1,1,1,0,0,0,0,1,0,1,0,1
https://www.varldenidag.se,0,1,0,0,0,0,0,0,0,1,0,0,0,0,0,1,1,0,1,1
https://www.patchology.com,0,1,0,0,0,0,0,0,1,1,1,0,1,1,0,1,1,1,1,1
http://www.software-update.live,0,0,0,0,0,0,1,0,0,1,0,0,1,0,0,0,0,0,0,0
https://www.lifetimepet.net,0,1,0,0,0,0,0,0,0,1,0,0,1,1,0,1,0,0,0,1
https://onlinecomvocesemprefacilitandolu.ubpages.com/consultar-luiza-online/,0,1,0,0,0,0,1,0,1,0,0,0,0,0,0,0,0,0,0,0
https://www.city.minoh.lg.jp,0,1,0,1,0,0,1,0,0,1,0,0,1,1,0,1,1,0,1,1
https://www.labeat.ca,0,1,0,0,0,0,0,0,0,1,0,1,0,1,0,1,1,1,1,1
http://nbdbangla.com/wp-content/wflogs/me/web/boacpanele/web/login.php,0,0,0,0,0,0,1,0,1,0,0,0,0,0,0,0,0,0,0,0
https://www.littleorangephotography.com.au,0,1,0,1,0,0,1,0,0,1,0,0,0,0,0,1,1,0,1,1
http://nyxlzy.com/swiss.php,0,0,0,0,0,0,1,0,1,0,0,0,0,0,0,0,0,0,0,0
https://hadihaberis.xyz/,0,1,0,0,0,0,1,0,0,1,0,0,0,0,0,0,1,0,1,0
https://www.markeitzel.com,0,1,0,0,0,0,0,0,1,1,0,1,1,1,0,1,1,0,0,1
http://www.house118.ir,0,0,0,0,0,0,0,0,0,1,0,0,0,0,0,0,0,0,0,0
https://www.travelbelize.org,0,1,0,0,0,0,0,0,0,1,1,1,1,0,0,1,1,0,1,1
https://www.semiconductor-today.com,0,1,0,0,0,0,1,0,1,1,0,0,1,1,0,1,0,0,1,1
http://www.madagolf.com,0,0,0,0,0,0,0,0,1,0,0,0,0,0,0,0,0,0,0,0
https://cloudflare-ipfs.com/ipfs/bafybeibqnnhzdaettvmagaggeffzjly2qu2ucekoskw3oluzr5exudsy6y//ddoonnjp.html,0,1,0,0,0,0,1,0,1,1,0,0,0,0,0,0,1,1,0,0
https://www.happiness.com,0,1,0,0,0,0,0,0,1,1,1,1,1,1,0,1,1,1,1,1
http://galoficesenlinea.online,0,0,0,0,0,0,0,0,0,1,1,0,0,0,0,0,1,1,0,0
http://www.plkiu.daniyalmedicaltech.com,0,0,0,1,0,0,1,0,1,0,0,0,0,0,0,0,0,0,0,0
https://www.lawyerly.ph,0,1,0,0,0,0,0,0,0,1,0,0,1,1,0,1,0,0,1,1
https://www.e-epih.org,0,1,0,0,0,0,1,0,0,1,1,0,1,1,0,0,1,0,1,1
https://www.stagneschurchnyc.org,0,1,0,0,0,0,0,0,0,1,1,0,1,1,0,1,0,0,0,1
http://www.quicksytes.com,0,0,0,0,0,0,0,0,1,0,0,0,0,0,0,0,0,0,0,0
http://www.f0540924.xsph.ru,0,0,0,1,0,0,1,0,0,1,0,0,0,0,0,0,0,0,0,0
https://www.mishakaudi.com,0,1,0,0,0,0,0,0,1,1,0,0,1,1,0,1,1,1,1,1
https://jkxzyy.com,0,1,0,0,0,0,0,0,1,0,1,0,1,0,0,0,0,0,0,0
http://www.fense.nowurl.fun,0,0,0,1,0,0,1,0,0,1,0,0,0,0,0,0,0,0,0,0
https://www.endslaverynow.org,0,1,0,0,0,0,0,0,0,1,1,0,1,1,0,1,1,0,1,1
http://www.autopics.xyz,0,0,0,0,0,0,0,0,0,0,0,0,0,0,0,0,0,0,0,0
https://aol-102196.weeblysite.com/,0,1,0,0,0,0,1,0,1,1,1,0,1,0,0,0,0,0,0,0
https://www.hashtagclass.com,0,1,0,0,0,0,0,0,1,1,0,1,0,0,0,0,0,0,0,1
http://opensea.com.bz,0,0,0,0,0,0,1,0,0,1,0,0,0,0,0,0,0,0,0,0
https://fb-business-appeal-b96b3.web.app/,0,1,0,0,0,0,1,0,0,1,1,0,0,1,0,0,0,0,0,0
https://tribelio.page/problemaccount/,0,1,0,0,0,0,1,0,0,1,1,0,1,0,0,0,0,0,0,0
https://gdwstytrwu.z13.web.core.windows.net/,0,1,0,1,0,0,1,0,0,0,0,0,0,0,0,0,0,0,0,0
http://www.id.gp,0,0,0,0,0,0,0,0,0,0,0,0,0,0,0,0,0,0,0,0
https://www.newbelgium.com,0,1,0,0,0,0,0,0,1,1,1,0,1,1,0,1,1,0,1,1
https://www.getspiffy.com,0,1,0,0,0,0,0,0,1,1,1,0,1,1,0,1,1,0,1,1
https://page-verify79.firebaseapp.com/,0,1,0,0,0,0,1,0,1,0,0,0,0,0,0,0,0,0,0,0
https://www.pointcheckout.com,0,1,0,0,0,0,0,0,1,1,0,0,1,1,0,1,0,0,1,1
https://www.hanielas.com,0,1,0,0,0,0,0,0,1,1,1,1,1,1,1,1,1,1,1,1
https://fjmarketing.com/espaceclient/sg_fr/se-connecter/,0,1,0,0,0,0,1,0,1,0,0,0,0,0,0,0,0,0,0,0
https://www.supermonitoring.com,0,1,0,0,0,0,0,0,1,1,1,0,1,1,1,1,1,1,1,1
https://www.thetraderisk.com,0,1,0,0,0,0,0,0,1,1,1,1,1,1,0,1,0,0,1,1
https://help-fb-id-3246251810.web.app/,0,1,0,0,0,0,1,0,0,1,0,0,1,0,0,0,0,0,0,0
https://attmailingale7372.boxmode.io/,0,1,0,0,0,0,1,0,0,1,1,0,1,1,0,0,0,0,0,0
https://www.daat.org,0,1,0,0,0,0,0,0,0,1,0,0,1,0,1,1,1,0,0,1
http://xn--53-6kch0fa.xn--p1ai/wp-content/themes/vass_theme/fonts/ttf/404mun/,0,0,0,0,0,0,1,0,0,1,0,0,0,0,0,0,0,0,0,0
https://www.crystalbarsoap.com,0,1,0,0,0,0,0,0,1,1,0,0,1,1,0,1,1,1,1,1
https://www.elleihome.com,0,1,0,0,0,0,0,0,1,1,1,0,1,1,0,0,1,1,1,1
https://solitary-field-41af.pinelli90.workers.dev/,0,1,0,1,0,0,1,0,0,1,0,1,1,0,0,0,1,0,0,0
http://www.wtgylzokmsyd.myfw.us,0,0,0,1,0,0,1,0,0,0,0,0,0,0,0,0,0,0,0,0
https://azsa-48438.firebaseapp.com/,0,1,0,0,0,0,1,0,1,1,0,0,1,0,0,0,0,0,0,0
http://u1938642.plsk.regruhosting.ru/ks6diyjg19/index.php,0,0,0,1,0,0,1,0,0,0,0,0,0,0,0,0,0,0,0,0
http://43.128.92.128/v3/signin/identifier?dsh=s-1643361534%3a1680732035416024&amp%3bfollowup=https%3a%2f%2faccounts.google.com%2f%3f&amp%3bifkv=aqmjq7szs9hoqgpln_hot_stv09uvk-afuedvspy1bith6vtatg4apkk_garpjb_mx8enwfsxjxn&amp%3bpassive=1209600&amp%3bxrealip=107.178.200.235&continue=https%3a%2f%2faccounts.google.com%2f%3f&xrealip=34.198.46.118&flowname=weblitesignin&flowentry=servicelogin&ifkv=aqmjq7r7syrh8rfewyjjjeid90knbjc8-dsx9fhs0gkxg_eqvhk0zttrjr8ix2bapawuspyyaqiazw,1,1,0,1,1,1,1,0,0,1,0,0,1,1,0,0,1,0,1,0
https://www.middleburyhistoricalsociety.org,0,1,0,0,0,0,0,0,0,1,0,1,1,0,0,0,1,0,0,1
http://www.a0505523.xsph.ru,0,0,0,1,0,0,1,0,0,1,0,0,0,0,0,0,0,0,0,0
https://www.rabbimeirbaalhaneis.com,0,1,0,0,0,0,0,0,1,1,1,1,0,1,0,0,0,0,1,1
http://www.undy.org,0,0,0,0,0,0,0,0,0,1,0,0,0,0,0,0,0,0,0,0
https://www.stratcom.mil,0,1,0,0,0,0,0,0,0,1,1,1,1,0,0,1,0,0,1,1
https://www.minidoka.id.us,0,1,0,1,0,0,1,0,0,1,1,0,1,1,0,0,0,0,1,1
http://www.ctldl.windowsupdate.gettrials.com,0,0,0,1,0,0,1,0,1,1,0,0,0,0,0,0,0,0,0,0
https://www.helpannie.de,0,1,0,0,0,0,0,0,0,1,0,0,1,1,0,1,0,0,1,1
https://cposletes.web.app/,0,1,0,0,0,0,1,0,0,1,0,0,0,0,0,0,0,0,0,0
https://www.sovietstory.com,0,1,0,0,0,0,0,0,1,1,0,1,1,0,0,0,1,0,1,1
http://www.longvoyages.com,0,0,0,0,0,0,0,0,1,1,0,0,1,1,0,0,0,0,0,0
https://www.info-turk.be,0,1,0,0,0,0,1,0,0,1,0,0,0,0,0,1,1,0,0,1
https://www.grazia.co.in,0,1,0,1,0,0,1,0,0,1,1,0,0,1,0,1,1,0,1,1
http://www.f0566581.xsph.ru,0,0,0,1,0,0,1,0,0,1,0,0,0,0,0,0,0,0,0,0
https://www.ontrackplant.com,0,1,0,0,0,0,0,0,1,1,1,1,1,1,0,0,0,0,1,1
http://awesome-bhaskara.151-80-79-167.plesk.page/credit-agricole/region/d5fc25fcd01e889/region.php?lca=,0,0,0,1,0,1,1,0,0,1,0,0,0,0,0,0,0,0,0,0
https://www.iheartmedia.com,0,1,0,0,0,0,0,0,1,1,1,0,1,1,0,0,0,0,1,1
http://www.azalpay.site,0,0,0,0,0,0,0,0,0,1,1,0,0,0,0,0,1,0,1,0
https://www.nottinghamshirewildlife.org,0,1,0,0,0,0,0,0,0,1,1,0,1,1,0,1,1,0,1,1
https://www.offsite.com.cy,0,1,0,1,0,0,1,0,0,1,0,0,1,1,0,1,0,0,1,1
https://www.losarcanos.com,0,1,0,0,0,0,0,0,1,1,0,1,1,1,0,1,0,0,1,1
https://www.derek-rose.com,0,1,0,0,0,0,1,0,1,1,1,0,1,1,0,1,1,1,1,1
http://app-moksas5587openbo.kvoiffugw9-yk26ed5vg379.p.temp-site.link/termsofservice.html,0,0,0,1,0,0,1,0,0,1,0,0,0,0,0,0,0,0,0,0
http://www.09h3rhh4zy.kuwxg7esmv.toxq93ljct.aze.link,0,0,0,1,0,0,1,0,0,1,0,0,1,0,0,0,0,0,1,0
https://www.hawaiiweblog.com,0,1,0,0,0,0,0,0,1,1,0,1,1,0,0,1,1,0,1,1
https://connection-orangebank-certicode.derlma.com/4873529/,0,1,0,0,0,0,1,0,1,0,0,0,0,0,0,0,0,0,0,0
http://mail.deliverylifesupport.com/public/wzjgemyhplyinif08hx6lhuklq8m436k,0,0,0,0,0,0,1,0,1,1,0,1,0,0,0,0,0,0,0,0
https://www.klj-meenselkiezegem.be,0,1,0,0,0,0,1,0,0,1,0,0,0,0,0,1,1,0,1,1
https://www.powsciencetoys.com,0,1,0,0,0,0,0,0,1,1,1,1,1,1,0,1,0,0,1,1
https://homebanking.bper-it.com/sms.php,0,1,0,0,0,0,1,0,1,1,0,1,1,0,0,0,0,0,0,0
https://www.vanguardhealthcare.co.uk,0,1,0,1,0,0,1,0,0,1,1,1,1,1,0,1,1,0,1,1
https://www.lavca.org,0,1,0,0,0,0,0,0,0,1,1,1,1,0,0,1,1,1,1,1
https://www.chinesefashionstyle.com,0,1,0,0,0,0,0,0,1,1,0,0,1,1,0,1,1,0,1,1
https://www.meioemensagem.com.br,0,1,0,1,0,0,1,0,0,1,1,1,1,1,1,1,1,0,1,1
https://asw2-mks24.firebaseapp.com/,0,1,0,0,0,0,1,0,1,1,0,0,1,0,0,0,0,0,0,0
https://visualizando-limiteonline.com/luiza/?userid=&amp;uri=3scyyn+cjdvg13ukjrlsxiyw1yt7qe04ae+dwdbivoc=,0,1,0,0,1,1,1,0,1,1,0,1,1,0,0,0,1,0,0,0
https://www.firstbank.ro,0,1,0,0,0,0,0,0,0,1,1,0,1,1,0,1,0,0,1,1
https://bafybeic3bkpifgcnwjt6mg3cygtxijmpfyk5rshimjnkclerp2bge6w23q.ipfs.dweb.link/wew.htm,0,1,0,1,0,0,1,0,0,0,0,0,0,0,0,0,0,0,0,0
https://billowing-term-2638.ktvbrvqtatr.workers.dev/,0,1,0,1,0,0,1,0,0,0,0,0,0,0,0,0,0,0,0,0
https://gateway.pinata.cloud/ipfs/bafybeiboyaek3ag2kvurcl4gy4cntezlavvnoe6rkrg7oj72jtyn3zrlru,0,1,0,0,0,0,1,0,0,0,0,0,0,0,0,0,0,0,0,0
https://www.commercial-matting.net,0,1,0,0,0,0,1,0,0,1,1,1,1,1,0,1,1,0,0,1
https://fb-metacase158123700441.firebaseapp.com/,0,1,0,0,0,0,1,0,1,1,0,0,1,0,0,0,0,0,0,0
https://www.siseministeerium.ee,0,1,0,0,0,0,0,0,0,1,1,0,1,0,0,1,1,0,0,1
https://www.sartoriale.com,0,1,0,0,0,0,0,0,1,1,0,0,1,1,0,0,1,1,1,1
https://ipfs.io/ipfs/qmxfpfj6fj21y6cfv6qnx5hwx8nkar1dkylhppqbunxzqr,0,1,0,0,0,0,1,0,0,1,0,0,0,0,0,0,0,0,0,0
http://www.8pines.com,0,0,0,0,0,0,0,0,1,1,0,0,0,1,0,0,0,0,0,0
https://www.malvernhills.org.uk,0,1,0,1,0,0,1,0,0,1,1,0,1,1,0,1,1,0,0,1
http://www.iran-sanna.gq,0,0,0,0,0,0,1,0,0,1,0,0,0,0,0,0,0,0,0,0
https://www.mobilemind.com.br,0,1,0,1,0,0,1,0,0,1,0,0,1,1,0,1,1,0,1,1
https://www.quicktravels.com,0,1,0,0,0,0,0,0,1,1,0,0,1,0,0,1,1,1,1,1
https://dev00-36634.firebaseapp.com/,0,1,0,0,0,0,1,0,1,1,0,0,1,0,0,0,0,0,0,0
https://www.polskaludowa.com,0,1,0,0,0,0,0,0,1,1,0,1,1,0,0,0,1,0,1,1
https://www.blowingrockmuseum.org,0,1,0,0,0,0,0,0,0,1,1,0,1,1,0,1,0,0,0,1
http://www.4you.by,0,0,0,0,0,0,0,0,0,1,0,0,0,0,0,0,0,0,0,0
http://kjbniyr.bid/uber1,0,0,0,0,0,0,1,0,0,1,0,0,0,0,0,0,0,0,0,0
http://www.kundenwelt.com,0,0,0,0,0,0,0,0,1,1,0,0,0,0,0,0,0,0,0,0
http://oipsd.supergoeducation.com/,0,0,0,0,0,0,1,0,1,1,0,0,0,0,0,0,0,0,0,0
https://bee-wicked.com,0,1,0,0,0,0,1,0,1,0,0,0,0,0,0,0,0,0,0,0
https://www.jupiterbroadcasting.com,0,1,0,0,0,0,0,0,1,1,1,1,1,1,0,1,0,0,0,1
https://www.history.ac.uk,0,1,0,1,0,0,1,0,0,1,1,0,1,1,0,1,1,0,1,1
https://www.culinairefoods.com,0,1,0,0,0,0,0,0,1,1,0,1,1,1,0,1,1,0,0,1
https://www.donswaim.com,0,1,0,0,0,0,0,0,1,1,0,0,0,1,0,1,1,0,1,1
https://www.rspb.org.uk,0,1,0,1,0,0,1,0,0,1,0,0,1,1,0,1,1,0,1,1
http://www.xinyidaijieru.info,0,0,0,0,0,0,0,0,0,1,0,0,0,0,0,0,0,0,0,0
https://www.blackplaysarchive.org.uk,0,1,0,1,0,0,1,0,0,1,1,0,0,0,0,1,1,0,1,1
https://www.waterlooenergy.com,0,1,0,0,0,0,0,0,1,1,1,0,1,1,1,1,0,0,1,1
https://www.readspeaker.com,0,1,0,0,0,0,0,0,1,1,1,1,1,1,0,1,1,0,1,1
https://www.fliegofd.de,0,1,0,0,0,0,0,0,0,1,1,1,1,1,0,1,0,0,1,1
https://www.ninertimes.com,0,1,0,0,0,0,0,0,1,1,0,1,1,1,0,1,1,0,1,1
https://s.id/gruppobper-clientiverifica,0,1,0,0,0,0,1,0,0,0,0,0,0,0,0,0,0,0,0,0
https://microsoft-outlook80059cfghjhy0089.myportfolio.com/,0,1,0,0,0,0,1,0,1,0,0,0,0,0,0,0,0,0,0,0
https://www.gizmoreel.com,0,1,0,0,0,0,0,0,1,1,1,1,1,1,0,1,1,1,1,1
https://which0x0053.web.app/,0,1,0,0,0,0,1,0,0,1,0,0,1,0,0,0,0,0,0,0
http://mingovpletcn.ackriteninefstup.ga/,0,0,0,0,0,0,1,0,0,0,0,0,0,0,0,0,0,0,0,0
http://sangeado.com/rkallenoil/index.php?emal,0,0,0,0,0,1,1,0,1,1,0,0,1,0,0,0,0,1,1,0
http://www.ks3maths.co.uk/year9/us/us/,0,0,0,1,0,0,1,0,0,1,0,0,0,0,0,0,0,0,0,0
https://www.officeingarden.co.uk,0,1,0,1,0,0,1,0,0,1,0,1,1,0,0,0,1,0,0,1
http://difficult-lackadaisical-beauty.glitch.me/navyfederalcu.html,0,0,0,0,0,0,1,0,0,1,0,0,1,0,0,0,0,0,0,0
https://processing-recaptcha.firebaseapp.com/,0,1,0,0,0,0,1,0,1,1,0,0,1,0,0,0,0,0,0,0
https://kg56rf-bur5g7.firebaseapp.com/,0,1,0,0,0,0,1,0,1,1,0,0,1,0,0,0,0,0,0,0
https://www.gallipoli-association.org,0,1,0,0,0,0,1,0,0,1,0,0,1,1,0,1,1,0,1,1
https://sendnoteview-log.myportfolio.com/,0,1,0,0,0,0,1,0,1,0,0,0,0,0,0,0,0,0,0,0
https://www.weltbild.at,0,1,0,0,0,0,0,0,0,1,1,1,1,1,0,0,1,0,0,1
https://9c2a18ba-b516-4b98-9fac-5e4686794ed3.id.repl.co/,0,1,0,1,0,0,1,0,0,1,0,0,0,0,0,0,0,0,0,0
https://owarstmp000005.firebaseapp.com/,0,1,0,0,0,0,1,0,1,1,0,0,1,0,0,0,0,0,0,0
http://www.web4nothing.com,0,0,0,0,0,0,0,0,1,1,0,0,0,0,0,0,0,0,0,0
http://www.shopeinnovationt.com,0,0,0,0,0,0,0,0,1,0,0,0,0,0,0,0,0,0,0,0
http://www.batchmates.me,0,0,0,0,0,0,0,0,0,1,0,0,1,0,0,0,0,0,0,0
https://www.sdhsf.org,0,1,0,0,0,0,0,0,0,1,0,0,1,1,0,1,0,0,1,1
http://www.eventricity.biz,0,0,0,0,0,0,0,0,0,1,0,0,0,0,0,0,0,0,0,0
http://www.specialforcesofindia.com,0,0,0,0,0,0,0,0,1,0,0,0,0,0,0,0,0,0,0,0
https://aipect.net/moree/torr/,0,1,0,0,0,0,1,0,0,1,0,0,1,0,0,0,0,1,0,0
https://www.connect.ecuad.ca,0,1,0,1,0,0,1,0,0,1,1,0,1,0,0,1,0,0,1,1
https://www.musicdirect.com,0,1,0,0,0,0,0,0,1,1,0,0,1,1,0,1,1,0,1,1
https://www.scotthahn.com,0,1,0,0,0,0,0,0,1,1,1,0,1,1,0,1,1,0,1,1
https://www.emovieposter.com,0,1,0,0,0,0,0,0,1,1,0,0,0,1,0,0,1,0,1,1
https://www.melhs.org,0,1,0,0,0,0,0,0,0,1,0,1,1,1,0,1,1,0,0,1
https://www.babylonjs.com,0,1,0,0,0,0,0,0,1,1,1,0,1,1,0,1,0,0,0,1
https://www.ziegfieldflorist.com,0,1,0,0,0,0,0,0,1,1,1,0,1,1,0,1,1,0,1,1
http://www.hubbardproducts.com,0,0,0,0,0,0,0,0,1,0,0,0,0,0,0,0,0,0,0,0
https://www.earthyard.com.au,0,1,0,1,0,0,1,0,0,1,0,0,1,1,0,1,1,1,1,1
https://www.selectegypt.com,0,1,0,0,0,0,0,0,1,1,0,1,0,1,0,0,0,0,0,1
https://www.wmot.org,0,1,0,0,0,0,0,0,0,1,1,0,1,0,0,1,0,0,1,1
http://www.5.sbdgb.com,0,0,0,1,0,0,1,0,1,0,0,0,0,0,0,0,0,0,0,0
http://www.user32.com,0,0,0,0,0,0,0,0,1,0,0,0,0,0,0,0,0,0,0,0
https://bill-rebate-gov-uk.web.app/,0,1,0,0,0,0,1,0,0,1,1,0,0,0,0,0,0,0,0,0
http://securemgvto.x24hr.com/mygov/my_gov/,0,0,0,0,0,0,1,0,1,1,0,0,0,0,0,0,0,0,0,0
http://www.thaimartin.co,0,0,0,0,0,0,0,0,0,1,0,0,0,0,0,0,0,0,0,0
https://www.limusichalloffame.org,0,1,0,0,0,0,0,0,0,1,1,1,1,1,0,1,1,0,1,1
https://www.bloggdesk.com,0,1,0,0,0,0,0,0,1,1,0,1,1,1,0,1,1,1,1,1
http://www.amazceozm-co-jp.amazzeocn.513586.top/,0,0,0,1,0,0,1,0,0,1,0,0,0,0,0,0,0,0,0,0
https://www.palmettopropane.com,0,1,0,0,0,0,0,0,1,1,0,0,1,1,0,1,1,0,1,1
https://www.saint-eustache.org,0,1,0,0,0,0,1,0,0,1,0,1,1,1,0,1,1,0,1,1
https://www.tee-app.com,0,1,0,0,0,0,1,0,1,1,1,0,1,1,0,0,0,0,1,1
http://www.bungalowphotographyblog.com,0,0,0,0,0,0,0,0,1,0,0,0,0,0,0,0,0,0,0,0
http://www.a0613582.xsph.ru,0,0,0,1,0,0,1,0,0,1,0,0,0,0,0,0,0,0,0,0
https://www.channelislands.coop,0,1,0,0,0,0,0,0,0,1,1,0,1,1,0,1,1,0,1,1
https://www.anime-evo.net,0,1,0,0,0,0,1,0,0,1,0,1,1,1,0,0,1,0,1,1
https://www.efghermes.com,0,1,0,0,0,0,0,0,1,1,1,0,1,1,0,1,0,0,1,1
https://www.armagetronad.org,0,1,0,0,0,0,0,0,0,1,1,0,0,0,0,0,1,0,1,1
https://www.albany.marines.mil,0,1,0,1,0,0,1,0,0,1,0,1,1,0,0,1,0,0,1,1
https://www.werecallingshenanigans.com,0,1,0,0,0,0,0,0,1,1,0,0,1,1,1,1,1,1,0,1
https://www.tranco-list.eu,0,1,0,0,0,0,1,0,0,1,0,0,1,0,0,0,1,0,0,1
https://www.safehomesma.org,0,1,0,0,0,0,0,0,0,1,1,0,1,0,0,1,1,0,1,1
https://www.iheartcomix.com,0,1,0,0,0,0,0,0,1,1,1,0,1,0,0,1,0,0,0,1
https://www.thedollarbusiness.com,0,1,0,0,0,0,0,0,1,1,1,0,1,0,0,1,1,0,1,1
http://www.naver.com-pass.online,0,0,0,1,0,0,1,0,0,1,0,0,1,0,0,0,0,0,1,0
https://www.stanncreek.com,0,1,0,0,0,0,0,0,1,1,0,0,0,1,0,0,1,0,1,1
https://www.asiaexplorers.com,0,1,0,0,0,0,0,0,1,1,1,0,1,1,0,1,0,0,1,1
https://www.teatrodinessuno.it,0,1,0,0,0,0,0,0,0,1,0,0,1,1,0,1,1,0,0,1
https://att-104519.weeblysite.com/,0,1,0,0,0,0,1,0,1,1,1,0,1,0,0,0,0,0,0,0
https://www.elmwoodparkschools.org,0,1,0,0,0,0,0,0,0,1,0,0,1,0,0,1,1,0,1,1
https://www.liisitoom.com,0,1,0,0,0,0,0,0,1,1,0,1,1,1,0,1,1,0,0,1
https://gytcpssegurity72.gytsegurids872.repl.co/,0,1,0,1,0,0,1,0,0,1,0,0,0,0,0,0,0,0,0,0
http://www.p6aaf64107f30e2c7e4621b0469d2b39da.ws,0,0,0,0,0,0,0,0,0,1,0,0,1,0,0,0,0,0,0,0
https://www.alcc.org,0,1,0,0,0,0,0,0,0,1,1,0,1,1,0,1,1,0,1,1
http://www.macau2018.com,0,0,0,0,0,0,0,0,1,0,0,0,0,0,0,0,0,0,0,0
https://www.skra.is,0,1,0,0,0,0,0,0,0,1,0,0,1,1,0,0,1,0,0,1
https://capostae4.web.app/,0,1,0,0,0,0,1,0,0,1,1,0,1,0,0,0,0,0,0,0
https://ipfs.litnet.work/ipfs/bafybeie4v4wv3f2z2hkae4bds76fujzuo7tlel5lewgij2ejndhpapumky,0,1,0,0,0,0,1,0,0,1,0,1,1,0,0,0,0,0,0,0
https://www.smoothradio.com,0,1,0,0,0,0,0,0,1,1,1,0,0,1,0,1,1,0,1,1
https://www.gulfcoastmag.org,0,1,0,0,0,0,0,0,0,1,0,0,1,1,0,1,1,0,1,1
http://www.fwild.biz,0,0,0,0,0,0,0,0,0,0,0,0,0,0,0,0,0,0,0,0
http://www.vansde.com,0,0,0,0,0,0,0,0,1,1,0,0,0,0,0,0,0,0,0,0
http://www.f0592126.xsph.ru,0,0,0,1,0,0,1,0,0,1,0,0,0,0,0,0,0,0,0,0
https://www.scritti.luigigiussani.org,0,1,0,1,0,0,1,0,0,1,1,0,1,1,0,1,0,1,1,1
http://www.a0715575.xsph.ru,0,0,0,1,0,0,1,0,0,1,0,0,0,0,0,0,0,0,0,0
https://www.columbiaco.com,0,1,0,0,0,0,0,0,1,1,1,0,1,1,0,0,0,0,1,1
https://www.cities.hu,0,1,0,0,0,0,0,0,0,1,1,0,1,1,0,1,1,0,1,1
https://hdf-8uj.firebaseapp.com/,0,1,0,0,0,0,1,0,1,1,0,0,1,0,0,0,0,0,0,0
https://www.whitbyregatta.co.uk,0,1,0,1,0,0,1,0,0,1,0,0,1,0,0,1,0,0,0,1
https://www.airporttech.tc.faa.gov,0,1,0,1,0,0,1,0,0,1,1,1,1,0,0,1,0,0,0,1
https://www.jivopis.org,0,1,0,0,0,0,0,0,0,1,0,0,1,1,0,0,1,0,1,1
https://www.westlancs.gov.uk,0,1,0,1,0,0,1,0,0,1,0,0,1,1,0,1,1,0,1,1
http://www.bendcollegeadvisor.com,0,0,0,0,0,0,0,0,1,0,0,0,0,0,0,0,0,0,0,0
https://sites.google.com/view/mailyahooservicesverifynow/home?read_current=1,0,1,0,0,1,1,1,0,1,1,1,0,1,0,0,0,0,0,1,0
https://www.samanthaboothart.com,0,1,0,0,0,0,0,0,1,1,0,0,1,1,0,1,1,0,1,1
https://www.fsai.ie,0,1,0,0,0,0,0,0,0,1,1,0,1,1,0,1,1,0,0,1
https://www.acaponeconnection.com,0,1,0,0,0,0,0,0,1,1,0,1,1,1,0,1,1,0,1,1
https://www.integritybotanicals.com,0,1,0,0,0,0,0,0,1,1,1,0,1,1,0,1,1,1,1,1
https://www.familyallergy.com,0,1,0,0,0,0,0,0,1,1,0,1,0,0,0,1,1,0,1,1
https://www.hydros.ch,0,1,0,0,0,0,0,0,0,1,0,0,1,0,0,0,1,0,0,1
https://www.vanburenmaine.com,0,1,0,0,0,0,0,0,1,1,1,1,1,0,1,1,0,0,1,1
https://juriskiana1.firebaseapp.com/,0,1,0,0,0,0,1,0,1,1,0,0,0,0,0,0,0,0,0,0
https://www.cornwall24.net,0,1,0,0,0,0,0,0,0,1,0,1,1,0,0,1,0,0,0,1
https://www.aoc.gov,0,1,0,0,0,0,0,0,0,1,1,0,1,0,0,1,1,0,0,1
https://www.animalwised.com,0,1,0,0,0,0,0,0,1,1,1,1,1,0,0,1,1,0,1,1
https://www.ultimatecarpage.com,0,1,0,0,0,0,0,0,1,1,0,0,0,1,0,1,1,1,1,1
https://www.wallowa.com,0,1,0,0,0,0,0,0,1,1,0,1,1,1,1,1,1,1,1,1
https://napolepce.cz/wp-admin/@hld/globalsources/index2.php?email=,0,1,0,0,1,1,1,0,0,1,0,0,0,0,0,0,0,0,0,0
https://aol-105755.weeblysite.com/,0,1,0,0,0,0,1,0,1,1,1,0,1,0,0,0,0,0,0,0
https://www.toomuchiron.ca,0,1,0,0,0,0,0,0,0,1,0,1,1,1,0,1,0,0,0,1
https://www.zoyride.com,0,1,0,0,0,0,0,0,1,1,1,0,1,1,0,0,1,1,1,1
https://www.samco.in,0,1,0,0,0,0,0,0,0,1,1,1,1,1,0,1,1,0,1,1
https://www.lunapark.co.il,0,1,0,1,0,0,1,0,0,1,1,0,1,1,0,1,0,0,0,1
https://www.kidshomebank.com,0,1,0,0,0,0,0,0,1,1,0,0,1,1,0,0,1,0,1,1
https://www.biolegend.com,0,1,0,0,0,0,0,0,1,1,1,0,1,1,0,1,1,1,1,1
https://coinbase-verify.zaffgrp.com/90b6d23/info.html,0,1,0,0,0,0,1,0,1,1,0,0,1,0,0,0,0,0,0,0
https://www.dailypost.vu,0,1,0,0,0,0,0,0,0,1,0,1,1,1,0,1,1,0,1,1
https://www.aiayu.com,0,1,0,0,0,0,0,0,1,1,1,1,1,1,0,1,0,0,1,1
http://www.bmy.hqoohoa.com,0,0,0,1,0,0,1,0,1,0,0,0,0,0,0,0,0,0,0,0
https://www.realestateforsaleinaz.com,0,1,0,0,0,0,0,0,1,1,1,0,1,1,0,1,1,0,1,1
https://www.revistamedioambientejccm.es,0,1,0,0,0,0,0,0,0,1,0,0,0,0,0,0,1,0,1,1
http://www.3demon.biz,0,0,0,0,0,0,0,0,0,1,0,0,1,0,0,0,0,0,0,0
https://gateway.pinata.cloud/ipfs/bafybeiegcqbwifd7egqah32ubyoajd3iqsmeqcyn6w36iyx25mwh633en4//index.html,0,1,0,0,0,0,1,0,0,0,0,0,0,0,0,0,0,0,0,0
https://business-confirm-appeal-52c82.web.app/,0,1,0,0,0,0,1,0,0,1,0,0,1,0,0,0,0,0,0,0
https://sbi-kppp.web.app/,0,1,0,0,0,0,1,0,0,1,0,0,1,0,0,0,0,0,0,0
https://yzruumziposjrwu11.z20.web.core.windows.net/,0,1,0,1,0,0,1,0,0,0,0,0,0,0,0,0,0,0,0,0
https://www.radiovisioncuenca.com,0,1,0,0,0,0,0,0,1,1,0,1,1,0,0,0,1,0,1,1
https://www.the-girl-who-ate-everything.com,0,1,0,0,0,0,1,0,1,1,1,1,1,1,0,1,1,0,1,1
http://www.atspace.com,0,0,0,0,0,0,0,0,1,1,0,0,0,0,0,0,0,0,0,0
https://lalitax0001.cocoreyes.repl.co/,0,1,0,1,0,0,1,0,0,1,0,0,0,0,0,0,0,0,0,0
https://www.ugsra.org,0,1,0,0,0,0,0,0,0,1,0,1,1,1,0,0,0,0,1,1
https://www.graperain.com,0,1,0,0,0,0,0,0,1,1,1,0,0,1,0,0,0,0,1,1
https://www.blavatskyarchives.com,0,1,0,0,0,0,0,0,1,1,0,0,0,1,0,1,1,0,0,1
http://www.lincos.net,0,0,0,0,0,0,0,0,0,1,0,0,0,1,0,0,0,0,0,0
https://www.quaternary.group.cam.ac.uk,0,1,0,1,0,0,1,0,0,1,0,0,0,0,0,1,1,0,0,1
https://www.earthcreations.net,0,1,0,0,0,0,0,0,0,1,1,1,1,1,0,1,0,0,1,1
https://www.theartofbuilding.net,0,1,0,0,0,0,0,0,0,1,1,1,1,0,0,1,1,1,0,1
https://att-mail-101048.square.site/,0,1,0,0,0,0,1,0,0,1,0,0,0,0,0,0,0,0,0,0
https://www.webdiary.com.au,0,1,0,1,0,0,1,0,0,1,1,1,0,1,0,0,0,0,1,1
https://ltaucardapps016.z8.web.core.windows.net/,0,1,0,1,0,0,1,0,0,0,0,0,0,0,0,0,0,0,0,0
http://www.dafridroc.mom,0,0,0,0,0,0,0,0,0,1,0,1,1,0,0,0,1,0,0,0
https://ambrosiasfashion.com/,0,1,0,0,0,0,0,0,1,1,0,0,1,0,0,0,0,0,0,0
http://www.bullgame.net,0,0,0,0,0,0,0,0,0,0,0,0,0,0,0,0,0,0,0,0
http://www.tsc.tqomz.com,0,0,0,1,0,0,1,0,1,0,0,0,0,0,0,0,0,0,0,0
https://www.daveras.com,0,1,0,0,0,0,0,0,1,1,1,1,1,1,0,1,1,0,1,1
http://bra.smelly.cc/cadastramento/?cliente=celso.joel@uol.com.br,0,0,0,0,1,1,1,0,0,0,0,0,0,0,0,0,0,0,0,0
https://loginscreen1.wixsite.com/my-site-1,0,1,0,0,0,0,1,0,1,1,0,1,1,1,0,0,0,0,0,0
https://www.fun.com,0,1,0,0,0,0,0,0,1,1,1,0,0,1,0,1,1,0,1,1
https://www.carltoepferstiftung.de,0,1,0,0,0,0,0,0,0,1,1,1,1,0,0,1,0,0,1,1
https://www.cccneb.edu,0,1,0,0,0,0,0,0,0,1,1,0,1,1,0,1,1,0,1,1
https://www.cincyjungle.com,0,1,0,0,0,0,0,0,1,1,1,0,1,1,0,1,1,0,1,1
https://storieforall.builderallwppro.com/mmdh/,0,1,0,0,0,0,1,0,1,0,0,0,0,0,0,0,0,0,0,0
http://mail.kocak.renm4maxys.com/,0,0,0,1,0,0,1,0,1,1,0,0,1,0,0,0,0,0,0,0
https://www.coloratelierpaint.com,0,1,0,0,0,0,0,0,1,1,1,0,1,1,0,1,0,1,1,1
https://de920034.firebaseapp.com/,0,1,0,0,0,0,1,0,1,1,0,0,1,0,0,0,0,0,0,0
https://www.bestonlinecasinowelcomebonus.com,0,1,0,0,0,0,0,0,1,1,0,1,1,1,0,1,0,0,1,1
https://www.richardrothrock.com,0,1,0,0,0,0,0,0,1,1,0,0,1,1,0,0,1,0,0,1
https://activites-commerciales-3.firebaseapp.com/,0,1,0,0,0,0,1,0,1,1,0,0,0,0,0,0,0,0,0,0
https://docs-point-0utlook.web.app/,0,1,0,0,0,0,1,0,0,1,0,0,0,0,0,0,0,0,0,0
https://yahoomail-107399.weeblysite.com/,0,1,0,0,0,0,1,0,1,1,1,0,1,0,0,0,0,0,0,0
https://www.azquotes.com,0,1,0,0,0,0,0,0,1,1,1,0,1,1,0,1,1,1,0,1
https://www.dokonalydomov.cz,0,1,0,0,0,0,0,0,0,1,1,1,0,0,0,1,1,0,0,1
https://www.rommerskirchen.de,0,1,0,0,0,0,0,0,0,1,0,1,1,0,0,1,1,0,1,1
https://www.fotolism.us,0,1,0,0,0,0,0,0,0,1,0,1,1,1,0,1,1,0,0,1
http://www.kuerennkaycaato-co-jp.kuerccnkayccata.gsvnyd.top/ai/?authenticated=true&amp;openid%2fgp%2fsignin%2fx%26i%3da%26oauth%3dm%26i%3fie%3dutf8%26ref_%3drhf_custrec_signin435336281b03a6d9cbf5a9ca88bbc4cbc3683d3e,0,0,1,1,1,1,1,0,0,1,0,0,1,0,0,0,1,0,1,0
https://www.juxt.pro,0,1,0,0,0,0,0,0,0,1,0,0,1,1,0,1,1,0,1,1
https://attmailchecker1.weeblysite.com/,0,1,0,0,0,0,1,0,1,1,0,0,0,0,0,0,0,0,0,0
http://www.how-to-learn-languages.net,0,0,0,0,0,0,1,0,0,1,0,0,1,0,0,0,0,0,0,0
https://www.harriscountytx.gov,0,1,0,0,0,0,0,0,0,1,0,0,1,0,0,1,0,0,0,1
https://concentricleadership.com/jp,0,1,0,0,0,0,1,0,1,1,0,1,1,0,0,0,0,0,0,0
https://trmouv.fr/js/a/porcel.php/porce_files/porce_files/porce_files/porce_files/porce_files/porce_files/porce_files/porce_files/porce_files/porce_files/porce_files/porce_files/porce_files/porce_files/porce_files/porce_files/porce_files/porce_files/porce_files/porce_files?__r=2.68fdd82ae0e21858cab5bd13474dd40f,0,1,0,0,1,1,1,0,0,1,0,0,0,0,0,0,0,0,0,0
https://www.stockteam.com,0,1,0,0,0,0,0,0,1,1,0,0,0,1,0,1,1,0,1,1
https://auth00-secu00.ato.mooo.com/personal.html,0,1,0,1,0,0,1,0,1,1,1,0,1,1,0,0,1,0,1,0
https://1h4.02c.myftpupload.com/.pki/nssdb/post/swiss/frtass/sm/sp.sef/sp/,0,1,0,1,0,0,1,0,1,0,0,0,0,0,0,0,0,0,0,0
https://www.amandalcpc.com,0,1,0,0,0,0,0,0,1,1,0,1,1,1,0,1,1,1,0,1
http://www.leet.sh,0,0,0,0,0,0,0,0,0,1,0,0,1,0,0,0,0,0,1,0
https://www.innogy.cz,0,1,0,0,0,0,0,0,0,1,1,1,1,1,0,1,1,0,1,1
https://www.sorbonne.fr,0,1,0,0,0,0,0,0,0,1,1,0,0,1,0,1,1,0,1,1
http://www.americaoexprecs.co.jp.1b58g4fz6m53yjmx.shop/,0,0,0,1,0,0,1,0,0,0,1,0,1,0,0,0,0,0,0,0
https://www.6thmarines.marines.mil,0,1,0,1,0,0,1,0,0,1,0,1,1,0,0,1,0,0,1,1
https://www.sslforfree.com,0,1,0,0,0,0,0,0,1,1,0,0,1,1,0,1,0,0,1,1
http://www.jiayans.welco.live,0,0,0,1,0,0,1,0,0,1,0,0,0,0,0,0,0,0,0,0
https://www.telia.dk,0,1,0,0,0,0,0,0,0,1,1,0,1,1,0,1,1,0,1,1
https://ipfs.io/ipfs/qmr5sivhe42woaf1mubdhggu9hofnfqkd7sgwuopxpmmw5/sx.html,0,1,0,0,0,0,1,0,0,1,0,0,0,0,0,0,0,0,0,0
https://www.lahsa.org,0,1,0,0,0,0,0,0,0,1,0,0,1,0,0,1,0,0,0,1
http://www.webcodez.com,0,0,0,0,0,0,0,0,1,0,0,0,0,0,0,0,0,0,0,0
https://www.descopera.ro,0,1,0,0,0,0,0,0,0,1,0,1,1,1,0,1,0,0,1,1
https://www.trentonmi.org,0,1,0,0,0,0,0,0,0,1,1,0,1,1,0,1,0,0,1,1
https://us-central1-still-livelo-372337.cloudfunctions.net/fklat/,0,1,0,0,0,0,1,0,0,0,0,0,0,0,0,0,0,0,0,0
http://www.soft.applesoftupdate.com,0,0,0,1,0,0,1,0,1,0,0,0,0,0,0,0,0,0,0,0
http://www.cdn.919shui.com,0,0,0,1,0,0,1,0,1,1,0,1,1,0,0,0,0,0,0,0
https://sendingfreemail.com/beon/client/index_pc.php,0,1,0,0,0,0,1,0,1,0,0,0,0,0,0,0,0,0,0,0
https://www.eraction.org,0,1,0,0,0,0,0,0,0,1,0,1,0,1,0,0,0,0,1,1
http://www.jusevengwassresbet.ws,0,0,0,0,0,0,0,0,0,1,0,0,1,0,0,0,0,0,0,0
https://ionosacc1n10035600.web.app/,0,1,0,0,0,0,1,0,0,1,0,0,1,0,0,0,0,0,0,0
https://bixfsfas.net/,0,1,0,0,0,0,1,0,0,1,0,0,1,0,0,0,0,0,1,0
https://www.regaltip.com,0,1,0,0,0,0,0,0,1,1,1,0,1,1,0,1,1,0,1,1
https://www.shaheedfoundation.org,0,1,0,0,0,0,0,0,0,1,1,0,1,1,0,1,0,0,1,1
https://www.dock.io,0,1,0,0,0,0,0,0,0,1,0,0,0,0,0,1,0,0,1,1
https://www.kimhughes.com,0,1,0,0,0,0,0,0,1,1,1,1,1,1,0,1,0,0,0,1
https://www.mcd.gob.gt,0,1,0,1,0,0,1,0,0,1,0,1,1,1,0,1,1,0,1,1
https://www.toastenstein.com,0,1,0,0,0,0,0,0,1,1,0,1,1,1,0,1,1,0,1,1
https://collabapp.walletdappfixed.net/,0,1,0,0,0,0,1,0,0,1,1,0,1,0,0,0,0,0,0,0
https://www.vickyandlucas.com,0,1,0,0,0,0,0,0,1,1,1,0,1,1,0,1,1,0,1,1
https://url.dscdut.com/000,0,1,0,0,0,0,1,0,1,0,0,0,0,0,0,0,0,0,0,0
https://www.examen.ru,0,1,0,0,0,0,0,0,0,1,0,0,1,1,0,0,1,0,1,1
https://www.ypcomic.com,0,1,0,0,0,0,0,0,1,1,1,0,1,1,0,1,1,0,0,1
https://www.uzone.id,0,1,0,0,0,0,0,0,0,1,0,1,1,0,0,1,0,0,1,1
https://www.dailyuw.com,0,1,0,0,0,0,0,0,1,1,0,1,1,1,0,1,1,0,1,1
https://lt27.de/jnrv8a,0,1,0,0,0,0,1,0,0,1,0,0,0,0,0,0,0,0,0,0
https://www.tunturisusi.com,0,1,0,0,0,0,0,0,1,1,1,1,1,1,0,0,0,0,1,1
https://www.spontaneouscelebrations.org,0,1,0,0,0,0,0,0,0,1,1,0,1,1,0,1,1,0,0,1
https://www.purplevrs.com,0,1,0,0,0,0,0,0,1,1,1,0,1,1,0,1,0,0,1,1
https://www.media4growth.com,0,1,0,0,0,0,0,0,1,1,0,0,1,0,0,1,1,0,1,1
https://jposdzu.com/,0,1,0,0,0,0,1,0,1,1,0,1,1,0,0,0,0,0,0,0
http://www.fs.searchforca.com,0,0,0,1,0,0,1,0,1,0,0,0,0,0,0,0,0,0,0,0
https://www.macblog.sk,0,1,0,0,0,0,0,0,0,1,0,1,1,1,0,1,1,1,1,1
https://www.arton56th.com,0,1,0,0,0,0,0,0,1,1,1,0,0,1,0,1,0,0,1,1
https://www.tongvapeople.org,0,1,0,0,0,0,0,0,0,1,0,0,1,1,0,0,1,0,0,1
https://www.quintadimension.com,0,1,0,0,0,0,0,0,1,1,1,0,1,1,0,1,1,0,1,1
https://is.gd/smartbperloginapp,0,1,0,0,0,0,1,0,0,1,1,0,1,1,0,0,0,0,0,0
https://namxingrid.com/45644613d/osma.php?aa=wahre&session=6e616d78696e677269642e636f6d,0,1,0,0,1,1,1,0,1,1,0,0,0,0,0,0,0,0,0,0
http://u2035411.plsk.regruhosting.ru/index.php,0,0,0,1,0,0,1,0,0,1,1,0,0,0,0,0,1,0,1,0
https://www.nslegislature.ca,0,1,0,0,0,0,0,0,0,1,1,0,1,1,0,1,1,0,1,1
http://www.youraccount-security-check.com,0,0,0,0,0,0,1,0,1,0,0,0,0,0,0,0,0,0,0,0
https://www.breakingdads.com,0,1,0,0,0,0,0,0,1,1,0,1,1,0,0,1,1,0,1,1
https://www.neildiamond.com,0,1,0,0,0,0,0,0,1,1,1,1,1,1,0,1,1,1,1,1
https://www.audreyrusso.com,0,1,0,0,0,0,0,0,1,1,0,0,1,0,0,1,1,0,0,1
http://www.cm51492.tmweb.ru,0,0,0,1,0,0,1,0,0,1,0,0,0,0,0,0,0,0,0,0
https://www.cottageviews.com,0,1,0,0,0,0,0,0,1,1,0,0,1,1,0,1,1,0,0,1
http://www.is-slick.com,0,0,0,0,0,0,1,0,1,0,0,0,0,0,0,0,0,0,0,0
http://www.nanopool.org,0,0,0,0,0,0,0,0,0,1,0,0,0,0,0,0,0,0,0,0
http://www.saisonoard.co.jp.50gb397.xyz/,0,0,0,1,0,0,1,0,0,0,1,0,1,0,0,0,0,0,0,0
https://captainz-memeland.xyz/,0,1,0,0,0,0,1,0,0,1,0,0,1,0,0,0,0,0,0,0
http://www.candasyapi.com,0,0,0,0,0,0,0,0,1,0,0,0,0,0,0,0,0,0,0,0
https://www.beef2live.com,0,1,0,0,0,0,0,0,1,1,0,0,1,1,0,0,0,0,1,1
https://therapeutic-marble-wormhole.glitch.me/taylor-wessing.html,0,1,0,0,0,0,1,0,0,1,0,1,0,0,0,0,1,1,0,0
https://www.landkartenarchiv.de,0,1,0,0,0,0,0,0,0,1,1,1,0,1,0,1,1,0,1,1
https://www.nationalelectronicsmuseum.org,0,1,0,0,0,0,0,0,0,1,0,1,1,0,0,1,1,0,1,1
https://www.grandstream.com,0,1,0,0,0,0,0,0,1,1,1,0,1,1,0,1,0,0,1,1
https://liljiuxerh.top/,0,1,0,0,0,0,0,0,0,0,1,0,1,0,0,0,0,0,0,0
http://www.ta897a626ae4a5d1508211070a8b61cdd1.ws,0,0,0,0,0,0,0,0,0,1,0,0,1,0,0,0,0,0,0,0
http://www.unitedclaentrucks.com,0,0,0,0,0,0,0,0,1,1,0,0,1,0,0,0,0,0,0,0
https://www.allegrodvt.com,0,1,0,0,0,0,0,0,1,1,0,1,1,1,1,1,1,1,1,1
https://www.rcgov.org,0,1,0,0,0,0,0,0,0,1,1,1,1,1,0,1,1,1,1,1
https://www.robinetteandcompany.com,0,1,0,0,0,0,0,0,1,1,0,0,1,1,0,1,0,0,1,1
https://www.numberphile.com,0,1,0,0,0,0,0,0,1,1,1,0,1,1,0,1,0,0,0,1
https://highfalutin-pitch-volleyball.glitch.me/,0,1,0,0,0,0,1,0,0,1,0,0,1,0,0,0,0,0,0,0
https://www.pyrat.net,0,1,0,0,0,0,0,0,0,1,1,1,1,1,0,1,1,0,1,1
https://aol-107372.weeblysite.com/,0,1,0,0,0,0,1,0,1,1,1,0,1,0,0,0,0,0,0,0
http://www.juliadeantravelworkshops.com,0,0,0,0,0,0,0,0,1,1,0,0,1,0,0,0,0,0,0,0
http://www.zexdex.app/,0,0,0,0,0,0,1,0,0,0,0,0,0,0,0,0,0,0,0,0
https://business-page-appeal-2334.web.app/,0,1,0,0,0,0,1,0,0,1,0,0,1,0,0,0,0,0,0,0
http://www.haciendasacchich.com,0,0,0,0,0,0,0,0,1,0,0,0,0,0,0,0,0,0,0,0
http://down.shopeesv.com/,0,0,0,0,0,0,1,0,1,1,0,0,1,0,0,0,0,0,0,0
https://meta-business-appeal-129869182.firebaseapp.com/,0,1,0,0,0,0,1,0,1,1,0,0,1,0,0,0,0,0,0,0
http://www.pachiba.com,0,0,0,0,0,0,0,0,1,0,0,0,0,0,0,0,0,0,0,0
http://www.elitgaz.su,0,0,0,0,0,0,0,0,0,1,0,0,0,0,0,0,0,0,0,0
https://www.volacci.com,0,1,0,0,0,0,0,0,1,1,1,1,1,1,0,1,0,0,1,1
http://www.admin.syncroapi.com,0,0,0,1,0,0,1,0,1,1,0,0,0,0,0,0,0,0,0,0
https://www.co.charles-city.va.us,0,1,0,1,0,0,1,0,0,1,1,0,1,1,0,0,0,0,1,1
https://angindatanglahh.martulangsore.workers.dev/,0,1,0,1,0,0,1,0,0,1,0,0,0,0,0,0,0,0,0,0
https://steamcommurnity.com/profiles/76561198833870524,0,1,0,0,0,0,1,0,1,0,0,0,0,0,0,0,0,0,0,0
https://www.haardhout.nl,0,1,0,0,0,0,0,0,0,1,1,1,1,1,0,1,1,0,1,1
https://pocztaplska25.souplaifor.cf/?tranzakt38496&selectedbank=2,0,1,0,0,1,1,1,0,0,1,0,0,1,0,0,0,0,0,0,0
https://recursing-colden.134-195-14-117.plesk.page/logged/,0,1,0,1,0,0,1,0,0,1,1,0,1,0,0,0,0,1,1,0
https://www.digitaltechnologyguide.com,0,1,0,0,0,0,0,0,1,1,1,1,1,1,0,1,1,1,1,1
https://www.harrodsport.com,0,1,0,0,0,0,0,0,1,1,0,0,1,1,0,1,1,0,1,1
https://www.anolytics.ai,0,1,0,0,0,0,0,0,0,1,0,1,1,1,0,1,1,0,1,1
https://www.armonkplayers.org,0,1,0,0,0,0,0,0,0,1,1,1,1,1,0,0,0,0,1,1
https://www.show.co,0,1,0,0,0,0,0,0,0,1,0,1,1,1,0,1,0,0,0,1
http://www.amazceon-co-jp.amazccen.rcbuxn.top/,0,0,0,1,0,0,1,0,0,1,0,0,0,0,0,0,0,0,0,0
https://ltpakenid.firebaseapp.com/,0,1,0,0,0,0,1,0,1,1,0,0,1,0,0,0,0,0,0,0
http://www.creatioconsultants.com,0,0,0,0,0,0,0,0,1,1,0,0,1,0,0,0,0,0,1,0
https://www.rarlab.com,0,1,0,0,0,0,0,0,1,1,0,0,1,1,0,0,0,0,1,1
https://www.perfecthideaways.co.za,0,1,0,1,0,0,1,0,0,1,1,1,1,1,1,1,1,0,1,1
https://atry-2166b.firebaseapp.com/,0,1,0,0,0,0,1,0,1,1,0,0,1,0,0,0,0,0,0,0
http://5fgffgfg4g4gh4hf.blogspot.com/?m=1,0,0,0,0,1,1,1,0,1,1,0,0,0,0,0,0,0,0,0,0
https://www.superesportes.com.br,0,1,0,1,0,0,1,0,0,1,0,1,1,1,0,1,1,0,1,1
https://www.conunpardeguindillas.com,0,1,0,0,0,0,0,0,1,1,1,0,0,0,0,1,1,1,1,1
https://www.fundacioncyd.org,0,1,0,0,0,0,0,0,0,1,1,1,1,1,0,1,0,0,1,1
https://www.naturescapes.net,0,1,0,0,0,0,0,0,0,1,0,0,1,1,0,1,1,0,1,1
https://c6964930-9e57-4f9b-9436-86c8ed275155.id.repl.co/,0,1,0,1,0,0,1,0,0,1,0,0,0,0,0,0,0,0,0,0
http://www.alanqaa-contracting.com,0,0,0,0,0,0,1,0,1,0,0,0,0,0,0,0,0,0,0,0
https://www.jacobygindler.ch,0,1,0,0,0,0,0,0,0,1,1,1,1,1,0,0,0,0,0,1
https://www.jupiterartland.org,0,1,0,0,0,0,0,0,0,1,0,1,1,0,0,1,1,0,1,1
https://www.univ-rouen.fr,0,1,0,0,0,0,1,0,0,1,1,1,1,1,0,1,1,0,0,1
http://www.fgn.pplink.club,0,0,0,1,0,0,1,0,0,1,0,0,0,0,0,0,0,0,0,0
http://www.jscheide.com,0,0,0,0,0,0,0,0,1,0,0,0,0,0,0,0,0,0,0,0
https://www.moneyklt.gzmoce.com/sonn/index.php#/login,0,1,0,1,0,0,1,0,1,0,0,0,0,0,0,0,0,0,0,0
https://att-109867-102828.weeblysite.com/,0,1,0,0,0,0,1,0,1,1,1,0,1,0,0,0,0,0,0,0
https://www.iconeye.com,0,1,0,0,0,0,0,0,1,1,0,1,1,1,0,1,1,0,1,1
http://365k99.cc/,0,0,0,0,0,0,1,0,0,0,0,0,0,0,0,0,0,0,0,0
http://www.accounts-qooqle.com,0,0,0,0,0,0,1,0,1,1,0,0,0,0,0,0,0,0,0,0
http://www.lescandy.com,0,0,0,0,0,0,0,0,1,1,0,0,1,0,0,0,0,0,1,0
http://www.kosodate-tiger.com,0,0,0,0,0,0,1,0,1,1,0,0,0,0,0,0,0,0,0,0
https://noticecsnref1401051.firebaseapp.com/,0,1,0,0,0,0,1,0,1,1,0,0,1,0,0,0,0,0,0,0
https://www.santuariosanmichele.it,0,1,0,0,0,0,0,0,0,1,1,0,1,0,0,1,1,0,1,1
http://www.smtps.blocktrail.com,0,0,0,1,0,0,1,0,1,1,0,0,0,0,0,0,0,0,0,0
https://www.innu.ca,0,1,0,0,0,0,0,0,0,1,0,1,0,1,0,0,0,0,1,1
http://www.chemscalere.com,0,0,0,0,0,0,0,0,1,0,0,0,0,0,0,0,0,0,0,0
https://aajj3u.s3.us-east-005.backblazeb2.com/aaj.html?email=example@domain.com,0,1,0,1,1,1,1,0,1,0,0,0,0,0,0,0,0,0,0,0
http://www.christopr.gq,0,0,0,0,0,0,0,0,0,1,0,0,0,0,0,0,0,0,0,0
https://www.vanimhoff.info,0,1,0,0,0,0,0,0,0,1,0,0,0,1,0,0,0,0,1,1
https://www.bayrailalliance.org,0,1,0,0,0,0,0,0,0,1,0,0,1,0,0,0,1,0,0,1
https://www.youhadmeatwoof.boutique,0,1,0,0,0,0,0,0,0,1,1,1,1,1,0,1,1,1,1,1
http://www.mygov3-au.top,0,0,0,0,0,0,1,0,0,1,0,0,0,0,0,0,0,0,0,0
https://reverent-joliot-rabani.netlify.app/,0,1,0,0,0,0,1,0,0,0,0,0,0,0,0,0,0,0,0,0
http://www.ajoreazadi.ir,0,0,0,0,0,0,0,0,0,1,0,0,1,0,0,0,0,0,0,0
http://www.crepesandpokes.com/my/myg0v/,0,0,0,0,0,0,1,0,1,1,1,0,1,1,0,0,1,1,1,0
https://kaput-battle-notify.glitch.me/nnaffcccuuuu.htm,0,1,0,0,0,0,1,0,0,1,0,0,1,0,0,0,0,0,0,0
http://www.electionleaks.com,0,0,0,0,0,0,0,0,1,1,0,0,1,0,0,0,1,0,0,0
https://www.ulb.be,0,1,0,0,0,0,0,0,0,1,1,1,1,1,0,0,1,1,1,1
https://www.msrit.edu,0,1,0,0,0,0,0,0,0,1,1,0,1,0,0,1,0,0,1,1
https://www.mobilpage.com,0,1,0,0,0,0,0,0,1,1,0,0,1,1,0,1,0,0,0,1
http://www.ak.kl.com.ua,0,0,0,1,0,0,1,0,0,1,1,0,0,0,0,0,0,0,0,0
https://www.payninja.co,0,1,0,0,0,0,0,0,0,1,0,1,1,0,0,1,1,0,1,1
http://www.is-a-green.com,0,0,0,0,0,0,1,0,1,0,0,0,0,0,0,0,0,0,0,0
https://www.folklib.net,0,1,0,0,0,0,0,0,0,1,1,1,1,1,0,1,0,0,1,1
http://www.reload-cover-page.live,0,0,0,0,0,0,1,0,0,0,0,0,0,0,0,0,0,0,0,0
https://hndstf8uy.firebaseapp.com/,0,1,0,0,0,0,1,0,1,1,0,0,1,0,0,0,0,0,0,0
https://www.greenbusinessca.org,0,1,0,0,0,0,0,0,0,1,1,1,1,1,0,1,1,0,1,1
https://www.swissinternationalschool.de,0,1,0,0,0,0,0,0,0,1,1,0,1,0,0,1,1,0,1,1
https://www.bmstores.co.uk,0,1,0,1,0,0,1,0,0,1,0,0,0,1,0,1,1,0,1,1
http://www.onemoreres-bbb.com,0,0,0,0,0,0,1,0,1,0,0,0,0,0,0,0,0,0,0,0
http://www.abhauen.de,0,0,0,0,0,0,0,0,0,1,0,0,0,0,0,0,0,0,0,0
https://stemcelltherapyseattle.com/wp-admin/aat/excelz/?email=s,0,1,0,0,1,1,1,0,1,1,0,0,0,0,0,0,0,0,0,0
http://www.f0566266.xsph.ru,0,0,0,1,0,0,1,0,0,1,0,0,0,0,0,0,0,0,0,0
https://www.mcdonoughga.org,0,1,0,0,0,0,0,0,0,1,1,0,1,1,0,1,0,0,1,1
https://www.boojummex.com,0,1,0,0,0,0,0,0,1,1,0,1,0,1,0,1,0,0,1,1
https://packagedeferra.wpengine.com/pack781/dhl/info.php,0,1,0,0,0,0,1,0,1,0,0,0,0,0,0,0,0,0,0,0
http://jpostdl.com,0,0,0,0,0,0,0,0,1,1,0,0,0,0,0,0,0,0,0,0
https://www.nagengast.com,0,1,0,0,0,0,0,0,1,1,1,0,1,1,0,1,1,0,0,1
http://www.shepmas.com,0,0,0,0,0,0,0,0,1,0,0,0,0,0,0,0,0,0,0,0
https://www.ab-inbev.com,0,1,0,0,0,0,1,0,1,1,1,0,1,1,0,1,1,0,1,1
http://www.m08r.wnmzq.com,0,0,0,1,0,0,1,0,1,0,0,0,0,0,0,0,0,0,0,0
https://www.kazuki.eu,0,1,0,0,0,0,0,0,0,1,0,1,1,1,0,1,1,1,1,1
https://www.viotalk.com,0,1,0,0,0,0,0,0,1,1,1,1,1,1,0,1,1,0,1,1
http://saison-mubam.com/webpc/login.html,0,0,0,0,0,0,1,0,1,0,0,0,0,0,0,0,0,0,0,0
http://www.plaquedecem.top,0,0,0,0,0,0,0,0,0,0,0,0,0,0,0,0,0,0,0,0
https://www.seven50.com,0,1,0,0,0,0,0,0,1,1,0,0,1,1,0,1,1,1,1,1
http://www.beenos.biz,0,0,0,0,0,0,0,0,0,0,0,0,0,0,0,0,0,0,0,0
https://www.gabbybarrett.com,0,1,0,0,0,0,0,0,1,1,1,1,1,1,1,1,1,0,1,1
https://www.dakotanature.com,0,1,0,0,0,0,0,0,1,1,0,1,1,1,0,1,1,1,1,1
http://www.josiemaran-supernatural.com,0,0,0,0,0,0,1,0,1,1,0,0,1,0,0,0,0,0,0,0
https://www.bhi.nsw.gov.au,0,1,0,1,0,0,1,0,0,1,1,0,1,1,0,1,0,0,1,1
https://www.diamondfacts.org,0,1,0,0,0,0,0,0,0,1,0,1,1,0,0,0,0,0,1,1
https://www.ijejutoday.com,0,1,0,0,0,0,0,0,1,1,1,0,1,1,0,1,1,0,1,1
https://www.nosler.com,0,1,0,0,0,0,0,0,1,1,1,1,1,1,1,1,1,0,1,1
https://fladestateins.com/a031bd2f-918d-4255-95fd-f628adc135d4,0,1,0,0,0,0,1,0,1,1,0,0,0,0,0,0,0,0,0,0
http://mcas-proxyweb.mcas.ms/certificate-checker?login=false&amp;originalurl=https%3a%2f%2fbit.ly.mcas.ms%2f3tbqbin%3fmcastsid%3d20893&amp;mcascsrf=0f95c59a30af1e3a152874bd1ed8389e360301a106dd1613f05a98f6033f0361,0,1,0,0,1,1,1,0,0,0,0,0,0,0,0,0,0,0,0,0
https://s.free.fr/c4utghc6,0,1,0,0,0,0,1,0,0,0,0,0,0,0,0,0,0,0,0,0
https://hseosieoorbnop.com/amazon-rd292-user-card-detail-em-thank,0,1,0,0,0,0,1,0,1,1,0,0,0,0,0,0,0,0,0,0
https://www.fitbump.com,0,1,0,0,0,0,0,0,1,1,1,1,1,1,0,1,1,1,1,1
http://www.imap.blocktrail.com,0,0,0,1,0,0,1,0,1,1,0,0,0,0,0,0,0,0,0,0
https://www.kunstnyt.dk,0,1,0,0,0,0,0,0,0,1,1,0,0,0,0,1,0,0,1,1
https://www.hormozgan.ac.ir,0,1,0,1,0,0,1,0,0,1,0,0,1,1,0,0,0,0,1,1
https://att-105012.weeblysite.com/,0,1,0,0,0,0,1,0,1,1,1,0,1,0,0,0,0,0,0,0
https://www.lnr.fr,0,1,0,0,0,0,0,0,0,1,1,0,1,1,0,1,1,0,1,1
http://www.nordic-aesthetics.com,0,0,0,0,0,0,1,0,1,0,0,0,0,0,0,0,0,0,0,0
https://www.woodenboxuk.com,0,1,0,0,0,0,0,0,1,1,1,1,1,1,0,1,1,0,0,1
https://www.oakridgenc.com,0,1,0,0,0,0,0,0,1,1,1,0,1,1,1,1,1,0,0,1
https://ipfs.best-practice.se/ipfs/bafybeihjrpvhyroqihzcj2p3zctscgmh4l4nnf33ukrh6c44ikd7jkf7ei/link.html,0,1,0,0,0,0,1,0,0,0,0,0,0,0,0,0,0,0,0,0
https://www.leinsterfans.com,0,1,0,0,0,0,0,0,1,1,0,1,0,1,0,1,1,0,1,1
https://dinabit.es/mygov/personal.html,0,1,0,0,0,0,1,0,0,1,0,0,1,0,0,0,0,0,0,0
https://www.pleaseorganise.me,0,1,0,0,0,0,0,0,0,1,1,0,1,1,0,1,1,0,0,1
http://www.custom-gaming.net,0,0,0,0,0,0,1,0,0,1,0,0,0,0,0,0,0,0,0,0
https://4h-0f-jw9rhenfq0vcb0284hf-ehgf-0qegf0-q8fd3.obs.ap-southeast-3.myhuaweicloud.com/3hg39og-j249gh-8eivhbc-e8qfg-qe9fh0q-e9hf.html?awsaccesskeyid=jkqevij4tr4xjylggogg&expires=1679830149&signature=v7r3hxjqkopenibl7odk4wm50ya%3d,0,1,0,1,1,1,1,0,1,0,0,0,0,0,0,0,0,0,0,0
https://www.parentcenterhub.org,0,1,0,0,0,0,0,0,0,1,0,1,1,0,0,1,1,0,1,1
https://www.equalizersoccer.com,0,1,0,0,0,0,0,0,1,1,0,1,1,0,0,1,1,0,1,1
http://email-update.company.com/,0,0,0,0,0,0,1,0,1,1,0,1,1,0,0,0,0,0,0,0
https://www.bruinwalk.com,0,1,0,0,0,0,0,0,1,1,0,0,1,1,0,1,0,0,1,1
https://www.giuseppetumino.com,0,1,0,0,0,0,0,0,1,1,0,1,1,1,0,1,0,0,0,1
https://www.griggs.edu,0,1,0,0,0,0,0,0,0,1,0,0,1,1,0,1,0,0,1,1
http://www.bestdeals.at,0,0,0,0,0,0,0,0,0,1,0,0,0,0,0,0,0,0,0,0
http://www.coomiponal.com,0,0,0,0,0,0,0,0,1,1,0,0,0,0,0,0,0,0,0,0
http://accessoffice.one/secureheremyservices.top/verify/otp2.html,0,0,0,0,0,0,1,0,0,1,1,0,1,1,0,0,1,0,1,0
https://www.primature.gov.rw,0,1,0,1,0,0,1,0,0,1,0,0,1,0,0,1,1,0,1,1
https://www.stekmagazine.nl,0,1,0,0,0,0,0,0,0,1,0,1,1,1,1,1,1,0,1,1
https://securespks-erv-webservice11.de/auth/branch,0,1,0,0,0,0,1,0,0,0,0,0,0,0,0,0,0,0,0,0
https://www.lindabergerova.com,0,1,0,0,0,0,0,0,1,1,1,0,0,0,0,1,0,0,1,1
http://www.platform-appses.appspot.com,0,0,0,1,0,0,1,0,1,1,0,0,0,0,0,0,0,0,0,0
https://honda-law-office.jp/wp-includes/70038/earthcorejp/,0,1,0,0,0,0,1,0,0,1,0,1,0,0,0,0,1,0,0,0
https://www.pensandpatron.com,0,1,0,0,0,0,0,0,1,1,1,1,1,1,0,1,0,0,1,1
https://www.careersinafrica.com,0,1,0,0,0,0,0,0,1,1,1,1,1,0,0,1,0,0,1,1
https://statement-9d08c.web.app/,0,1,0,0,0,0,1,0,0,1,0,0,1,0,0,0,0,0,0,0
https://www.netfllx-account.com/,0,1,0,0,0,0,1,0,1,1,0,0,0,0,0,0,0,0,0,0
https://www.maxadventuresny.com,0,1,0,0,0,0,0,0,1,1,1,0,1,1,0,1,0,0,1,1
https://www.thss.tsinghua.edu.cn,0,1,0,1,0,0,1,0,0,1,0,0,0,0,0,0,1,0,1,1
http://www.wendyj.cf,0,0,0,0,0,0,0,0,0,1,0,0,0,0,0,0,0,0,0,0
https://www.colormycookie.com,0,1,0,0,0,0,0,0,1,1,0,0,1,1,0,1,1,1,1,1
http://www.kovacekq.cf,0,0,0,0,0,0,0,0,0,1,0,0,0,0,0,0,0,0,0,0
https://www.free-press-release-center.info,0,1,0,0,0,0,1,0,0,1,1,1,1,1,1,1,1,1,1,1
https://cartomanziatrigono3.it/wp-includes/new/auth/ygofj8/test.test@test.de,0,1,0,0,0,0,1,0,0,0,0,0,0,0,0,0,0,0,0,0
https://aolcom6.godaddysites.com/,0,1,0,0,0,0,1,0,1,1,0,0,1,0,0,0,0,0,0,0
http://www.9uhtoz4u.cfd,0,0,0,0,0,0,0,0,0,0,0,0,0,0,0,0,0,0,0,0
http://www.ceoadminoffice.com,0,0,0,0,0,0,0,0,1,0,0,0,0,0,0,0,0,0,0,0
https://bbbcus.com/link/mygov/otp2.html,0,1,0,0,0,0,1,0,1,1,0,0,1,0,0,0,0,0,0,0
https://wellsfargo.xghklkhggl.workers.dev/,0,1,0,1,0,0,1,0,0,1,0,1,1,0,0,0,1,0,0,0
https://www.ogoing.com,0,1,0,0,0,0,0,0,1,1,1,0,0,1,0,1,0,1,1,1
https://www.suku.world,0,1,0,0,0,0,0,0,0,1,1,0,0,1,0,1,1,0,1,1
https://www.oharacorp.com,0,1,0,0,0,0,0,0,1,1,0,0,0,1,0,0,0,0,1,1
https://which0x0061.web.app/,0,1,0,0,0,0,1,0,0,1,0,0,1,0,0,0,0,0,0,0
https://bafybeidvnscpg4et53tdvs4iel5cxua2j4ffcjoyupkyymkgjl2rpywxq4.ipfs.dweb.link/,0,1,0,1,0,0,1,0,0,0,0,0,0,0,0,0,0,0,0,0
https://www.feast-magazine.co.uk,0,1,0,1,0,0,1,0,0,1,0,1,1,0,0,0,1,0,1,1
http://43.153.192.86/servicelogin?passive=1209600&amp;continue=https://accounts.google.com/?&amp;xrealip=107.178.237.8&amp;followup=https://accounts.google.com/?,1,1,0,1,1,1,1,0,0,0,0,0,0,0,0,0,0,0,0,0
http://www.navercorp2.top,0,0,0,0,0,0,0,0,0,0,0,1,0,0,0,0,0,0,0,0
http://www.simple.welco.live,0,0,0,1,0,0,1,0,0,1,0,0,0,0,0,0,0,0,0,0
http://www.web.thehealthmood.net,0,0,0,1,0,0,1,0,0,0,0,0,0,0,0,0,0,0,0,0
http://www.ew.xguvi.com,0,0,0,1,0,0,1,0,1,0,0,0,0,0,0,0,0,0,0,0
https://www.brussels.info,0,1,0,0,0,0,0,0,0,1,1,0,1,0,0,0,0,0,1,1
https://www.catchatwithcarenandcody.com,0,1,0,0,0,0,0,0,1,1,1,0,0,0,0,1,1,0,0,1
http://cz76475.tw1.ru/httpdocs/login/ologin.php,0,0,0,0,0,0,1,0,0,1,0,0,0,0,0,0,0,0,0,0
https://miyah-ef9f.serv-0etwork.workers.dev/,0,1,0,1,0,0,1,0,0,0,0,0,0,0,0,0,0,0,0,0
https://rgyormrjqjdjjmq096.z28.web.core.windows.net/,0,1,0,1,0,0,1,0,0,0,0,0,0,0,0,0,0,0,0,0
https://www.crystalwind.ca,0,1,0,0,0,0,0,0,0,1,0,0,0,1,0,1,1,0,1,1
http://www.useurogren.com,0,0,0,0,0,0,0,0,1,0,0,0,0,0,0,0,0,0,0,0
https://www.c25kfree.com,0,1,0,0,0,0,0,0,1,1,1,0,1,0,0,1,0,0,1,1
https://www.stampingwithloll.com,0,1,0,0,0,0,0,0,1,1,1,0,0,0,0,1,1,0,1,1
https://www.francescamartinengo.com,0,1,0,0,0,0,0,0,1,1,0,1,1,0,1,1,1,0,1,1
https://www.naturalchild.org,0,1,0,0,0,0,0,0,0,1,0,0,1,1,0,1,0,0,1,1
https://www.goldenassay.com,0,1,0,0,0,0,0,0,1,1,0,0,0,0,0,1,1,0,0,1
https://attnet-108427.weeblysite.com/,0,1,0,0,0,0,1,0,1,1,0,0,0,0,0,0,0,0,0,0
https://www.carzonrent.com,0,1,0,0,0,0,0,0,1,1,1,0,1,1,1,1,1,1,1,1
https://www.amueblaydecoraetxearte.com,0,1,0,0,0,0,0,0,1,1,1,0,1,1,0,1,1,1,1,1
https://www.tobyyoung.co.uk,0,1,0,1,0,0,1,0,0,1,0,1,1,1,0,0,1,0,0,1
http://www.fireequipment.website.org,0,0,0,1,0,0,1,0,0,1,0,0,0,0,0,0,0,0,0,0
https://www.quickwayimports.com,0,1,0,0,0,0,0,0,1,1,0,0,1,0,0,1,1,1,1,1
http://www.xuezi.welco.live,0,0,0,1,0,0,1,0,0,1,0,0,0,0,0,0,0,0,0,0
https://validar-cuenta-bhd.jimdosite.com/,0,1,0,0,0,0,1,0,1,1,0,1,1,0,0,0,0,0,0,0
https://fintechmojo.com/ibg/client/ispc.php,0,1,0,0,0,0,1,0,1,1,0,0,1,0,0,0,0,0,0,0
http://www.trichromatic-transi.000webhostapp.com,0,0,0,1,0,0,1,0,1,1,1,0,0,0,0,0,0,0,0,0
http://www.mwor.gq,0,0,0,0,0,0,0,0,0,0,0,0,0,0,0,0,0,0,0,0
http://app-batasotak1244acces.kvoiffugw9-yk26ed5vg379.p.temp-site.link/termsofservice.html,0,0,0,1,0,0,1,0,0,1,0,0,0,0,0,0,0,0,0,0
http://www.tmanvpn.np-ip.biz,0,0,0,1,0,0,1,0,0,0,0,0,0,0,0,0,0,0,0,0
http://breezy-awake-pigment.glitch.me/navyfederalcumobileapp.html?entity=4892463,0,0,0,0,1,1,1,0,0,1,0,0,1,0,0,0,0,0,0,0
https://www.laziocrea.it,0,1,0,0,0,0,0,0,0,1,1,1,1,0,1,1,1,0,1,1
https://www.americanrootsuk.com,0,1,0,0,0,0,0,0,1,1,0,0,1,1,0,1,0,0,0,1
http://www.dab53527.top,0,0,0,0,0,0,0,0,0,0,0,0,0,0,0,0,0,0,0,0
https://carouselling-point-pay.web.app/mined/index.html,0,1,0,0,0,0,1,0,0,1,0,0,1,0,0,0,0,0,0,0
http://www.nyyhu.urlfb.co,0,0,0,1,0,0,1,0,0,1,0,0,0,0,0,0,0,0,0,0
https://www.giallozafferano.it,0,1,0,0,0,0,0,0,0,1,1,1,1,1,0,1,1,1,1,1
http://www.projectqishu.com,0,0,0,0,0,0,0,0,1,0,0,0,0,0,0,0,0,0,0,0
https://www.iswne.org,0,1,0,0,0,0,0,0,0,1,0,1,1,1,0,1,1,0,1,1
http://sksolutionss.in/carta.php,0,0,0,0,0,0,1,0,0,0,0,0,0,0,0,0,0,0,0,0
http://uvbawc.webwave.dev/virginhttps:/wdiex-saaaa-aaaad-qezwa-cai.raw.ic0.app,0,1,0,0,0,0,1,0,0,1,0,0,0,0,0,0,0,0,0,0
http://www.paperblank.best,0,0,0,0,0,0,0,0,0,0,0,0,0,0,0,0,0,0,0,0
https://www.lirc.org,0,1,0,0,0,0,0,0,0,1,1,0,0,1,0,0,0,0,1,1
http://0583z.mjt.lu/lnk/awyaabwg_4oaaaaaaaaaan8avdmaaycso-qaaaaaab4jyabkoyzoggpnxu1ftzuywttywfjnlqaeyvg/1/cewts49y_bmzj6thxdzavg/ahr0chm6ly94zw1hawwuy2hyaxnzy28ubgl2zs9ob21l,0,0,0,0,0,0,1,0,0,0,0,0,0,0,0,0,0,0,0,0
https://aol-108688.weeblysite.com/,0,1,0,0,0,0,1,0,1,1,1,0,1,0,0,0,0,0,0,0
https://gateway.pinata.cloud/ipfs/bafybeiamjih5g3pgqur5gtbzil7kjep3vtszsunt75kz7l24q36h53rwai//resultsbox18_onedrive44649.html,0,1,0,0,0,0,1,0,0,0,0,0,0,0,0,0,0,0,0,0
https://www.cybersecurityintelligence.com,0,1,0,0,0,0,0,0,1,1,1,0,1,1,1,1,1,0,1,1
https://www.aswangproject.com,0,1,0,0,0,0,0,0,1,1,0,1,1,1,0,1,1,0,1,1
http://2614472.pr493133.web.hosting-test.net/fgtryy/,0,0,0,1,0,0,1,0,0,1,1,0,1,0,1,0,1,0,1,0
https://www.newbusinessage.com,0,1,0,0,0,0,0,0,1,1,1,0,1,1,0,1,0,0,0,1
https://www.the-crazy-cat.com,0,1,0,0,0,0,1,0,1,1,1,0,1,1,1,0,1,0,0,1
https://bafybeib2gf24er55gzcqdyxuysgvho2vzvohv3kx6dk6ynsw5dh2wxgywa.ipfs.dweb.link/pl2auth.html?cust.serv@equifax.com,0,1,0,1,0,1,1,0,0,1,0,0,1,0,0,0,1,1,0,0
https://business-page-appeal-364981291.web.app/,0,1,0,0,0,0,1,0,0,1,0,0,1,0,0,0,0,0,0,0
https://www.cision.ca,0,1,0,0,0,0,0,0,0,1,1,1,1,1,0,1,1,0,1,1
https://www.entertainmentavenue.com,0,1,0,0,0,0,0,0,1,1,0,1,1,1,0,1,0,0,0,1
https://www.billingschamber.com,0,1,0,0,0,0,0,0,1,1,0,1,1,0,0,1,1,0,1,1
http://www.huslav.ga,0,0,0,0,0,0,0,0,0,1,0,0,0,0,0,0,0,0,0,0
https://limitedsurefootedloop.foeqqaudetal.repl.co/,0,1,0,1,0,0,1,0,0,1,0,0,0,0,0,0,0,0,0,0
https://www.mirrors.pdp-11.ru,0,1,0,1,0,0,1,0,0,1,0,0,0,1,0,0,1,0,0,1
https://auth01login.web.app/,0,1,0,0,0,0,1,0,0,1,0,0,1,0,0,0,0,0,0,0
https://www.hcfcd.org,0,1,0,0,0,0,0,0,0,1,0,0,1,0,0,1,0,1,1,1
http://shein.gifts,0,0,0,0,0,0,0,0,0,0,0,0,0,0,0,0,0,0,0,0
http://www.fsoc.cf,0,0,0,0,0,0,0,0,0,1,0,0,0,0,0,0,0,0,0,0
https://www.fcmetz.com,0,1,0,0,0,0,0,0,1,1,1,0,1,1,0,0,0,0,1,1
https://faheema-afcu.web.app/,0,1,0,0,0,0,1,0,0,1,0,0,1,0,0,0,0,0,0,0
https://aws-anomnok.top/,0,1,0,0,0,0,1,0,0,1,0,0,1,0,0,0,0,0,0,0
http://www.hawrang.com,0,0,0,0,0,0,0,0,1,1,0,0,1,0,0,0,0,0,0,0
https://www.massterpenes.com,0,1,0,0,0,0,0,0,1,1,0,0,1,1,0,1,1,1,1,1
https://www.ofiaich.ie,0,1,0,0,0,0,0,0,0,1,0,1,1,1,0,1,1,0,1,1
https://www.stromstad.se,0,1,0,0,0,0,0,0,0,1,0,0,1,0,0,1,1,0,0,1
https://www.knottykingdom.com,0,1,0,0,0,0,0,0,1,1,1,1,1,0,0,1,1,0,1,1
https://facebook-appeal-request-e2427.web.app/,0,1,0,0,0,0,1,0,0,1,0,0,1,0,0,1,0,0,0,0
https://my-business-103343-104573.square.site/,0,1,0,0,0,0,1,0,0,1,0,0,0,0,0,0,0,0,0,0
https://www.hbtcm.edu.cn,0,1,0,1,0,0,1,0,0,1,0,0,1,0,0,0,1,0,0,1
http://www.iviewing.co.uk/wellfargoo/login.php,0,0,0,1,0,0,1,0,0,0,0,0,0,0,0,0,0,0,0,0
https://promoss-ibk.com/,0,1,0,0,0,0,1,0,1,1,0,0,1,0,0,0,0,0,0,0
https://www.ejobmitra.com,0,1,0,0,0,0,0,0,1,1,0,1,1,1,0,1,1,0,1,1
https://www.idra.org,0,1,0,0,0,0,0,0,0,1,0,1,1,0,1,1,1,0,1,1
https://www.museum-tb.at,0,1,0,0,0,0,1,0,0,1,1,0,1,1,0,0,1,0,1,1
https://www.montpelier-vt.org,0,1,0,0,0,0,1,0,0,1,1,0,1,1,0,1,0,0,1,1
https://www.cubaism.com,0,1,0,0,0,0,0,0,1,1,0,0,1,0,0,1,1,0,1,1
https://www.stadtinfo-usedom.de,0,1,0,0,0,0,1,0,0,1,0,0,0,0,0,0,1,0,0,1
https://fm-a064f.firebaseapp.com/,0,1,0,0,0,0,1,0,1,1,0,0,1,0,0,0,1,1,0,0
http://www.buldrinox.com,0,0,0,0,0,0,0,0,1,1,0,0,0,0,0,0,0,0,0,0
https://sv210472.wixsite.com/my-site-1,0,1,0,0,0,0,1,0,1,1,0,1,1,1,0,0,0,0,0,0
https://docs.google.com/presentation/d/e/2pacx-1vsobekf9oba8tvnocaevrsxjgbiitj0sd4cwbdemqc3r-zo59vbytvo0db8rotsny4vs7wdsqeittof/pub?start=false&loop=false&delayms=3000,0,1,0,0,1,1,1,0,1,1,1,0,1,0,0,0,0,0,1,0
https://dutsh-helppackage.ecranul.ro/public/fgdfzmcovtxb69g3tckoqbcfxf7gtn1p,0,1,0,0,0,0,1,0,0,1,0,0,0,0,0,0,0,0,0,0
https://www.inlander.com,0,1,0,0,0,0,0,0,1,1,1,0,1,1,0,1,1,0,1,1
http://www.uzas871iu.cfd,0,0,0,0,0,0,0,0,0,0,0,0,0,0,0,0,0,0,0,0
http://att-amailaredirect.square.site/,0,0,0,0,0,0,1,0,0,1,0,0,0,0,0,0,0,0,0,0
https://www.arcelikglobal.com,0,1,0,0,0,0,0,0,1,1,1,0,1,1,0,1,0,0,0,1
https://www.gastromag.ro,0,1,0,0,0,0,0,0,0,1,0,1,0,1,0,1,1,0,1,1
https://chrono-posts-team-4.adalo.com/chrono-post?_gl=1%2a1e145s4%2a_ga%2amtqymdqwodawoc4xnjcxnjcwmdm3%2a_ga_swt45dv35l%2amty3mty3mda0mc4xljeumty3mty3mda3mc4zmc4wlja.&amp;target=998942e43ce445e7a8ed43cc51862f42&amp;params=%7b%7d,0,1,0,0,1,1,1,0,1,0,0,0,0,0,0,0,0,0,0,0
https://docs.google.com/presentation/d/e/2pacx-1vrvz6zbbjb6zqkfkogzowloxecz15qpkulx20bydobldemgq1d8wf5vlfcpznod1gcuogwunku50fvk/pub?start=false&loop=false&delayms=3000,0,1,0,0,1,1,1,0,1,1,1,0,1,0,0,0,0,0,1,0
http://www.arizonacode.bplaced.net,0,0,0,1,0,0,1,0,0,1,1,1,1,0,0,0,0,0,0,0
https://connection-orangebank-certicode.derlma.com/4738529/,0,1,0,0,0,0,1,0,1,0,0,0,0,0,0,0,0,0,0,0
https://www.rogaining.org,0,1,0,0,0,0,0,0,0,1,0,0,0,0,0,0,1,1,0,1
https://www.mascarphone.com,0,1,0,0,0,0,0,0,1,1,1,0,1,1,0,0,0,0,0,1
https://www.prokuratura.tj,0,1,0,0,0,0,0,0,0,1,0,0,1,0,0,1,1,0,1,1
https://www.etrainingpedia.com,0,1,0,0,0,0,0,0,1,1,0,1,1,1,1,1,1,0,1,1
http://www.edenwholistichealth.com,0,0,0,0,0,0,0,0,1,0,0,0,0,0,0,0,0,0,0,0
https://www.toweroffantasy-global.com,0,1,0,0,0,0,1,0,1,1,1,0,1,1,0,1,0,0,1,1
https://www.preventaccreta.org,0,1,0,0,0,0,0,0,0,1,1,0,1,1,0,1,1,0,0,1
http://www.munishjindal.com,0,0,0,0,0,0,0,0,1,0,0,0,0,0,0,0,0,0,0,0
https://www.dsinatraent.com,0,1,0,0,0,0,0,0,1,1,1,0,0,1,0,1,0,0,1,1
http://www.dtgruelle-drive.com,0,0,0,0,0,0,1,0,1,1,0,0,0,0,0,0,0,0,0,0
https://www.chez-gram.com,0,1,0,0,0,0,1,0,1,1,1,0,1,0,0,0,0,0,1,1
http://att-yahoo-mail-nfdnrejijdhjrei7929.weeblysite.com/,0,0,0,0,0,0,1,0,1,1,0,0,0,0,0,0,0,0,0,0
https://www.sewingwithbobbinandfred.co.uk,0,1,0,1,0,0,1,0,0,1,1,0,0,0,0,1,1,0,1,1
https://www.theatermakersstudio.com,0,1,0,0,0,0,0,0,1,1,0,0,1,1,0,1,0,0,1,1
http://www.ndnmag.fr/en/63a11e38ea9b6c6d610aa7c0d7314123/execution.html,0,0,0,0,0,0,1,0,0,1,1,0,1,1,0,0,0,0,0,0
https://www.travelwith2ofus.com,0,1,0,0,0,0,0,0,1,1,0,0,1,1,0,1,0,0,1,1
https://www.baacamp.org,0,1,0,0,0,0,0,0,0,1,0,1,1,0,0,0,0,0,0,1
https://www.izmirmetro.com.tr,0,1,0,1,0,0,1,0,0,1,0,0,1,0,0,1,0,0,0,1
https://www.monigle.com,0,1,0,0,0,0,0,0,1,1,1,1,1,1,0,1,1,0,1,1
http://www.idealprospecting.com,0,0,0,0,0,0,0,0,1,0,0,0,0,0,0,0,0,0,0,0
https://www.garten-akzent.de/themes/default-bootstrap/modules/blocklanguages/lg/portal/clients/login.php?verification#_login&amp;appidkey=ac4ae5114a64d03&amp;country=ro,0,1,0,0,1,1,1,0,0,1,1,1,0,0,0,0,1,0,0,0
http://www.cnnnews-app.xyz,0,0,0,0,0,0,1,0,0,0,0,0,0,0,0,0,0,0,0,0
https://www.gentoo.org,0,1,0,0,0,0,0,0,0,1,1,0,1,1,0,1,0,0,1,1
https://www.no2id.net,0,1,0,0,0,0,0,0,0,1,0,0,1,1,0,1,1,0,1,1
https://www.sqex-ee.jp,0,1,0,0,0,0,1,0,0,1,0,0,1,0,0,1,0,0,1,1
https://www.elephantsanctuary.co.za,0,1,0,1,0,0,1,0,0,1,0,1,1,1,0,0,0,0,1,1
http://rotf.lol/3nyspk6u,0,0,0,0,0,0,1,0,0,0,0,0,0,0,0,0,0,0,0,0
https://www.ketteringtownfc.com,0,1,0,0,0,0,0,0,1,1,1,0,1,0,0,1,0,0,1,1
http://www.vivianesiwile.cfd,0,0,0,0,0,0,0,0,0,0,0,0,0,0,0,0,0,0,0,0
http://www.986msc.com,0,0,0,0,0,0,0,0,1,0,0,0,0,0,0,0,0,0,0,0
http://www.dshfauhi8izykdnkzx.com,0,0,0,0,0,0,0,0,1,0,0,0,0,0,0,0,0,0,0,0
https://www.michaelsjewels.com,0,1,0,0,0,0,0,0,1,1,1,0,1,1,0,1,0,0,1,1
https://ipfs.io/ipfs/qmccpdw9hjewxy2rert3sc5xphgavjdjm9cpxs7mjlttzg/,0,1,0,0,0,0,1,0,0,1,0,0,0,0,0,0,0,0,0,0
https://acmecomp.com.au/wp-content/cgi/bofa/bofa/bofa/validation/login.php?cmd=login_submit&id=2406491743b99519f1da0b96c2071ce32406491743b99519f1da0b96c2071ce3&session=2406491743b99519f1da0b96c2071ce32406491743b99519f1da0b96c2071ce3,0,1,0,0,1,1,1,0,0,1,0,0,1,0,0,0,0,1,0,0
https://www.shardanandshastri.com,0,1,0,0,0,0,0,0,1,1,0,0,1,1,0,1,1,0,1,1
https://www.wiaawi.org,0,1,0,0,0,0,0,0,0,1,0,1,0,0,0,1,0,0,0,1
https://www.hotshotdigital.com,0,1,0,0,0,0,0,0,1,1,0,0,0,1,0,0,0,0,0,1
http://cctop.cl,0,0,0,0,0,0,0,0,0,1,0,0,1,0,0,0,1,1,0,0
http://isk.nexsecure.info/sign_in.html?statusid=44de77c9b0ff06abdcc1cbb6e30429be,0,0,0,0,1,1,1,0,0,1,0,0,1,1,0,1,1,1,1,0
https://www.stephenrbown.net,0,1,0,0,0,0,0,0,0,1,0,0,1,1,0,1,0,0,1,1
https://www.seeker.info,0,1,0,0,0,0,0,0,0,1,1,1,1,1,0,0,0,1,1,1
http://www.littleforbig.com,0,0,0,0,0,0,0,0,1,1,0,0,0,0,0,0,0,0,0,0
http://www.jorpe.co.za,0,0,0,1,0,0,1,0,0,1,0,0,0,0,0,0,0,0,0,0
http://www.sussage.com,0,0,0,0,0,0,0,0,1,0,0,0,1,0,0,0,0,0,0,0
https://uniswap-app.com.kz/,0,1,0,0,0,0,1,0,0,0,0,0,0,0,0,0,0,0,0,0
http://att-loggin4817.weeblysite.com/,0,0,0,0,0,0,1,0,1,1,0,0,0,0,0,0,0,0,0,0
https://www.heehaw.com,0,1,0,0,0,0,0,0,1,1,1,1,1,1,0,1,1,0,1,1
https://jii.li/vxogn,0,1,0,0,0,0,1,0,0,1,0,0,1,1,0,0,0,0,0,0
https://www.greats.com,0,1,0,0,0,0,0,0,1,1,1,0,1,1,0,1,1,1,1,1
https://dremebremedre.web.app/,0,1,0,0,0,0,1,0,0,1,0,0,1,0,0,0,0,0,0,0
https://www.thetoc.gr,0,1,0,0,0,0,0,0,0,1,1,1,1,1,0,1,0,0,1,1
https://www.udiscover-music.de,0,1,0,0,0,0,1,0,0,1,1,1,1,0,0,1,1,0,1,1
https://www.oregon-demographics.com,0,1,0,0,0,0,1,0,1,1,0,0,1,1,0,0,0,0,1,1
https://baronepresents.com.br/collections/all/products/jogo-de-panelas-antiaderente-9-pecas-teflon-rose?fbclid=iwar3shlo6evrwb503oyeo7s31llgi7ohwapqquvqdoxepxfbhtsr8eleqbew,0,1,0,0,1,1,1,0,0,1,0,0,0,0,0,0,0,0,0,0
https://www.sponsormyevent.com,0,1,0,0,0,0,0,0,1,1,1,0,1,1,0,1,0,0,1,1
https://www.blacknbianco.com,0,1,0,0,0,0,0,0,1,1,0,0,1,1,0,1,1,0,1,1
https://www.trinityvillage.co.uk,0,1,0,1,0,0,1,0,0,1,1,1,1,1,0,0,0,0,1,1
http://www.rocketpool-net.website,0,0,0,0,0,0,1,0,0,1,0,0,0,0,0,0,0,0,0,0
http://chaincoin.epizy.com,0,0,0,0,0,0,1,0,1,0,0,0,0,0,0,0,0,0,0,0
http://serviceman.ch/mtb-auth/,0,0,0,0,0,0,1,0,0,1,0,0,0,0,0,0,0,0,0,0
https://www.cgwmuseum.org,0,1,0,0,0,0,0,0,0,1,0,0,0,1,0,0,1,0,0,1
https://dimension-section-ca-70da8.web.app/,0,1,0,0,0,0,1,0,0,1,0,0,1,0,0,0,0,0,0,0
https://www.riot-os.org,0,1,0,0,0,0,1,0,0,1,0,0,0,0,0,1,0,0,1,1
http://www.frauke-mekelburg.de,0,0,0,0,0,0,1,0,0,1,0,0,0,0,0,0,0,0,0,0
http://www.haoicp.webwave.dev,0,0,0,1,0,0,1,0,0,1,0,0,0,0,0,0,0,0,0,0
https://www.farmingmagazine.com,0,1,0,0,0,0,0,0,1,1,0,1,1,1,0,0,1,0,1,1
http://www.saisoncard.co.jp.hicayt.top/ai/sign.php,0,0,0,1,0,0,1,0,0,0,0,0,0,0,0,0,0,0,0,0
https://hua2ib2fpf.web.app/,0,1,0,0,0,0,1,0,0,1,0,0,1,0,0,0,0,0,0,0
https://www.farbebewegt.at,0,1,0,0,0,0,0,0,0,1,0,1,1,0,0,1,0,0,0,1
https://www.mrcombi.com,0,1,0,0,0,0,0,0,1,1,0,1,0,0,0,1,1,0,1,1
http://www.omwowxise.cf,0,0,0,0,0,0,0,0,0,1,0,0,0,0,0,0,0,0,0,0
http://www.vc-business.com,0,0,0,0,0,0,1,0,1,1,0,0,0,0,0,0,0,0,0,0
http://43.153.192.86/v3/signin/identifier?dsh=s-2146564613%3a1679418137004022&amp%3bfollowup=https%3a%2f%2faccounts.google.com%2f%3f&amp%3bifkv=aqmjq7st0neessetgk2c-vl-r191jrxvobonhusnfe51gcnnabd_ojr9zilyybifcm4ibbu-5khfrq&amp%3bpassive=1209600&amp%3bxrealip=107.178.236.1&continue=https%3a%2f%2faccounts.google.com%2f%3f&xrealip=34.198.46.118&flowname=weblitesignin&flowentry=servicelogin&ifkv=awnoghcmc_h0q1b3utkdwxhla7s6j8k51_bg7ymoozh4fu0tfb-d2wvsceam7fq2v_n4mf-auxsc,1,1,0,1,1,1,1,0,0,1,0,0,1,1,0,0,1,0,1,0
https://www.ispwp.com,0,1,0,0,0,0,0,0,1,1,0,1,1,1,0,1,1,0,1,1
https://verifynew.verifynewnew.repl.co,0,1,0,1,0,0,1,0,0,1,0,0,0,0,0,0,0,0,0,0
https://www.rubystella.com,0,1,0,0,0,0,0,0,1,1,1,1,1,1,0,1,1,0,1,1
http://www.deccanmarket.com,0,0,0,0,0,0,0,0,1,0,0,0,0,0,0,0,0,0,0,0
https://www.buildupnepal.com,0,1,0,0,0,0,0,0,1,1,0,1,1,1,0,1,0,0,1,1
https://www.thegoodscentscompany.com,0,1,0,0,0,0,0,0,1,1,1,0,1,1,0,0,0,0,1,1
https://www.canadiantirecentre.com,0,1,0,0,0,0,0,0,1,1,1,1,1,1,0,1,0,0,1,1
https://uphoeldiologineo.mystrikingly.com/,0,1,0,0,0,0,1,0,1,1,0,0,0,0,0,0,0,0,0,0
https://www.niyachristine.com,0,1,0,0,0,0,0,0,1,1,1,0,1,1,0,1,1,0,1,1
http://gsms-india.ac.in/roundcube2023/index.php,0,0,0,0,0,0,1,0,0,1,1,0,1,0,0,0,1,1,1,0
https://www.nevschulman.com,0,1,0,0,0,0,0,0,1,1,1,0,1,1,0,1,1,0,0,1
https://us-west4-nomadic-grid-378120.cloudfunctions.net/dklreoc,0,1,0,0,0,0,1,0,0,0,0,0,0,0,0,0,0,0,0,0
https://www.facealacrise.be,0,1,0,0,0,0,0,0,0,1,1,1,1,1,0,1,0,0,1,1
http://www.posmecca.com,0,0,0,0,0,0,0,0,1,1,0,0,1,0,0,0,0,0,1,0
https://www.cameraquest.com,0,1,0,0,0,0,0,0,1,1,0,0,0,1,0,1,0,0,0,1
http://www.goldstespresso.com,0,0,0,0,0,0,0,0,1,1,0,0,1,0,0,0,0,0,0,0
https://ghjkd.jhakid.repl.co/des/index.php,0,1,0,1,0,0,1,0,0,0,0,0,0,0,0,0,1,1,0,0
https://www.heatherllfitzgerald.com,0,1,0,0,0,0,0,0,1,1,0,1,1,1,0,1,1,0,1,1
https://www.goteborgdaily.se,0,1,0,0,0,0,0,0,0,1,0,1,1,0,1,0,1,0,1,1
https://aol-109902.weeblysite.com/,0,1,0,0,0,0,1,0,1,1,1,0,1,0,0,0,0,0,0,0
http://auafhuu.top/web/?uuid=a391c6c1-273c-8280-5e4c-2e17b538fbe3,0,0,0,0,1,1,1,0,0,1,0,0,0,0,0,0,0,0,0,0
https://893bbd2d-0788-4326-8dc3-7ec2aa887ded.id.repl.co,0,1,0,1,0,0,1,0,0,1,0,0,0,0,0,0,0,0,0,0
https://www.craftpassion.com,0,1,0,0,0,0,0,0,1,1,1,1,1,1,0,1,1,1,1,1
http://www.drivertech.net,0,0,0,0,0,0,0,0,0,0,0,0,0,0,0,0,0,0,0,0
http://www.211225.top,0,0,0,0,0,0,0,0,0,0,0,0,0,0,0,0,0,0,0,0
https://www.sumocyco.com,0,1,0,0,0,0,0,0,1,1,0,0,1,1,0,1,1,1,1,1
https://www.sap-press.com,0,1,0,0,0,0,1,0,1,1,1,0,1,1,0,1,1,0,0,1
https://www.coowigsby.com,0,1,0,0,0,0,0,0,1,1,0,1,0,1,0,1,0,0,1,1
https://www.cobbenergycentre.com,0,1,0,0,0,0,0,0,1,1,1,0,1,1,0,1,1,0,1,1
https://www.visitjohnogroats.com,0,1,0,0,0,0,0,0,1,1,1,1,1,1,0,0,0,0,1,1
https://www.monikachiang.com,0,1,0,0,0,0,0,0,1,1,0,0,1,1,0,1,0,1,0,1
https://www.impressions-express.net,0,1,0,0,0,0,1,0,0,1,0,0,1,1,0,1,1,0,1,1
http://www.searcheager.com,0,0,0,0,0,0,0,0,1,0,0,0,0,0,0,0,0,0,0,0
https://www.farasis.com,0,1,0,0,0,0,0,0,1,1,1,0,0,1,0,0,0,0,1,1
http://myitau.eshost.com.ar/,0,0,0,1,0,0,1,0,0,0,0,0,0,0,0,0,0,0,0,0
https://www.siriusxm.com,0,1,0,0,0,0,0,0,1,1,0,0,1,1,0,1,0,0,1,1
https://www.tytyga.com,0,1,0,0,0,0,0,0,1,1,0,1,1,1,0,1,1,1,1,1
https://www.uncrazed.com,0,1,0,0,0,0,0,0,1,1,0,1,1,1,0,1,1,0,1,1
https://www.tdcommons.org,0,1,0,0,0,0,0,0,0,1,1,0,1,0,0,0,1,0,1,1
https://sioeioasnj.firebaseapp.com/acceuil.html,0,1,0,0,0,0,1,0,1,1,0,0,1,0,0,0,0,0,0,0
https://www.notesfornurses.com,0,1,0,0,0,0,0,0,1,1,1,1,1,1,0,1,1,0,0,1
https://www.chasingtreasure.com,0,1,0,0,0,0,0,0,1,1,0,1,1,1,0,1,1,1,1,1
https://smdc-cred.byeds.uk/,0,1,0,0,0,0,1,0,0,1,0,1,1,0,0,0,0,0,0,0
http://clockurl.com/qid,0,0,0,0,0,0,1,0,1,1,0,0,0,0,0,0,0,0,1,0
https://www.tbairport.on.ca,0,1,0,1,0,0,1,0,0,1,1,0,1,1,0,1,0,0,0,1
http://www.appsync-api.eu-west-1.avsvmcloud.com,0,0,0,1,0,0,1,0,1,0,0,0,0,0,0,0,0,0,0,0
https://divine-lake-7688.on.fleek.co/,0,1,0,1,0,0,1,0,0,0,0,0,1,0,0,0,1,0,0,0
https://aol-105690.weeblysite.com/,0,1,0,0,0,0,1,0,1,1,1,0,1,0,0,0,0,0,0,0
http://www.tpipelinedev.com,0,0,0,0,0,0,0,0,1,0,0,0,0,0,0,0,0,0,0,0
http://track.umbrellalocalpartnerships.com/agri3d/agri3/,0,0,0,0,0,0,1,0,1,0,0,0,0,0,0,0,0,0,0,0
http://www.fenraw.northgeremy.info,0,0,0,1,0,0,1,0,0,0,0,0,0,0,0,0,0,0,0,0
http://btdmysitesupport.weeblysite.com/,0,0,0,0,0,0,1,0,1,1,0,0,0,0,0,0,0,0,0,0
https://www.primitive.net,0,1,0,0,0,0,0,0,0,1,1,0,1,1,0,1,0,0,1,1
https://sbb-ch.firebaseapp.com/,0,1,0,0,0,0,1,0,1,0,0,0,0,0,0,0,0,0,0,0
https://www.pepperpot.cz,0,1,0,0,0,0,0,0,0,1,1,0,0,0,0,1,1,0,1,1
http://www.rava.in,0,0,0,0,0,0,0,0,0,0,0,0,0,0,0,0,0,0,0,0
https://www.midilibre.fr,0,1,0,0,0,0,0,0,0,1,1,1,1,1,1,1,1,0,1,1
https://www.fresse.org,0,1,0,0,0,0,0,0,0,1,1,0,1,0,0,0,0,0,1,1
http://www.tee592b4ac05e6dc015a7c47702aa8f76d.ws,0,0,0,0,0,0,0,0,0,1,0,0,1,0,0,0,0,0,0,0
https://docs.google.com/presentation/d/e/2pacx-1vryztkpxalu1-p_3pvfdag9xf4pd-hv8zelnzglajhqlh4wxjyb-prr5y31zdffd6fmdkcdxa6fcl40/pub?start=false&loop=false&delayms=3000,0,1,0,0,1,1,1,0,1,1,1,0,1,0,0,0,0,0,1,0
http://www.online-dropbox.com,0,0,0,0,0,0,1,0,1,0,0,0,0,0,0,0,0,0,0,0
https://leszek.arekhasnik.pl/add/email@example.com,0,1,0,0,0,0,1,0,0,1,0,1,1,0,0,0,0,0,0,0
https://www.seattlebox.com,0,1,0,0,0,0,0,0,1,1,1,1,1,1,0,1,1,0,1,1
http://www.rentaflight.be,0,0,0,0,0,0,0,0,0,1,0,0,0,0,0,0,0,0,0,0
https://ipfs.litnet.work/ipfs/bafybeiciybgr4yyk73flu2j6nknw4nnlpvapm5ocuz4hloq2l724w42xfa,0,1,0,0,0,0,1,0,0,1,0,1,1,0,0,0,0,0,0,0
http://www.sundogsupply.com,0,0,0,0,0,0,0,0,1,1,0,0,1,0,0,0,0,0,0,0
http://www.rgh.de,0,0,0,0,0,0,0,0,0,0,0,0,0,0,0,0,0,0,0,0
https://yahoo-103138-105991.weeblysite.com/,0,1,0,0,0,0,1,0,1,1,0,0,0,0,0,0,0,0,0,0
https://www.geeks3d.com,0,1,0,0,0,0,0,0,1,1,1,1,1,1,0,0,1,0,0,1
https://www.isid.co.jp,0,1,0,1,0,0,1,0,0,1,1,0,1,1,0,0,1,0,1,1
https://www.casinosanremo.it,0,1,0,0,0,0,0,0,0,1,0,1,0,1,0,0,0,0,0,1
https://www.ashleyandco.com.sg,0,1,0,1,0,0,1,0,0,1,0,0,1,1,0,1,1,1,1,1
http://www.d1ez.org,0,0,0,0,0,0,0,0,0,1,0,0,1,0,0,0,0,0,0,0
http://www.devguardmap.org,0,0,0,0,0,0,0,0,0,0,0,0,0,0,0,0,0,0,0,0
https://www.collaborationspharma.com,0,1,0,0,0,0,0,0,1,1,1,0,1,1,0,1,0,0,0,1
https://aol-104102.weeblysite.com/,0,1,0,0,0,0,1,0,1,1,1,0,1,0,0,0,0,0,0,0
http://www.christianl.cf,0,0,0,0,0,0,0,0,0,1,0,0,0,0,0,0,0,0,0,0
https://www.helpwantedprevention.org,0,1,0,0,0,0,0,0,0,1,1,1,0,0,0,0,1,0,0,1
https://bit.ly/linkbper,0,1,0,0,0,0,1,0,0,1,0,1,1,0,0,0,0,0,0,0
https://www.jmag-international.com,0,1,0,0,0,0,1,0,1,1,0,1,1,1,0,1,1,0,1,1
https://www.russianspaceweb.com,0,1,0,0,0,0,0,0,1,1,0,0,0,1,0,1,0,0,1,1
https://lihi2.cc/tnqa0,0,1,0,0,0,0,1,0,0,1,0,0,0,0,0,0,0,0,0,0
http://www.v2cde1b0d66c767a23cfb34c14552836d3.ws,0,0,0,0,0,0,0,0,0,1,0,0,1,0,0,0,0,0,0,0
https://www.eneclann.ie,0,1,0,0,0,0,0,0,0,1,0,1,1,1,0,0,1,0,1,1
http://www.prime.blocktrail.com,0,0,0,1,0,0,1,0,1,1,0,0,0,0,0,0,0,0,0,0
https://www.republicanleader.senate.gov,0,1,0,1,0,0,1,0,0,1,0,0,1,1,0,1,1,0,0,1
https://att-100201.weeblysite.com/,0,1,0,0,0,0,1,0,1,1,0,0,0,0,0,0,0,0,0,0
https://www.labur.eus,0,1,0,0,0,0,0,0,0,1,1,0,1,0,0,0,1,1,1,1
https://562b58a9-dbb4-4ff8-89d2-38554c5f3464.id.repl.co/,0,1,0,1,0,0,1,0,0,1,0,0,0,0,0,0,0,0,0,0
https://www.canadianhorseracinghalloffame.com,0,1,0,0,0,0,0,0,1,1,0,1,1,0,0,1,1,0,1,1
http://www.skovia.com,0,0,0,0,0,0,0,0,1,0,0,0,0,0,0,0,0,0,0,0
https://www.stzuminus.com,0,1,0,0,0,0,0,0,1,1,1,1,1,0,0,1,1,0,1,1
https://www.ndnmag.fr/en/e0ac924a39ed03578bab1c5508fcadd6/execution.html?validation=e1s1,0,1,0,0,1,1,1,0,0,1,1,0,1,1,0,0,0,0,0,0
https://www.replicaunion.cn,0,1,0,0,0,0,0,0,0,1,0,0,1,1,0,0,1,1,1,1
https://ipfs.best-practice.se/ipfs/bafybeihs6khr3weelc5vq6s7piyj3eg7uiplfvyiv34a7qu65tgtdzck3i,0,1,0,0,0,0,1,0,0,0,0,0,0,0,0,0,0,0,0,0
https://www.mesabitribune.com,0,1,0,0,0,0,0,0,1,1,0,1,1,1,0,1,1,0,1,1
https://www.spicemadam.com,0,1,0,0,0,0,0,0,1,1,0,0,1,1,0,0,1,0,1,1
https://www.eurohandball.com,0,1,0,0,0,0,0,0,1,1,1,0,1,1,0,1,1,0,0,1
https://www.cycracetomackinac.com,0,1,0,0,0,0,0,0,1,1,0,0,1,1,0,1,0,0,1,1
https://mlsrsx.csb.app/hj.html,0,1,0,0,0,0,1,0,0,1,0,0,1,0,0,0,0,0,0,0
https://www.icanw.org,0,1,0,0,0,0,0,0,0,1,1,0,1,1,0,1,1,0,0,1
http://www.rakoten-caod.sckdvpu.cn/,0,0,0,1,0,0,1,0,0,1,0,0,0,0,0,0,0,0,0,0
https://pub-b0f93838b62a457b89a17fcecf7e2aad.r2.dev/nwes.html,0,1,0,0,0,0,1,0,0,0,0,0,0,0,0,0,0,0,0,0
http://www.kueronekayacotn-co-jp.kueronekayacotn.fxqull.top/ai/?authenticated=true&amp;openid%2fgp%2fsignin%2fx%26i%3da%26oauth%3dm%26i%3fie%3dutf8%26ref_%3drhf_custrec_signincc308a60b0fd85a2288dc2aaedd12230a7a6e99a,0,0,1,1,1,1,1,0,0,1,0,0,1,0,0,0,1,0,1,0
https://facebook-help-70078463152707.web.app/,0,1,0,0,0,0,1,0,0,1,0,0,1,0,0,0,0,0,0,0
https://www.ceskyflorbal.cz,0,1,0,0,0,0,0,0,0,1,1,1,1,1,0,1,1,1,1,1
https://ubank-new-pot.firebaseapp.com/,0,1,0,0,0,0,1,0,1,1,0,0,1,0,0,0,0,0,0,0
https://fleek.ipfs.io/ipfs/bafybeiexp3jwijtltsylpery3ldf7tvnxe6g5aatsry2io352qj43v6sra/south.html#noc@protocol.ai,0,1,0,0,0,0,1,0,0,1,0,0,0,0,0,0,0,0,0,0
http://accedi-utente-com.67-223-117-171.cprapid.com/,0,0,0,1,0,0,1,0,1,0,0,0,0,0,0,0,0,0,0,0
https://web-433f8.web.app/,0,1,0,0,0,0,1,0,0,1,0,0,1,0,0,0,0,0,0,0
https://www.ervastone.com,0,1,0,0,0,0,0,0,1,1,1,0,1,1,0,1,1,0,1,1
https://www.winebusiness.com,0,1,0,0,0,0,0,0,1,1,1,1,1,1,0,0,1,1,0,1
http://www.darking01.tk,0,0,0,0,0,0,0,0,0,0,0,0,0,0,0,0,0,0,0,0
http://grfxuxb-ziz-3.cf/membersecure/log/,0,0,0,0,0,0,1,0,0,1,0,0,0,0,0,0,1,1,0,0
https://www.warrencountynj.gov,0,1,0,0,0,0,0,0,0,1,1,0,1,1,0,1,0,0,1,1
https://ipfs.io/ipfs/qmxwd5eo38qhpbi8wup9jhmfmorflkjyhn6g1vvquwz8w9?filename=index.html#redacted@abuse.ionos.com,0,1,0,0,1,1,1,0,0,1,0,0,1,1,0,0,1,1,0,0
https://www.rogueamoeba.com,0,1,0,0,0,0,0,0,1,1,1,0,1,1,0,0,0,0,1,1
http://www.love.cannca.shop,0,0,0,1,0,0,1,0,0,1,0,0,0,0,0,0,0,0,0,0
https://www.ghnet.it,0,1,0,0,0,0,0,0,0,1,0,1,1,0,0,0,1,0,1,1
http://www.wtdown.2cto.com,0,0,0,1,0,0,1,0,1,1,0,0,0,0,0,0,0,0,0,0
https://www.swedentips.se,0,1,0,0,0,0,0,0,0,1,1,1,0,0,1,1,1,1,1,1
https://www.ruijiabeauty.com,0,1,0,0,0,0,0,0,1,1,1,1,1,1,1,1,1,1,1,1
http://www.huifande.com,0,0,0,0,0,0,0,0,1,1,0,0,0,0,0,0,0,0,0,0
https://www.education.purdue.edu,0,1,0,1,0,0,1,0,0,1,1,1,1,0,0,1,1,0,1,1
http://www.ulka-gallery.yoyo.pl,0,0,0,1,0,0,1,0,0,1,0,0,0,0,0,0,0,0,0,0
http://www.isk-yokohama.com,0,0,0,0,0,0,1,0,1,1,0,0,0,0,0,0,0,0,0,0
http://www.nlvk.nowurl.fun,0,0,0,1,0,0,1,0,0,1,0,0,0,0,0,0,0,0,0,0
https://empty-bread-229f.jgfjera.workers.dev/,0,1,0,1,0,0,1,0,0,0,0,0,0,0,0,0,0,0,0,0
https://www.leportella.com,0,1,0,0,0,0,0,0,1,1,1,1,1,1,0,1,0,0,1,1
https://www.cookcountynews-herald.com,0,1,0,0,0,0,1,0,1,1,1,1,1,0,0,0,1,0,1,1
https://www.disfrutamalta.com,0,1,0,0,0,0,0,0,1,1,1,1,1,1,0,1,0,0,1,1
http://www.eblaghie-online-ir.cf,0,0,0,0,0,0,1,0,0,1,0,0,0,0,0,0,0,0,0,0
https://www.tovste.info,0,1,0,0,0,0,0,0,0,1,1,0,0,0,0,0,0,0,1,1
https://www.roofroofnc.com,0,1,0,0,0,0,0,0,1,1,1,0,1,1,0,1,0,0,1,1
https://facebook-help-2002741589663202.firebaseapp.com/,0,1,0,0,0,0,1,0,1,1,0,0,1,0,0,0,0,0,0,0
http://www.adobesys.com,0,0,0,0,0,0,0,0,1,1,0,0,0,0,0,0,0,0,0,0
https://www.oneroomstreaming.com,0,1,0,0,0,0,0,0,1,1,1,0,1,1,1,0,1,1,0,1
https://laresheopoiu.web.app/,0,1,0,0,0,0,1,0,0,1,0,0,1,0,0,0,0,0,0,0
http://www.abrakadabra.pw,0,0,0,0,0,0,0,0,0,0,0,0,0,0,0,0,0,0,0,0
https://maildinshaakckjnw634.web.app/,0,1,0,0,0,0,1,0,0,1,0,0,1,0,0,0,0,0,0,0
https://www.bahaibookstore.com,0,1,0,0,0,0,0,0,1,1,0,0,1,1,0,1,0,0,1,1
https://gggggggggggggggggggggggggggggggggggg--brouloging.repl.co/,0,1,0,0,0,0,1,0,0,1,0,0,0,0,0,0,0,0,0,0
https://cherrywoodgrp.com/45e/,0,1,0,0,0,0,1,0,1,1,0,0,1,0,0,0,0,1,1,0
https://www.rcrwireless.com,0,1,0,0,0,0,0,0,1,1,0,1,1,1,1,1,1,1,1,1
http://acikdeniz-internetsube.ga/,0,0,0,0,0,0,1,0,0,1,1,0,1,0,0,0,1,1,0,0
https://www.gt2europeanseries.com,0,1,0,0,0,0,0,0,1,1,1,1,1,1,0,1,0,0,1,1
https://www.croppermap.com,0,1,0,0,0,0,0,0,1,1,0,0,1,0,0,0,0,0,1,1
https://facebook-help-10014887759101.firebaseapp.com/,0,1,0,0,0,0,1,0,1,1,0,1,0,0,0,0,0,0,1,0
http://www.dns.blocktrail.com,0,0,0,1,0,0,1,0,1,1,0,0,0,0,0,0,0,0,0,0
https://qc7sxn.webwave.dev/,0,1,0,0,0,0,1,0,0,1,0,0,0,1,0,0,0,0,0,0
https://ipfs.io/ipfs/qmyuw2ja69sw4cyqtvzitsjnknigvzbuhjf593to7nzflo/dhsum01.html,0,1,0,0,0,0,1,0,0,1,0,0,0,0,0,0,0,0,0,0
http://www.grupoloang.com,0,0,0,0,0,0,0,0,1,0,0,0,0,0,0,0,0,0,0,0
https://amazon-tbvwqa.ygto.com/,0,1,0,0,0,0,1,0,1,0,0,0,0,0,0,0,0,0,0,0
https://www.cinu.mx,0,1,0,0,0,0,0,0,0,1,0,1,1,1,0,1,1,0,1,1
http://www.twosigma.publicvm.com,0,0,0,1,0,0,1,0,1,1,0,0,0,0,0,0,0,0,0,0
https://maildinshaakckjnw594.web.app/,0,1,0,0,0,0,1,0,0,1,0,0,1,0,0,0,0,0,0,0
https://www.digitalshadows.com,0,1,0,0,0,0,0,0,1,1,1,1,1,1,0,1,0,0,1,1
https://www.fig.us,0,1,0,0,0,0,0,0,0,1,0,0,1,1,0,1,0,0,1,1
http://cs92426.tw1.ru/,0,0,0,0,0,0,1,0,0,1,0,0,0,0,0,0,0,0,0,0
https://04215455.xyz/vmjddusx/third/7,0,1,0,0,0,0,1,0,0,0,0,0,0,0,0,0,0,0,0,0
https://www.dcaky.org,0,1,0,0,0,0,0,0,0,1,1,1,1,1,0,1,0,0,0,1
https://www.live-education.com,0,1,0,0,0,0,1,0,1,1,0,1,1,1,0,1,1,1,1,1
https://www.publicpolicy.umd.edu,0,1,0,1,0,0,1,0,0,1,1,0,1,1,0,1,1,0,1,1
http://www.bafybeihli6th4k354j7eyapqehli54nh4cfp4eav2p2d24nlmjktr5hxv4.ipfs.dweb.link,0,0,0,1,0,0,1,0,0,1,0,0,0,0,0,0,0,0,0,0
http://vasanhimlaparna.ga/,0,0,0,0,0,0,0,0,0,1,0,0,1,0,0,0,0,1,0,0
https://s77-ujp.firebaseapp.com/,0,1,0,0,0,0,1,0,1,1,0,0,1,0,0,0,0,0,0,0
https://www.cindysimo.com,0,1,0,0,0,0,0,0,1,1,0,0,1,0,0,1,1,0,1,1
https://www.statisticstimes.com,0,1,0,0,0,0,0,0,1,1,1,0,0,1,0,0,0,0,1,1
https://www.writerstory.com,0,1,0,0,0,0,0,0,1,1,1,1,1,1,0,1,1,0,1,1
https://www.paradescommission.org,0,1,0,0,0,0,0,0,0,1,0,0,1,1,0,0,1,0,1,1
https://www.artebambini.it,0,1,0,0,0,0,0,0,0,1,1,0,0,1,0,1,0,0,1,1
https://www.nativeseedpod.org,0,1,0,0,0,0,0,0,0,1,1,0,1,1,0,1,0,0,0,1
http://5fgfgrg4g4g4g.blogspot.pt/,0,0,0,0,0,0,1,0,0,1,0,0,0,0,0,0,0,0,0,0
http://verify2secure.serveusers.com/,0,0,0,0,0,0,1,0,1,1,0,0,0,0,0,0,0,0,0,0
http://blacksky.websitestage.net,0,0,0,0,0,0,1,0,0,1,0,0,0,0,0,0,0,0,0,0
https://www.newscaletech.com,0,1,0,0,0,0,0,0,1,1,0,1,1,1,0,1,1,0,1,1
https://maildinshaakckjnw468.web.app/,0,1,0,0,0,0,1,0,0,1,0,0,1,0,0,0,0,0,0,0
http://www.gtrtooloo.com,0,0,0,0,0,0,0,0,1,0,0,0,0,0,0,0,0,0,0,0
https://www.polgeonow.com,0,1,0,0,0,0,0,0,1,1,1,0,0,0,0,1,1,0,1,1
https://www.hersenletsel-uitleg.nl,0,1,0,0,0,0,1,0,0,1,0,0,1,1,1,1,1,1,1,1
http://www.winupdater.com,0,0,0,0,0,0,0,0,1,0,0,0,0,0,0,0,0,0,0,0
https://www.thegospelcoalition.org,0,1,0,0,0,0,0,0,0,1,1,1,1,1,0,1,1,0,1,1
https://www.kraj-jihocesky.cz,0,1,0,0,0,0,1,0,0,1,1,1,1,1,0,1,1,0,1,1
https://joiards-hiosch-crials.yolasite.com/,0,1,0,0,0,0,1,0,1,1,0,0,0,0,0,0,1,0,0,0
https://shich6gyg.firebaseapp.com/,0,1,0,0,0,0,1,0,1,1,0,0,1,0,0,0,0,0,0,0
https://bafybeiciybgr4yyk73flu2j6nknw4nnlpvapm5ocuz4hloq2l724w42xfa.ipfs.cf-ipfs.com/,0,1,0,1,0,0,1,0,1,1,0,0,1,1,0,0,0,0,0,0
https://www.realpage.com,0,1,0,0,0,0,0,0,1,1,1,0,1,1,0,1,0,0,1,1
http://www.face.urlfb.co,0,0,0,1,0,0,1,0,0,1,0,0,0,0,0,0,0,0,0,0
https://maildinshaakckjnw57.firebaseapp.com/,0,1,0,0,0,0,1,0,1,1,0,0,1,0,0,0,0,0,0,0
http://129.226.210.78/v3/signin/identifier?dsh=s-1022886126%3a1680181233796261&amp%3bfollowup=https%3a%2f%2faccounts.google.com%2f%3f&amp%3bifkv=aqmjq7srnqundkacs2efse8iokhrsnhij4nrs17txi2oodverzx4oi30ft5beo-zr_hsqk0z5vaouq&amp%3bpassive=1209600&amp%3bxrealip=107.178.238.56&continue=https%3a%2f%2faccounts.google.com%2f%3f&xrealip=34.198.46.118&flowname=weblitesignin&flowentry=servicelogin&ifkv=aqmjq7qbedwa7loculgoamd_heofmm5mxb5rw1jjbaozsrsco3d7rhvkedjqff4ekkabh_ldmgstgg,1,1,0,1,1,1,1,0,0,1,0,0,1,1,0,0,1,0,1,0
https://www.elv.su,0,1,0,0,0,0,0,0,0,1,0,0,1,1,0,0,0,0,1,1
http://zmindustrial.com.mx/comsx/,0,0,0,0,0,0,1,0,0,1,0,0,1,0,0,0,0,0,0,0
https://www.theclassicbrunette.com,0,1,0,0,0,0,0,0,1,1,1,0,0,0,0,1,1,0,0,1
https://sites.google.com/view/redirect-acctpages-uuid/details,0,1,0,0,0,0,1,0,1,0,0,0,0,0,0,0,0,0,0,0
https://www.taekwondopreschool.com,0,1,0,0,0,0,0,0,1,1,1,0,1,1,0,1,0,0,1,1
https://www.safebettingsites.com,0,1,0,0,0,0,0,0,1,1,1,1,1,1,1,1,1,0,1,1
https://amazon-grertrk.longmusic.com/,0,1,0,0,0,0,1,0,1,0,0,0,0,0,0,0,0,0,0,0
https://www.dragonbank.com,0,1,0,0,0,0,0,0,1,1,1,0,1,1,0,1,1,0,1,1
https://www.ecommercebytes.com,0,1,0,0,0,0,0,0,1,1,0,1,1,1,0,0,1,0,1,1
http://www.beetwedwornew.ru,0,0,0,0,0,0,0,0,0,1,0,0,0,0,0,0,0,0,0,0
https://www.artgodlove.com,0,1,0,0,0,0,0,0,1,1,1,1,1,1,0,1,1,0,1,1
https://pl-kurjerzy.cloud/135no5r8ddyva/0quzed,0,1,0,0,0,0,1,0,0,1,0,1,1,0,0,0,1,0,0,0
https://www.coca-colacompany.com,0,1,0,0,0,0,1,0,1,1,0,0,1,1,0,1,0,0,1,1
http://www.ip-shaparak.gq,0,0,0,0,0,0,1,0,0,1,0,0,0,0,0,0,0,0,0,0
https://www.citybrewtours.com,0,1,0,0,0,0,0,0,1,1,1,1,1,1,0,1,1,0,1,1
https://www.pearlandisd.org,0,1,0,0,0,0,0,0,0,1,1,0,1,0,0,1,1,0,1,1
https://www.fortuneenespanol.com,0,1,0,0,0,0,0,0,1,1,1,1,1,0,0,1,1,0,0,1
https://www.thinkgraphics.in,0,1,0,0,0,0,0,0,0,1,1,1,1,1,0,1,1,0,1,1
https://www.hopepublishing.com,0,1,0,0,0,0,0,0,1,1,0,0,1,1,0,1,1,1,1,1
https://docs.google.com/forms/d/e/1faipqlsda4flfi-1_gvwqnbb1dcxz_mb5omo9t2oc-vslzfgh6avrag/viewform,0,1,0,0,0,0,1,0,1,1,0,0,0,0,0,0,0,0,0,0
https://alliegros6793-kalen.i-fgos.cfd/?tranzakt1679921336568,0,1,0,0,0,1,1,0,0,1,0,1,1,0,0,0,0,0,0,0
https://www.stammtischmusik.at,0,1,0,0,0,0,0,0,0,1,0,1,0,0,0,1,1,0,1,1
http://www.whatsppt.com,0,0,0,0,0,0,0,0,1,1,0,0,0,0,0,0,0,0,0,0
https://www.cedstone.co.uk,0,1,0,1,0,0,1,0,0,1,0,1,1,1,0,1,0,0,1,1
https://www.engext.ksu.edu,0,1,0,1,0,0,1,0,0,1,1,0,0,0,0,1,0,0,1,1
https://www.newburycomics.com,0,1,0,0,0,0,0,0,1,1,1,0,1,1,0,1,1,1,0,1
https://www.amaravativoice.com,0,1,0,0,0,0,0,0,1,1,0,0,1,1,0,1,0,0,1,1
https://www.vendoralley.com,0,1,0,0,0,0,0,0,1,1,1,1,0,1,0,1,1,0,1,1
https://fac3b00k-page-review.web.app/,0,1,0,0,0,0,1,0,0,0,0,0,0,0,0,1,0,0,0,0
https://louaedqoservatory.afdh63748624589.repl.co/,0,1,0,1,0,0,1,0,0,1,0,0,0,0,0,0,0,0,0,0
https://att-109922.weeblysite.com/,0,1,0,0,0,0,1,0,1,1,0,0,0,0,0,0,0,0,0,0
https://www.panchvaticottage.com,0,1,0,0,0,0,0,0,1,1,0,1,1,1,0,1,1,0,1,1
https://www.gymx-app.de,0,1,0,0,0,0,1,0,0,1,1,1,1,0,0,1,0,0,1,1
https://www.mtu.edu,0,1,0,0,0,0,0,0,0,1,1,0,1,1,0,1,1,0,1,1
https://www.kerrylibrary.ie,0,1,0,0,0,0,0,0,0,1,0,0,1,1,0,1,0,0,0,1
https://www.themiddlewaygroup.org.uk,0,1,0,1,0,0,1,0,0,1,1,1,1,0,0,0,1,0,1,1
https://www.marleneharriscol.com,0,1,0,0,0,0,0,0,1,1,1,0,1,1,0,1,1,0,1,1
http://www.hendersonlandworks.co.nz/onedrive45doc/office.html,0,0,0,1,0,0,1,0,0,1,0,0,0,0,0,0,0,0,0,0
https://www.ehl.edu,0,1,0,0,0,0,0,0,0,1,1,0,1,1,0,1,1,0,1,1
https://www.esnm.eu,0,1,0,0,0,0,0,0,0,1,0,1,1,1,0,1,1,0,1,1
https://www.veritasexacta.com.br/dex%20(1).html,0,1,1,1,0,0,1,0,0,1,0,0,0,0,0,0,0,0,0,0
https://www.nes.scot.nhs.uk,0,1,0,1,0,0,1,0,0,1,1,0,1,1,0,1,1,0,1,1
https://www.saratogatodaynewspaper.com,0,1,0,0,0,0,0,0,1,1,0,0,1,1,0,1,1,0,1,1
https://limit-orders-v2.onrender.com/,0,1,0,0,0,0,1,0,1,0,0,0,0,0,0,0,0,0,0,0
https://www.exchangestores.com.au,0,1,0,1,0,0,1,0,0,1,1,1,1,1,0,1,1,1,1,1
https://www.birdlife.cz,0,1,0,0,0,0,0,0,0,1,0,1,1,1,0,1,0,0,0,1
https://www.enduromag.fr,0,1,0,0,0,0,0,0,0,1,0,1,1,1,0,1,1,1,1,1
https://www.wishrockrelaxation.com,0,1,0,0,0,0,0,0,1,1,0,0,1,1,0,1,1,1,1,1
https://www.gimsblog.com,0,1,0,0,0,0,0,0,1,0,0,0,0,0,0,0,0,0,0,0
https://www.dombauwien.at,0,1,0,0,0,0,0,0,0,1,1,1,1,0,0,0,1,0,1,1
https://gateway.ipfs.io/ipfs/bafybeic5pqkweobka2tfnltnod732ftxg7ecudziaiquvdqwhbuubslql4,0,1,0,0,0,0,1,0,0,1,0,0,0,0,0,0,0,0,0,0
https://www.pastebin.pl,0,1,0,0,0,0,0,0,0,1,0,0,1,1,0,1,1,0,0,1
https://www.ankiapp.com,0,1,0,0,0,0,0,0,1,1,0,0,1,1,0,0,0,0,1,1
https://www.chalktalksports.com,0,1,0,0,0,0,0,0,1,1,0,0,1,1,0,1,1,1,1,1
https://vanilla-gift.danielbrown46.repl.co/,0,1,0,1,0,0,1,0,0,1,0,0,0,0,0,0,0,0,0,0
https://app-acessofacil-portalcliente.com/luiza/home.php?userid=13&uri=9cavjvyvg0uxl75/ieozjydv4vdu9dhm6gjeul1p3ns=,0,1,0,0,1,1,1,0,1,1,1,0,1,0,0,0,0,1,0,0
http://www.5155.co,0,0,0,0,0,0,0,0,0,1,0,0,1,0,0,0,0,0,0,0
https://www.formulawindsurfing.org,0,1,0,0,0,0,0,0,0,1,1,1,1,0,0,1,1,0,1,1
https://www.notarypublicstamps.com,0,1,0,0,0,0,0,0,1,1,0,1,1,1,0,1,1,0,1,1
https://www.northland-design.com,0,1,0,0,0,0,1,0,1,1,0,1,1,0,0,1,1,0,1,1
https://www.spamhaus.org,0,1,0,0,0,0,0,0,0,1,1,1,0,1,0,0,0,0,1,1
https://jam-023d.gitlab.io/hitech-023s/yujtbgfvrtgrfd.html#amillet@prepaidlegal.com,0,1,0,0,0,0,1,0,0,1,0,0,1,0,0,0,0,1,0,0
https://withered-snowflake-0a5a.u84799i09929.workers.dev/,0,1,0,1,0,0,1,0,0,1,0,1,1,0,0,0,1,0,0,0
https://www.oslo-norway.ca,0,1,0,0,0,0,1,0,0,1,0,0,1,0,0,1,0,0,0,1
https://swaggerhub-noprod.mibanco.com.pe/apis/mb-apis/neg-estado_financiero_v_1/v1?fbclid=iwar24ov7vg56przfmopt8nqndtyxhaxwmqkrb3hu46zspceo4pig2bndftfw#/estado%20financiero/post_loans_deposits_consumer_loan_v1_0_estado_financiero,0,1,1,1,1,1,1,0,0,1,1,0,0,1,0,0,0,0,0,0
https://www.improvingphc.org,0,1,0,0,0,0,0,0,0,1,1,0,1,1,0,0,0,0,1,1
https://www.peoplestrong.com,0,1,0,0,0,0,0,0,1,1,1,1,1,1,0,1,1,0,1,1
https://www.presidencia.gob.bo,0,1,0,1,0,0,1,0,0,1,0,0,1,1,0,1,0,0,1,1
https://www.ekaterinajeans.ru/alegrospolish/4,0,1,0,0,0,0,1,0,0,1,0,1,0,0,0,0,1,0,1,0
https://www.vinoenology.com,0,1,0,0,0,0,0,0,1,1,0,1,0,1,0,1,1,1,1,1
http://www.solar-lava-screen.glitch.me,0,0,0,1,0,0,1,0,0,0,0,0,0,0,0,0,0,0,0,0
https://www.legassembly.sk.ca,0,1,0,1,0,0,1,0,0,1,1,0,1,0,0,1,0,0,1,1
http://www.udij.nowurl.fun,0,0,0,1,0,0,1,0,0,1,0,0,0,0,0,0,0,0,0,0
https://remercirersz.firebaseapp.com/,0,1,0,0,0,0,1,0,1,1,0,0,1,0,0,0,0,0,0,0
https://www.jjifweb.com,0,1,0,0,0,0,0,0,1,1,0,1,1,1,0,0,0,0,1,1
https://www.myhometownbronxville.com,0,1,0,0,0,0,0,0,1,1,1,0,1,1,0,1,0,0,1,1
http://sparkly-ludicrous-marsupial.glitch.me/coinbzm.html,0,0,0,0,0,0,1,0,0,1,0,0,1,0,0,0,0,0,0,0
https://www.efotbal.cz,0,1,0,0,0,0,0,0,0,1,1,0,1,1,0,1,1,0,1,1
https://www.foxsuper6.com,0,1,0,0,0,0,0,0,1,1,1,0,1,1,0,1,0,0,1,1
https://www.exoticimports.co.nz,0,1,0,1,0,0,1,0,0,1,0,0,1,1,0,1,1,0,1,1
http://www.a-zx.purpledaily.com,0,0,0,1,0,0,1,0,1,0,0,0,0,0,0,0,0,0,0,0
https://www.plantnames.org,0,1,0,0,0,0,0,0,0,1,0,0,1,0,0,0,0,0,1,1
https://www.mopp.qut.edu.au,0,1,0,1,0,0,1,0,0,1,0,1,1,1,0,0,1,0,1,1
http://www.admaacademy.sk,0,0,0,0,0,0,0,0,0,1,0,0,0,0,0,0,0,0,0,0
https://www.zycomtec.com,0,1,0,0,0,0,0,0,1,1,1,1,1,1,0,1,1,0,1,1
https://www.morrisfed.org.uk,0,1,0,1,0,0,1,0,0,1,0,1,1,0,1,1,1,0,1,1
https://www.aseantoday.com,0,1,0,0,0,0,0,0,1,1,0,0,1,1,0,1,1,0,1,1
https://privateorangestate--dmh3000.repl.co,0,1,0,0,0,0,1,0,0,1,0,0,0,0,0,0,0,0,0,0
https://onedrive1-2cb06.firebaseapp.com/,0,1,0,0,0,0,1,0,1,1,0,0,1,0,0,0,0,0,0,0
https://www.coalco.ru/alegrospolish/0/,0,1,0,0,0,0,1,0,0,1,0,0,0,0,0,0,0,0,0,0
https://www.infinity-reisen.com,0,1,0,0,0,0,1,0,1,1,1,0,1,1,0,1,1,1,1,1
https://attcom-102713.square.site/,0,1,0,0,0,0,1,0,0,1,0,0,0,0,0,0,0,0,0,0
https://www.northwestwildlife.com,0,1,0,0,0,0,0,0,1,1,0,1,1,0,0,1,1,0,1,1
http://www.jaycees.co.uk,0,0,0,1,0,0,1,0,0,1,0,0,0,0,0,0,0,0,0,0
http://firstreact-hj9n1etax-johanesashn-gmailcom.vercel.app/,0,0,0,0,0,0,1,0,0,0,0,0,0,0,0,0,0,0,0,0
https://www.scns.com,0,1,0,0,0,0,0,0,1,1,0,0,0,1,0,0,0,0,1,1
https://www.furyu.jp,0,1,0,0,0,0,0,0,0,1,1,1,1,1,0,0,0,0,1,1
https://trdf-a2acc.firebaseapp.com/,0,1,0,0,0,0,1,0,1,1,0,0,1,0,0,0,0,0,0,0
http://fhhw1u.webwave.dev/,0,0,0,0,0,0,1,0,0,1,0,0,0,0,0,0,0,0,0,0
https://www.daviteks.com,0,1,0,0,0,0,0,0,1,1,1,0,1,1,0,1,0,0,1,1
https://www.clintoncollege.edu,0,1,0,0,0,0,0,0,0,1,1,0,1,1,0,1,1,0,0,1
http://acdecon.be/nf/nf/tw/netflix/login,0,0,0,0,0,0,1,0,0,1,0,0,0,0,0,0,0,0,0,0
http://www.squer.com,0,0,0,0,0,0,0,0,1,0,0,0,0,0,0,0,0,0,0,0
https://www.shareholds.com/eur/2a204409-e54b-4af0-b5aa-ffb6d1c6acb9/4a71e67e-d279-4bb8-9a7d-eff5637600af/a2a23a9a-db65-4da4-9f20-cb27a3857855/login?id=mmrbwxvqclr0rw1mannonkpmwgjtu0y2eglecmcxthzinmhwtna5d2feymxoeux3mwjyuwlmu0noswzwmddmmgr4dgdwwjbkc21iqmtznkrxwxbyqndguufodg9tq3u3vjzowhdiewzhvlzvngphrzrerxmrckrhqnlpykjiqli1q2jgaktanlrhv293nmn4nvfir3bkyuewk3rqcgjrrfhunwxyzvlazgk0q1fmwmnrn3l2cdbpnznkdgpzsxjfnkhhafpaslhbm0dlmtjxahn6tss3ajlwyu5pmxfhcw03udjwnm4xn3liy2z5tvp0nwr3rthtdetms0pqemhxvjnptwzlwxzncmu1s3fktxppefqwakfkrnk1y0qrvhkwv01uttb6tdzkn0dryuo2ouxqwesxv3rydgrqs1jmwdqrduhca21amzz1skhqru8vefvnwmtxvunqmunzce5juvjdqkg2sitvrjhzsljedng1m25nenczsnnal3vnmxlp,0,1,0,0,1,1,1,0,1,1,0,0,1,0,0,0,1,0,0,0
https://www.willowvalleycommunities.org,0,1,0,0,0,0,0,0,0,1,0,1,1,1,1,1,1,0,1,1
https://www.shrewsburyorthodox.com,0,1,0,0,0,0,0,0,1,1,0,1,1,1,0,1,1,0,1,1
https://ipfs.io/ipfs/qmekyxzhsdpifg5jrxamxareamny2qqaghjrrdmrvawpcp?filename=auto.html,0,1,0,0,1,1,1,0,0,1,0,0,0,0,0,0,0,0,0,0
https://profileupdates-att.weebly.com/,0,1,0,0,0,0,1,0,1,1,0,1,1,0,0,0,0,0,0,0
https://www.datarepublic.com,0,1,0,0,0,0,0,0,1,1,1,1,1,1,0,0,0,0,1,1
https://www.joelynnturner.com,0,1,0,0,0,0,0,0,1,1,1,1,1,0,0,1,0,0,1,1
https://cloudflare-ipfs.com/ipfs/bafybeibxtd64bmzshy5toxirjnutdfkglizuqy4j3e27gss7qd2z74ems4/link.html,0,1,0,0,0,0,1,0,1,0,0,0,0,0,0,0,0,0,0,0
http://www.kpodata.com,0,0,0,0,0,0,0,0,1,1,0,0,0,0,0,0,0,0,0,0
https://www.edisciples.com,0,1,0,0,0,0,0,0,1,1,0,0,1,1,0,1,0,0,1,1
https://www.midsuffolk.gov.uk,0,1,0,1,0,0,1,0,0,1,1,0,1,1,0,0,1,0,1,1
https://dutsh-helppackage.ecranul.ro/public/gtqjqi6c3jzzxkcq1wjerzyi2usrny7i,0,1,0,0,0,0,1,0,0,1,0,0,0,0,0,0,0,0,0,0
https://reviewdocumen03132023.myportfolio.com/,0,1,0,0,0,0,1,0,1,1,0,0,1,0,0,0,0,1,0,0
https://fbreview1008237587872.firebaseapp.com/,0,1,0,0,0,0,1,0,1,1,0,1,1,0,0,0,0,0,0,0
https://www.auri.re.kr,0,1,0,1,0,0,1,0,0,1,1,0,1,1,0,1,1,0,1,1
http://www.amphibiblechurch.com,0,0,0,0,0,0,0,0,1,0,0,0,0,0,0,0,0,0,0,0
http://www.imsa.com.au,0,0,0,1,0,0,1,0,0,1,0,0,0,0,0,0,0,0,0,0
https://www.clarkart.edu,0,1,0,0,0,0,0,0,0,1,1,0,1,1,0,1,0,0,1,1
http://dev-gtcontinentalsecurel.pantheonsite.io/,0,0,0,0,0,0,1,0,0,1,0,0,0,0,0,0,0,0,0,0
https://document.storages-clouds.workers.dev/,0,1,0,1,0,0,1,0,0,0,0,0,0,0,0,0,0,0,0,0
https://www.detik.com,0,1,0,0,0,0,0,0,1,1,1,1,1,1,0,1,0,0,1,1
https://bafybeif5da5uioyg7zqeiciidlid2yp5pkrwmolqm3mtw2qlhwfsr4feu4.ipfs.dweb.link/asb.html/,0,1,0,1,0,0,1,0,0,1,1,0,1,0,0,0,1,1,0,0
https://www.willmar.k12.mn.us,0,1,0,1,0,0,1,0,0,1,0,0,1,0,0,1,1,0,1,1
https://www.grokcode.com,0,1,0,0,0,0,0,0,1,1,1,0,1,1,0,1,1,0,1,1
https://ipfs.io/ipfs/qmqs4ryr7v4dv1y9tqlecwuvbdf7h7yhsx3zy7zkvegkn3/beka.html,0,1,0,0,0,0,1,0,0,1,0,0,0,0,0,0,0,1,0,0
https://www.sperrytents.com,0,1,0,0,0,0,0,0,1,1,1,1,1,1,0,1,1,0,1,1
https://www.floorfoto.com,0,1,0,0,0,0,0,0,1,1,0,1,1,1,0,1,1,0,0,1
https://www.crocodile-music.de,0,1,0,0,0,0,1,0,0,1,0,1,0,0,0,0,0,0,1,1
https://www.truebeautybynature.com,0,1,0,0,0,0,0,0,1,1,0,1,0,1,0,1,1,0,1,1
https://www.editionlidu.com,0,1,0,0,0,0,0,0,1,1,1,0,1,1,0,1,0,0,1,1
http://www.warriorss.oss-us-west-1.aliyuncs.com,0,0,0,1,0,0,1,0,1,0,0,0,0,0,0,0,0,0,0,0
https://www.oldgrowthforest.net,0,1,0,0,0,0,0,0,0,1,1,0,1,1,0,1,1,0,1,1
https://www.meilleurcoiffeur.com,0,1,0,0,0,0,0,0,1,1,1,0,1,1,0,1,1,0,1,1
https://mail.allebanden365.be/au-mygovclaim/prohqcker3.php,0,1,0,0,0,0,1,0,0,1,0,0,0,0,0,0,0,0,0,0
https://www.christoph-koch.net,0,1,0,0,0,0,1,0,0,1,0,1,1,0,0,0,0,0,1,1
https://www.gepherrini.com,0,1,0,0,0,0,0,0,1,1,0,0,1,1,0,0,1,0,0,1
https://www.iowacityhandymanremodeling.com,0,1,0,0,0,0,0,0,1,1,0,0,1,1,0,1,1,0,0,1
https://sharmansweetsonline.com/updsoci/sg/cc.php,0,1,0,0,0,0,1,0,1,1,0,0,0,0,0,0,0,0,0,0
https://www.royalfinejewelers.com,0,1,0,0,0,0,0,0,1,1,1,0,1,1,0,1,1,0,1,1
https://www.pngfolio.com,0,1,0,0,0,0,0,0,1,1,0,0,1,1,1,1,1,0,1,1
https://fdscx.bhupmdg.cn/,0,1,0,0,0,0,1,0,0,0,0,0,0,0,0,0,0,0,0,0
https://www.nelson.govt.nz,0,1,0,1,0,0,1,0,0,1,1,0,1,1,0,1,0,0,1,1
https://nponbd.com/iin,0,1,0,0,0,0,1,0,1,1,0,0,1,0,0,0,0,0,0,0
https://www.peaceproposal.com,0,1,0,0,0,0,0,0,1,1,0,0,1,1,0,0,0,0,1,1
http://anatanft-free.xyz,0,0,0,0,0,0,1,0,0,1,0,0,0,0,0,0,0,0,0,0
https://www.marekrei.com,0,1,0,0,0,0,0,0,1,1,0,0,1,0,0,1,0,0,0,1
http://www.freevideoproxy.com,0,0,0,0,0,0,0,0,1,1,0,0,0,0,0,0,0,0,0,0
http://www.pasarwood.com,0,0,0,0,0,0,0,0,1,0,0,0,0,0,0,0,0,0,0,0
https://www.canvasbubble.com,0,1,0,0,0,0,0,0,1,1,0,1,1,1,0,1,1,0,1,1
https://www.nnc.kz,0,1,0,0,0,0,0,0,0,1,1,0,1,1,0,1,0,0,1,1
https://www.agents.finqtech.com/cff.php,0,1,0,1,0,0,1,0,1,0,0,0,0,0,0,0,0,0,0,0
http://www.lashnetix.com,0,0,0,0,0,0,0,0,1,0,0,0,0,0,0,0,0,0,0,0
https://www.apteka-sadivnyka.ua/alegrospolish/7/,0,1,0,0,0,0,1,0,0,0,0,0,0,0,0,0,0,0,0,0
https://trackusps-2e1ab.web.app/,0,1,0,0,0,0,1,0,0,1,0,0,1,0,0,0,0,0,0,0
https://s.amesecen-jp.icu/,0,1,0,0,0,0,1,0,0,1,0,0,0,0,0,0,0,0,0,0
https://accessible0-document-morroco-3jl58.ondigitalocean.app/,0,1,0,0,0,0,1,0,0,1,0,0,1,0,0,0,0,1,0,0
https://www.globaltradingtools.com,0,1,0,0,0,0,0,0,1,1,0,1,1,1,1,1,1,0,1,1
https://www.shiftypixels.com,0,1,0,0,0,0,0,0,1,1,0,0,1,1,0,1,1,0,1,1
https://jumptruegallery.000webhostapp.com/download-documents,0,1,0,0,0,0,1,0,1,1,1,0,0,0,0,0,0,0,0,0
https://is.gd/ivkeia,0,1,0,0,0,0,1,0,0,1,1,0,1,1,0,0,0,0,0,0
https://www.guardians.net,0,1,0,0,0,0,0,0,0,1,0,0,0,1,0,0,0,0,1,1
http://pranav-12.github.io/pranav-12-facebook-static-page,0,0,0,0,0,0,1,0,0,1,0,0,0,0,0,0,0,0,0,0
https://www.bsls.ac.uk,0,1,0,1,0,0,1,0,0,1,0,1,0,0,0,0,1,0,0,1
http://www.a0541862.xsph.ru,0,0,0,1,0,0,1,0,0,1,0,0,0,0,0,0,0,0,0,0
https://www.joomsky.com,0,1,0,0,0,0,0,0,1,1,0,0,1,1,0,1,1,0,1,1
http://docushare1.duckdns.org/user/,0,0,0,0,0,0,1,0,0,1,0,0,1,0,0,0,0,1,0,0
https://www.cityoffarmingtonar.com,0,1,0,0,0,0,0,0,1,1,1,0,1,1,0,1,1,0,1,1
https://www.creoly.com,0,1,0,0,0,0,0,0,1,1,1,0,1,1,0,0,1,1,1,1
https://www.hs-orange.com,0,1,0,0,0,0,1,0,1,1,1,0,1,0,0,1,1,0,1,1
https://www.tel.com,0,1,0,0,0,0,0,0,1,1,1,0,1,1,0,1,1,0,1,1
https://connection-orangebank-certicode.derlma.com/5489723/,0,1,0,0,0,0,1,0,1,0,0,0,0,0,0,0,0,0,0,0
https://www.fiftyyearsofawoman.com,0,1,0,0,0,0,0,0,1,1,0,1,0,1,0,1,1,0,1,1
https://maildinshaakckjnw87.web.app/,0,1,0,0,0,0,1,0,0,1,0,0,1,0,0,0,0,0,0,0
https://silent-bonus-b616.sstuodrafelreme.workers.dev/,0,1,0,1,0,0,1,0,0,1,0,1,1,0,0,0,0,0,0,0
https://www.geaugafair.com,0,1,0,0,0,0,0,0,1,1,0,0,1,0,0,1,0,0,0,1
https://www.ospreypens.com,0,1,0,0,0,0,0,0,1,1,0,0,1,1,0,1,1,1,1,1
https://www.markcoggins.com,0,1,0,0,0,0,0,0,1,1,0,1,1,1,0,1,0,1,1,1
https://wwxhajudjgwjklckvzgs1.firebaseapp.com/,0,1,0,0,0,0,1,0,1,1,0,0,0,0,0,0,0,0,0,0
https://ipfs.best-practice.se/ipfs/qmy3smp4nculh69oficrppcsyyrw58cyzy6rbjiaxc3psl/,0,1,0,0,0,0,1,0,0,1,0,0,1,0,0,0,0,1,0,0
https://www.bluebellnursery.com,0,1,0,0,0,0,0,0,1,1,1,0,1,1,0,1,1,1,1,1
https://www.intelligentmemory.com,0,1,0,0,0,0,0,0,1,1,1,1,1,1,0,1,1,0,1,1
http://www.saisoncard.co.jp.ooppox.xyz/,0,0,0,1,0,0,1,0,0,0,1,0,1,0,0,0,0,0,0,0
https://soukrezk10.com/wp-login/shipping/login/index.php,0,1,0,0,0,0,1,0,1,1,0,0,0,0,0,0,0,0,0,0
http://www.lightning.dns-cloud.net,0,0,0,1,0,0,1,0,0,1,0,0,0,0,0,0,0,0,1,0
https://www.georgiany.com,0,1,0,0,0,0,0,0,1,1,1,1,1,0,0,1,1,0,1,1
https://www.akippa.com,0,1,0,0,0,0,0,0,1,1,1,0,1,1,0,1,1,0,1,1
http://www.sena-iren.cf,0,0,0,0,0,0,1,0,0,1,0,0,0,0,0,0,0,0,0,0
https://www.metalbite.com,0,1,0,0,0,0,0,0,1,1,0,1,1,1,0,1,1,0,1,1
https://www.simplysaucer.com,0,1,0,0,0,0,0,0,1,1,0,0,1,1,0,1,1,0,0,1
https://www.charityengine.com,0,1,0,0,0,0,0,0,1,1,1,0,0,0,0,0,0,0,1,1
http://emiratesair-07.wikidot.com,0,0,0,0,0,0,1,0,1,1,1,0,0,0,0,0,0,0,1,0
https://www.radiationcinema.com,0,1,0,0,0,0,0,0,1,1,0,1,1,0,1,0,1,1,1,1
http://www.is-a-anarchist.com,0,0,0,0,0,0,1,0,1,0,0,0,0,0,0,0,0,0,0,0
http://www.ftp.products.serveuser.com,0,0,0,1,0,0,1,0,1,1,0,0,0,0,0,0,0,0,0,0
https://mmmega.com/wp-admin/images/ch.php,0,1,0,0,0,0,1,0,1,0,0,0,0,0,0,0,0,0,0,0
https://clubevendas.com/product/pneu-aro-14-goodyear-175-70r14-88t-direction-touring,0,1,0,0,0,0,1,0,1,0,0,0,0,0,0,0,0,0,0,0
https://www.ohco.com,0,1,0,0,0,0,0,0,1,1,0,0,1,1,0,1,1,1,1,1
https://www.tc-ent.co.jp,0,1,0,1,0,0,1,0,0,1,1,0,1,1,0,1,1,0,1,1
https://www.joesheehan.com,0,1,0,0,0,0,0,0,1,1,1,0,0,0,0,0,1,0,0,1
https://www.expertexplorers.com,0,1,0,0,0,0,0,0,1,1,0,1,1,1,0,1,1,1,1,1
http://www.ligh.cannca.shop,0,0,0,1,0,0,1,0,0,1,0,0,0,0,0,0,0,0,0,0
https://mtb3mobiie.com/docs/dropbox/user,0,1,0,0,0,0,1,0,1,1,0,0,0,0,0,0,0,0,0,0
https://www.boekscout.nl,0,1,0,0,0,0,0,0,0,1,1,0,1,1,0,1,0,0,0,1
http://co49323.tw1.ru/docs/login/ologin.php,0,0,0,0,0,0,1,0,0,1,0,0,0,0,0,0,0,0,0,0
https://www.fashion-forum.org,0,1,0,0,0,0,1,0,0,1,0,0,1,1,0,0,1,0,1,1
https://www.dendanskesalmebogonline.dk,0,1,0,0,0,0,0,0,0,1,0,1,0,1,0,0,0,0,1,1
https://currently-102830.square.site/,0,1,0,0,0,0,1,0,0,1,0,0,1,0,0,0,0,0,0,0
http://u1965047.plsk.regruhosting.ru/78/,0,0,0,1,0,0,1,0,0,1,0,0,1,0,0,0,0,1,1,0
https://www.vaporplants.com,0,1,0,0,0,0,0,0,1,1,1,1,1,1,0,1,1,0,1,1
https://www.sinojapanesewar.com,0,1,0,0,0,0,0,0,1,1,0,0,1,0,0,1,1,0,1,1
http://www.speritentz.com,0,0,0,0,0,0,0,0,1,0,0,0,0,0,0,0,0,0,0,0
https://www.elcom.com.au,0,1,0,1,0,0,1,0,0,1,1,0,1,1,0,1,0,0,1,1
https://www-solucoesfinanceirasrealizadas.com/,0,1,0,0,0,0,1,0,1,0,0,0,0,0,0,0,0,0,0,0
https://www.heatherleys.org,0,1,0,0,0,0,0,0,0,1,0,1,1,1,0,1,1,0,1,1
https://www.camelandgrey.com,0,1,0,0,0,0,0,0,1,1,0,0,1,1,0,1,1,1,0,1
http://meta-getsupport-case73783.web.app/,0,0,0,0,0,0,1,0,0,0,0,0,0,0,0,0,0,0,0,0
http://www.vinflag.com,0,0,0,0,0,0,0,0,1,1,0,0,0,0,0,0,0,0,0,0
https://www.strategosinc.com,0,1,0,0,0,0,0,0,1,1,0,0,1,1,0,0,0,0,1,1
https://att-101410.weeblysite.com/,0,1,0,0,0,0,1,0,1,1,1,0,1,0,0,0,0,0,0,0
https://www.easytravelshop.com.br,0,1,0,1,0,0,1,0,0,1,1,0,1,1,0,1,0,0,0,1
https://www.colombiainforma.info,0,1,0,0,0,0,0,0,0,1,0,1,1,0,0,1,0,0,1,1
http://www.social.cannca.shop,0,0,0,1,0,0,1,0,0,1,0,0,0,0,0,0,0,0,0,0
https://www.curlydianne.com,0,1,0,0,0,0,0,0,1,1,0,0,1,0,0,1,1,0,1,1
https://finanville.com.br/engaa/,0,1,0,0,0,0,1,0,0,1,0,0,0,0,0,0,0,0,0,0
https://www.thelateageofprint.org,0,1,0,0,0,0,0,0,0,1,0,1,0,0,0,1,0,0,0,1
https://www.callmebot.com,0,1,0,0,0,0,0,0,1,1,0,0,1,1,0,0,1,1,1,1
http://www.mattkoniserver.zaptop.org,0,0,0,1,0,0,1,0,0,0,0,0,1,0,0,0,0,0,0,0
https://www.ticketgateway.com,0,1,0,0,0,0,0,0,1,1,1,0,1,1,0,1,1,1,1,1
https://www.greyhound.com.mx,0,1,0,1,0,0,1,0,0,1,1,0,1,0,0,1,0,0,1,1
https://www.christonbelden.com,0,1,0,0,0,0,0,0,1,1,0,1,1,0,0,1,1,0,1,1
https://www.perc.org.uk,0,1,0,1,0,0,1,0,0,1,1,1,1,1,1,1,1,0,1,1
https://www.craspire.com,0,1,0,0,0,0,0,0,1,1,0,0,1,1,0,1,1,1,0,1
https://bov-app-verify.web.app/,0,1,0,0,0,0,1,0,0,0,0,0,0,0,0,0,0,0,0,0
http://www.1k86.csqoy.com,0,0,0,1,0,0,1,0,1,0,0,0,0,0,0,0,0,0,0,0
https://www.zoores.ac.cn,0,1,0,1,0,0,1,0,0,1,0,0,1,0,0,0,1,0,1,1
https://dev-itausecurelogin-py-53.pantheonsite.io/,0,1,0,0,0,0,1,0,0,1,0,0,0,0,0,0,0,0,0,0
https://www.techscouttouch.com,0,1,0,0,0,0,0,0,1,1,1,0,1,1,0,1,1,0,1,1
https://www.defined.net,0,1,0,0,0,0,0,0,0,1,1,0,1,1,0,1,0,0,1,1
https://www.kigalicity.gov.rw,0,1,0,1,0,0,1,0,0,1,0,0,1,0,0,1,1,0,1,1
https://www.steelydan.com,0,1,0,0,0,0,0,0,1,1,1,1,1,1,0,1,0,0,1,1
https://www.jordanwoodworking.com,0,1,0,0,0,0,0,0,1,1,1,1,1,1,0,0,0,1,1,1
http://www.f1aba6eb1a0955b59bcac554e3aeeda8e1.ws,0,0,0,0,0,0,0,0,0,1,0,0,1,0,0,0,0,0,0,0
http://www.shopmovieproduction.cn,0,0,0,0,0,0,0,0,0,1,0,0,0,0,0,0,0,0,0,0
https://bt-109730.weeblysite.com/,0,1,0,0,0,0,1,0,1,1,1,0,1,0,0,0,0,0,0,0
https://www.streamguys.com,0,1,0,0,0,0,0,0,1,1,1,1,1,1,0,0,0,0,1,1
https://www.constructionknowledge.net,0,1,0,0,0,0,0,0,0,1,0,1,0,1,0,1,1,0,1,1
https://meta-helpcenter-and-review.firebaseapp.com/,0,1,0,0,0,0,1,0,1,1,1,1,0,0,0,0,0,0,1,0
https://virtuous-barb-6862.dataplicity.io/dk/,0,1,0,0,0,0,1,0,0,1,0,0,0,0,0,0,0,0,0,0
https://www.freeprintsphotobooks.ie,0,1,0,0,0,0,0,0,0,1,1,0,0,1,0,1,0,0,1,1
https://www.harrismartin.com,0,1,0,0,0,0,0,0,1,1,0,0,1,0,0,1,1,0,1,1
http://www.telegram-hakc.ga,0,0,0,0,0,0,1,0,0,1,0,0,0,0,0,0,0,0,0,0
http://decentralized-protocol.info,0,0,0,0,0,0,1,0,0,0,0,0,0,0,0,0,0,0,0,0
http://www.alamdarinternational.com,0,0,0,0,0,0,0,0,1,1,0,0,0,0,0,0,0,0,0,0
https://aol-mail-105426.weeblysite.com/,0,1,0,0,0,0,1,0,1,1,1,0,1,0,0,0,0,0,0,0
https://www.nishiyamasilk.com,0,1,0,0,0,0,0,0,1,1,1,0,1,0,0,0,0,0,0,1
https://www.advancecounselingcentre.com,0,1,0,0,0,0,0,0,1,1,1,1,1,1,0,1,0,0,0,1
https://agr2a.vantechddns.com/ag2,0,1,0,0,0,0,1,0,1,1,0,0,0,0,0,0,0,0,0,0
https://bartontrucking.com,0,1,0,0,0,0,0,0,1,0,0,0,0,0,0,0,0,0,0,0
https://www.evangelium365.hu,0,1,0,0,0,0,0,0,0,1,1,0,1,1,1,0,1,1,1,1
https://www.rodworks.com,0,1,0,0,0,0,0,0,1,1,1,0,1,1,0,1,1,1,1,1
https://www.danieljensenlawoffice.com,0,1,0,0,0,0,0,0,1,1,0,1,1,0,0,1,1,0,1,1
https://www.outdoorhydro.com,0,1,0,0,0,0,0,0,1,1,1,1,1,0,0,1,1,0,1,1
https://fladestateins.com/ef80d30d-c322-47a3-a96a-715105a54f68,0,1,0,0,0,0,1,0,1,1,0,0,0,0,0,0,0,0,0,0
http://www.amazceczm-co-jp.amazaeocn.50gb209.xyz/,0,0,0,1,0,0,1,0,0,1,0,0,0,0,0,0,0,0,0,0
http://www.lhd.globalowa.com,0,0,0,1,0,0,1,0,1,0,0,0,0,0,0,0,0,0,0,0
https://www.brswimwear.com,0,1,0,0,0,0,0,0,1,1,1,1,1,1,0,0,1,1,1,1
https://www.thetisgames.com,0,1,0,0,0,0,0,0,1,1,0,0,1,0,0,1,1,0,1,1
http://mx-5.lu/ebranch/confirm.php,0,0,0,0,0,0,1,0,0,1,1,0,0,0,0,0,1,1,1,0
https://www.bgpmon.net,0,1,0,0,0,0,0,0,0,1,0,0,0,0,0,0,1,0,1,1
https://www.firstcitymuseums.org,0,1,0,0,0,0,0,0,0,1,0,1,1,1,0,1,1,0,0,1
https://www.lllfrance.org,0,1,0,0,0,0,0,0,0,1,0,0,1,1,0,1,1,1,1,1
https://cmettmasuklogeenu.godaddysites.com/,0,1,0,0,0,0,1,0,1,1,1,0,1,1,0,0,1,0,1,0
http://www.cellfom.com,0,0,0,0,0,0,0,0,1,1,0,0,1,0,0,0,0,0,0,0
https://www.artorg.unibe.ch,0,1,0,1,0,0,1,0,0,1,0,0,1,1,0,1,0,0,1,1
https://www.mfyi.com,0,1,0,0,0,0,0,0,1,1,0,0,0,1,0,0,1,0,0,1
https://www.ciudadeshermanasbariloche.com,0,1,0,0,0,0,0,0,1,1,0,0,1,1,0,0,0,0,1,1
https://lukasz.redir9.pl/campo/email@example.com,0,1,0,0,0,0,1,0,0,1,0,1,1,0,0,0,0,0,0,0
http://www.ictdp.com,0,0,0,0,0,0,0,0,1,0,0,0,0,0,0,0,0,0,0,0
https://www.mysticrevolution.com,0,1,0,0,0,0,0,0,1,1,0,0,1,1,0,1,0,0,0,1
https://www.mexicantrainfun.com,0,1,0,0,0,0,0,0,1,1,1,0,1,1,0,1,1,0,1,1
http://www.homehandyworks.com,0,0,0,0,0,0,0,0,1,0,0,0,0,0,0,0,0,0,0,0
http://facebook-gruop-link.blogspot.com/,0,0,0,0,0,0,1,0,1,1,0,0,0,0,0,0,0,0,0,0
http://my-business-105497-100704.square.site/,0,0,0,0,0,0,1,0,0,1,0,0,0,0,0,0,0,0,0,0
https://www.cadnauseam.com,0,1,0,0,0,0,0,0,1,1,0,1,1,0,0,1,1,0,1,1
https://www.highenergymind.com,0,1,0,0,0,0,0,0,1,1,0,1,1,1,1,1,1,0,1,1
http://www.f0592163.xsph.ru,0,0,0,1,0,0,1,0,0,1,0,0,0,0,0,0,0,0,0,0
https://www.satisfyinggames.com,0,1,0,0,0,0,0,0,1,1,1,0,1,0,0,1,0,0,1,1
https://www.modjewelry.com,0,1,0,0,0,0,0,0,1,1,0,0,1,0,0,1,0,0,1,1
http://www.1su.net,0,0,0,0,0,0,0,0,0,1,0,0,1,0,0,0,0,0,0,0
http://www.vcsczxsa.ga,0,0,0,0,0,0,0,0,0,1,0,0,0,0,0,0,0,0,0,0
https://www.buzzsprout.com,0,1,0,0,0,0,0,0,1,1,1,0,1,1,0,1,0,0,0,1
https://www.ghpage.com,0,1,0,0,0,0,0,0,1,1,0,1,1,1,0,1,1,0,1,1
https://www.serialpix.com,0,1,0,0,0,0,0,0,1,1,1,1,1,1,0,1,1,0,1,1
http://43.134.240.146/v3/signin/identifier?dsh=s1544316811:1680102963930436&amp;continue=https://accounts.google.com/&amp;ifkv=aqmjq7soejqvqgbzt9s852m9zzwjh9ccr-_dszgiiivp1ucmwkmez1kqbmbgetynhoc0bvtvqdp65w&amp;flowname=glifwebsignin&amp;flowentry=servicelogin,1,1,0,1,1,1,1,0,0,1,0,0,1,0,0,0,0,0,0,0
http://www.fearlessprograms.com,0,0,0,0,0,0,0,0,1,0,0,0,0,0,0,0,0,0,0,0
https://www.deliverappy.co.uk,0,1,0,1,0,0,1,0,0,1,0,0,1,1,0,0,1,0,1,1
https://www.pediact.com,0,1,0,0,0,0,0,0,1,1,1,0,1,1,0,1,1,0,1,1
https://ipseehome.com,0,1,0,0,0,0,0,0,1,0,1,0,1,0,0,0,0,0,0,0
http://www.omgwowxisf.cf,0,0,0,0,0,0,0,0,0,1,0,0,0,0,0,0,0,0,0,0
https://www.petzel.com,0,1,0,0,0,0,0,0,1,1,1,0,0,1,0,1,1,0,1,1
http://www.petare.fr,0,0,0,0,0,0,0,0,0,1,0,0,0,0,0,0,0,0,0,0
http://www.webarh.com,0,0,0,0,0,0,0,0,1,0,0,0,0,0,0,0,0,0,0,0
https://www.thehomeandofficestores.co.uk,0,1,0,1,0,0,1,0,0,1,1,1,1,1,1,1,1,0,1,1
https://stvfertyk.firebaseapp.com/,0,1,0,0,0,0,1,0,1,1,0,0,1,0,0,0,0,0,0,0
https://hosting.myassistenzaclienti.net/pannelloadmin/aruba.it/aruba.it/aruba.it/aruba.it/aruba.it/aruba.it/aruba.it/aruba.it/,0,1,0,0,0,0,1,0,0,0,0,0,0,0,0,0,0,0,0,0
https://www.kulr8.com,0,1,0,0,0,0,0,0,1,1,0,1,1,1,0,1,1,0,1,1
https://maildinshaakckjnw240.firebaseapp.com/,0,1,0,0,0,0,1,0,1,1,0,0,1,0,0,0,0,0,0,0
https://www.thebiafratimes.co,0,1,0,0,0,0,0,0,0,1,1,0,0,0,0,1,1,0,1,1
https://www.stilettodash.com,0,1,0,0,0,0,0,0,1,1,0,0,1,0,0,1,1,0,1,1
https://www.aquariusgolfclub.co.uk,0,1,0,1,0,0,1,0,0,1,1,0,1,1,0,1,0,0,0,1
https://allegrrolsokldir.woodcswoopnesle.cf/?tranzakt39906,0,1,0,0,0,1,1,0,0,0,0,0,0,0,0,0,0,0,0,0
http://www.hermanna.ga,0,0,0,0,0,0,0,0,0,1,0,0,0,0,0,0,0,0,0,0
https://www.beerbooks.com,0,1,0,0,0,0,0,0,1,1,1,0,0,1,0,0,1,0,1,1
https://www.pods.com,0,1,0,0,0,0,0,0,1,1,1,1,0,1,0,1,1,1,1,1
http://www.3e98c5e2e712f2fc.xyz,0,0,0,0,0,0,0,0,0,0,0,0,0,0,0,0,0,0,0,0
http://www.outl00k.net,0,0,0,0,0,0,0,0,0,1,0,0,0,0,0,0,0,0,0,0
https://www.hellobar.com,0,1,0,0,0,0,0,0,1,1,0,1,1,0,0,0,0,0,1,1
https://francemsgcabc8.web.app/,0,1,0,0,0,0,1,0,0,1,0,0,1,0,0,0,0,0,0,0
https://plain-flower-47ee.u84799i09929.workers.dev/,0,1,0,1,0,0,1,0,0,1,0,1,1,0,0,0,0,0,0,0
http://www.zddwlmgpe.info,0,0,0,0,0,0,0,0,0,0,0,0,0,0,0,0,0,0,0,0
https://succesjuissif.web.app/,0,1,0,0,0,0,1,0,0,1,0,0,0,0,0,0,0,0,0,0
https://www.sbia.org,0,1,0,0,0,0,0,0,0,1,1,1,1,1,0,1,0,0,1,1
https://bt-107370.weeblysite.com/,0,1,0,0,0,0,1,0,1,1,1,0,1,0,0,0,0,0,0,0
https://www.cottonsisters.com,0,1,0,0,0,0,0,0,1,1,0,0,1,1,0,0,1,1,1,1
https://organisasi.bulungan.go.id/public/ir7wh01nmqqj4eyk3dovalbcqzzutxnl,0,1,0,1,0,0,1,0,0,1,0,0,0,0,0,0,0,0,0,0
https://www.jec.co.uk,0,1,0,1,0,0,1,0,0,1,1,0,1,1,0,1,0,0,1,1
https://www.york.gov.uk,0,1,0,1,0,0,1,0,0,1,1,1,1,1,0,1,1,0,1,1
http://www.hu.kg,0,0,0,0,0,0,0,0,0,1,0,0,0,0,0,0,0,0,0,0
https://www.cahill.com,0,1,0,0,0,0,0,0,1,1,1,0,1,1,0,1,0,0,1,1
http://www.altoinfor.co,0,0,0,0,0,0,0,0,0,1,0,0,0,0,0,0,0,0,0,0
https://peerlessbuilt.com/,0,1,0,0,0,0,1,0,1,0,0,0,0,0,0,0,0,0,0,0
http://www.dodotototata.publicvm.com,0,0,0,1,0,0,1,0,1,1,0,0,0,0,0,0,0,0,0,0
https://snivelinghomelystaff.45187tto.repl.co/index1.html,0,1,0,1,0,0,1,0,0,1,0,0,0,0,0,0,0,0,0,0
https://www.parmuziku.lv,0,1,0,0,0,0,0,0,0,1,1,0,1,0,1,1,1,0,1,1
https://mail.deliverylifesupport.com/public/ssffm0be2gohehtw6ie0ijqyhwvxhrix,0,1,0,0,0,0,1,0,1,1,0,0,0,0,0,0,0,0,0,0
https://www.lsce.ipsl.fr,0,1,0,1,0,0,1,0,0,1,0,0,1,1,0,0,1,0,0,1
https://www.fashiontubes.com,0,1,0,0,0,0,0,0,1,1,1,1,1,1,0,1,1,1,1,1
http://smartones.top,0,0,0,0,0,0,0,0,0,0,0,0,0,0,0,0,0,0,0,0
https://www.carsandracingstuff.com,0,1,0,0,0,0,0,0,1,1,1,0,0,1,0,0,0,0,0,1
https://www.rjchq.org,0,1,0,0,0,0,0,0,0,1,1,0,1,1,0,1,1,0,1,1
https://www.globalwoodmarketsinfo.com,0,1,0,0,0,0,0,0,1,1,0,1,1,0,0,1,1,0,1,1
https://www.advocate-online.net,0,1,0,0,0,0,1,0,0,1,0,1,1,0,0,0,1,0,1,1
https://www.morgancountycitizen.com,0,1,0,0,0,0,0,0,1,1,0,1,1,1,0,1,1,0,1,1
https://prueba--pruexaaa.repl.co/des/index.php,0,1,0,0,0,0,1,0,0,1,0,0,0,0,0,0,0,0,0,0
http://www.vhidstw.ga,0,0,0,0,0,0,0,0,0,1,0,0,0,0,0,0,0,0,0,0
http://www.db1.samuelblog.site,0,0,0,1,0,0,1,0,0,0,0,0,0,0,0,0,0,0,0,0
http://www.odecafe.com,0,0,0,0,0,0,0,0,1,1,0,0,0,0,0,0,0,0,0,0
https://www.paytr.com,0,1,0,0,0,0,0,0,1,1,0,1,0,0,0,1,1,0,1,1
http://www.surfwithease.com,0,0,0,0,0,0,0,0,1,0,0,0,0,0,0,0,0,0,0,0
https://www.tompidcock.co.uk,0,1,0,1,0,0,1,0,0,1,1,0,1,1,0,1,0,0,0,1
https://www.atac.roma.it,0,1,0,1,0,0,1,0,0,1,0,0,1,1,0,1,0,0,0,1
https://www.skepticblog.org,0,1,0,0,0,0,0,0,0,1,0,0,0,1,0,0,0,0,1,1
https://builderscenter.co.tz/,0,1,0,0,0,0,1,0,0,1,0,0,1,0,0,0,1,0,0,0
http://www.f0316480.xsph.ru,0,0,0,1,0,0,1,0,0,1,0,0,0,0,0,0,0,0,0,0
https://serviclientelsu2023.myclickfunnels.com/servickuentk,0,1,0,0,0,0,1,0,1,1,0,1,1,0,0,0,1,0,0,0
https://theroomdisconnect.com/web/otp.php,0,1,0,0,0,0,1,0,1,0,0,0,0,0,0,0,0,0,0,0
https://www.brandbazar.com,0,1,0,0,0,0,0,0,1,1,1,0,0,1,1,1,1,0,1,1
https://www.mniboats.com,0,1,0,0,0,0,0,0,1,1,0,1,1,1,0,1,1,1,1,1
http://roundcube000mondy04.web.app/,0,0,0,0,0,0,1,0,0,0,0,0,0,0,0,0,0,0,0,0
http://www.32a8-2a07-23c0-0-3000-00-625d.ngrok.io,0,0,0,1,0,0,1,0,0,0,0,0,0,0,0,0,0,0,0,0
http://www.azar-soft.ml,0,0,0,0,0,0,1,0,0,1,0,0,0,0,0,0,0,0,0,0
https://www.directededge.com,0,1,0,0,0,0,0,0,1,1,0,0,0,0,0,0,0,0,1,1
http://firstbaptistchurchofmiddletown.com/,0,0,0,0,0,0,1,0,1,1,1,0,1,0,0,0,0,0,1,0
https://www.appysmarts.com,0,1,0,0,0,0,0,0,1,1,1,0,1,1,0,1,1,0,1,1
https://gateway.ipfs.io/ipfs/bafybeiboyaek3ag2kvurcl4gy4cntezlavvnoe6rkrg7oj72jtyn3zrlru,0,1,0,0,0,0,1,0,0,0,0,0,0,0,0,0,0,0,0,0
https://maildinshaakckjnw623.web.app/,0,1,0,0,0,0,1,0,0,1,0,0,1,0,0,0,0,0,0,0
https://attverification-25.wixsite.com/my-site,0,1,0,0,0,0,1,0,1,1,0,1,1,1,0,0,0,0,0,0
http://www.msvqcywpwg.s3.eu-central-1.amazonaws.com,0,0,0,1,0,0,1,0,1,0,0,0,0,0,0,0,0,0,0,0
https://ipfs.io/ipfs/qmwfgvw6vmcwufbchhg8txsazjut8o2p7poalmmtsbs6ak,0,1,0,0,0,0,1,0,0,1,0,0,0,0,0,0,0,0,0,0
http://ch44505.tw1.ru/ddc5d1aeb8e3827/region.php?particulier#_ddc5d1aeb8e382708,0,0,0,0,0,1,1,0,0,1,0,0,0,0,0,0,0,0,0,0
http://www.accountforuser.website,0,0,0,0,0,0,0,0,0,0,0,0,0,0,0,0,0,0,0,0
http://www.comodo.world,0,0,0,0,0,0,0,0,0,1,0,0,1,0,0,0,0,0,0,0
https://www.thejapanshop.com,0,1,0,0,0,0,0,0,1,1,0,0,1,1,0,1,1,1,1,1
https://www.direct.smbo.reneeformals.com/ibg/client/home.php,0,1,0,1,0,0,1,0,1,0,0,0,0,0,0,0,0,0,0,0
http://www.nucleokardecistalace.org.br,0,0,0,1,0,0,1,0,0,0,0,0,0,0,0,0,0,0,0,0
https://www.parcelpending.com,0,1,0,0,0,0,0,0,1,1,0,1,1,1,0,1,0,0,1,1
https://www.disfrutaviena.com,0,1,0,0,0,0,0,0,1,1,1,1,1,1,0,1,0,0,1,1
https://www.sos-parents-japan.org,0,1,0,0,0,0,1,0,0,1,0,1,1,0,0,1,0,0,1,1
https://www.neurosurgeon.org,0,1,0,0,0,0,0,0,0,1,1,0,1,0,0,1,1,1,1,1
http://www.dsefsq234.s3.eu-central-1.amazonaws.com,0,0,0,1,0,0,1,0,1,0,0,0,0,0,0,0,0,0,0,0
https://step5-62e6a.firebaseapp.com/,0,1,0,0,0,0,1,0,1,0,0,0,0,0,0,0,0,0,0,0
https://79370660-8d8d-428d-9991-d9bef66b2032.id.repl.co/,0,1,0,1,0,0,1,0,0,1,0,0,1,0,0,0,1,1,0,0
https://www.bhg.com.au,0,1,0,1,0,0,1,0,0,1,1,1,1,1,0,1,1,0,1,1
https://ipfs.io/ipfs/qmctjbmhujdpwqcjadmj1s9wz2eah7rjqswm3yzr1v6s65?filename=index.htm,0,1,0,0,1,1,1,0,0,0,0,0,1,0,0,0,1,1,0,0
https://www.medpac.gov,0,1,0,0,0,0,0,0,0,1,1,1,1,0,0,1,1,0,1,1
https://maildinshaakckjnw136.firebaseapp.com/,0,1,0,0,0,0,1,0,1,1,0,0,1,0,0,0,0,0,0,0
http://www.apjgtipty.com,0,0,0,0,0,0,0,0,1,0,0,0,0,0,0,0,0,0,0,0
http://www.wildcard.repeta.com.au,0,0,0,1,0,0,1,0,0,0,0,0,0,0,0,0,0,0,0,0
http://www.cabans.com,0,0,0,0,0,0,0,0,1,1,0,0,0,0,0,0,0,0,0,0
https://ayq7-mks7.web.app/,0,1,0,0,0,0,1,0,0,1,0,0,1,0,0,0,0,0,0,0
http://www.theappanalytics.com,0,0,0,0,0,0,0,0,1,0,0,1,0,0,0,0,0,0,0,0
https://www.cerego.com,0,1,0,0,0,0,0,0,1,1,1,0,1,1,0,1,0,0,1,1
https://www.mosers.org,0,1,0,0,0,0,0,0,0,1,1,0,1,0,0,1,0,0,1,1
https://www.kmu.edu.tw,0,1,0,1,0,0,1,0,0,1,0,0,1,1,0,0,0,0,1,1
https://www.otocikma.com,0,1,0,0,0,0,0,0,1,1,1,0,1,1,0,1,1,0,1,1
http://www.lacagstore.net,0,0,0,0,0,0,0,0,0,0,0,0,0,0,0,0,0,0,0,0
https://www.merillat.com,0,1,0,0,0,0,0,0,1,1,1,0,0,1,0,1,1,0,1,1
https://www.millichronicle.com,0,1,0,0,0,0,0,0,1,1,0,1,1,0,0,1,1,0,1,1
https://66494acc-fc1d-4145-b591-2ec2128d357d.id.repl.co/,0,1,0,1,0,0,1,0,0,1,0,0,0,0,0,0,0,0,0,0
https://www.jato.com,0,1,0,0,0,0,0,0,1,1,1,1,1,1,0,1,0,0,1,1
https://www.nggovernorsforum.org,0,1,0,0,0,0,0,0,0,1,0,0,1,0,0,1,1,0,1,1
https://locateme.co.nz/wp-content/jam/ichiemagiksouthwest123.html,0,1,0,0,0,0,1,0,0,1,0,1,0,0,0,0,0,1,1,0
http://www.getvonline.com,0,0,0,0,0,0,0,0,1,1,0,0,0,0,0,0,0,0,0,0
http://www.mellowads.com,0,0,0,0,0,0,0,0,1,1,0,0,0,0,0,0,0,0,0,0
https://accslabaquep0syleshdjmo8-comfr.web.app/,0,1,0,0,0,0,1,0,0,1,0,0,1,0,0,0,0,0,0,0
https://account-under-review-100291.web.app/,0,1,0,0,0,0,1,0,0,1,0,1,0,0,0,0,0,0,1,0
http://www.szdamuzhi.com,0,0,0,0,0,0,0,0,1,0,0,0,0,0,0,0,0,0,0,0
https://www.visitbritain.org,0,1,0,0,0,0,0,0,0,1,1,0,1,0,0,1,1,0,1,1
https://www.alemarahenglish.af,0,1,0,0,0,0,0,0,0,1,0,1,1,0,0,1,1,1,1,1
https://www.aarhusarkivet.dk,0,1,0,0,0,0,0,0,0,1,1,0,1,0,0,1,1,0,0,1
http://www.suxjweyfz.ga,0,0,0,0,0,0,0,0,0,1,0,0,0,0,0,0,0,0,0,0
https://www.ww2wrecks.com,0,1,0,0,0,0,0,0,1,1,0,0,1,0,0,0,1,0,1,1
https://vesrsionpluspropre.firebaseapp.com/,0,1,0,0,0,0,1,0,1,1,0,0,0,0,0,0,0,0,0,0
http://www.csp.google-com.online,0,0,0,1,0,0,1,0,0,1,1,1,0,0,0,0,0,0,0,0
https://www.messianic-literary.com,0,1,0,0,0,0,1,0,1,1,1,0,1,1,0,1,0,0,0,1
http://www.automobile.x4host.eu,0,0,0,1,0,0,1,0,0,1,1,0,1,0,0,1,0,0,1,0
http://129.226.211.41/interactivelogin?continue=https://accounts.google.com/?&amp;followup=https://accounts.google.com/?&amp;passive=1209600&amp;xrealip=35.203.245.183&amp;ifkv=awnoghdfhqsmbgdn2jqdztauezogo3ta9edlvbp5fzj7mzuxiybduygch2xynxg_9hip-_gd6wi-fa,1,1,0,1,1,1,1,0,0,1,0,0,0,0,0,0,0,0,0,0
https://www.southernladyestates.com,0,1,0,0,0,0,0,0,1,1,0,0,1,1,0,0,1,0,1,1
http://www.easydns.com,0,0,0,0,0,0,0,0,1,1,0,0,0,0,0,0,0,0,0,0
https://www.botherm.nl,0,1,0,0,0,0,0,0,0,1,0,0,1,1,0,1,0,0,1,1
http://cashappofficial.com/,0,0,0,0,0,0,1,0,1,1,0,0,1,1,0,0,0,0,0,0
http://bafybeihypqbbinr32aftiv2pr2awyr5gm6koqzfpd3og6xriulzo6vcczq.ipfs.w3s.link/,0,0,0,1,0,0,1,0,0,0,0,0,0,0,0,0,0,0,0,0
http://www.ipv4.windowsupdate.authorizeddns.org,0,0,0,1,0,0,1,0,0,1,0,0,0,0,0,0,0,0,0,0
http://www.remot-hell.ml,0,0,0,0,0,0,1,0,0,1,0,0,0,0,0,0,0,0,0,0
https://www.poolit.org,0,1,0,0,0,0,0,0,0,1,0,0,1,0,0,1,1,0,1,1
https://gateway.ipfs.io/ipfs/bafybeietdwmnpnial6v6t4fxcbkfcqtjqipbrow4zicitoo453fclsam6i,0,1,0,0,0,0,1,0,0,1,0,0,0,0,0,0,0,0,0,0
https://fb-restriction-case-1f044.web.app/,0,1,0,0,0,0,1,0,0,1,0,0,1,0,0,0,0,0,0,0
https://fqvepostles.firebaseapp.com/,0,1,0,0,0,0,1,0,1,1,0,0,0,0,0,0,0,0,0,0
http://www.britelens.com,0,0,0,0,0,0,0,0,1,1,0,0,1,0,0,0,0,0,0,0
https://www.katstayspolished.com,0,1,0,0,0,0,0,0,1,1,1,0,0,0,0,1,0,0,1,1
https://bolivia--weqweqw22.repl.co/,0,1,0,0,0,0,1,0,0,1,0,0,0,0,0,0,0,0,0,0
https://www.asiasocietymuseum.com,0,1,0,0,0,0,0,0,1,1,0,0,0,0,0,0,0,0,1,1
https://www.findafabric.com.au,0,1,0,1,0,0,1,0,0,1,1,0,1,1,0,1,1,0,1,1
https://www.bergenpac.org,0,1,0,0,0,0,0,0,0,1,1,0,1,1,0,1,1,0,1,1
http://sicqaumyeg.duckdns.org,0,0,0,0,0,0,1,0,0,0,0,0,0,0,0,0,0,0,0,0
https://www.rnsubs.co.uk,0,1,0,1,0,0,1,0,0,1,1,1,0,1,0,1,1,0,1,1
https://bafkreifver5zuztljmlyg4mpmhlprvxpnf3wd6src35cd6cmjnjqxzkm54.ipfs.dweb.link/,0,1,0,1,0,0,1,0,0,0,0,0,0,0,0,0,0,0,0,0
https://passionateintrepidrepo.pghe37483.repl.co,0,1,0,1,0,0,1,0,0,1,0,0,0,0,0,0,0,0,0,0
https://www.mqtt-dashboard.com,0,1,0,0,0,0,1,0,1,1,0,0,0,1,0,0,0,0,0,1
https://r0m.9dd.myftpupload.com/pagomente/recibir_paquete.php,0,1,0,1,0,0,1,0,1,0,0,0,0,0,0,0,0,0,0,0
https://controledom01.firebaseapp.com/,0,1,0,0,0,0,1,0,1,1,0,0,1,0,0,0,0,0,0,0
https://www.soeme.com,0,1,0,0,0,0,0,0,1,0,0,0,0,0,0,0,0,0,0,0
https://aol65.godaddysites.com/,0,1,0,0,0,0,1,0,1,1,0,0,1,0,0,0,0,0,0,0
https://laurencebonin.wixsite.com/uftedubr,0,1,0,0,0,0,1,0,1,1,0,1,1,1,0,0,0,0,0,0
https://www.omranstudies.org,0,1,0,0,0,0,0,0,0,1,0,0,1,1,0,1,1,0,1,1
https://storageapi.fleek.co/0652a24b-c0d4-416b-b85f-2ad34515c5ba-bucket/faktura/europe.html,0,1,0,0,0,0,1,0,0,1,0,0,1,0,0,0,0,1,1,0
https://gateway.pinata.cloud/ipfs/qmrdlzdythwupqnz3nyns2qijwujryij2scwxy8b6p3szf?_gl=1%2az1xyz8%2ars_ga%2anzy4ntiyymytnzfmmi00m2fhltg1mjgtmwqymgi0mzy3zdaz%2ars_ga_5rmpxg14te%2amty4mjkwntczos4xns4wlje2od...,0,1,0,0,1,1,1,0,0,0,0,0,0,0,0,0,0,0,0,0
http://www.mirzadihatti.com,0,0,0,0,0,0,0,0,1,0,0,0,0,0,0,0,0,0,0,0
https://www.kbshomeservice.com,0,1,0,0,0,0,0,0,1,1,1,0,1,1,0,1,1,0,1,1
https://www.lascrucesbulletin.com,0,1,0,0,0,0,0,0,1,1,1,0,1,1,0,1,1,0,1,1
https://www.whistlemuseum.com,0,1,0,0,0,0,0,0,1,1,0,0,1,0,0,0,1,0,1,1
https://www.loket.nl,0,1,0,0,0,0,0,0,0,1,1,0,1,1,0,1,1,0,1,1
https://www.24hourfitness.com,0,1,0,0,0,0,0,0,1,1,1,0,1,1,0,1,0,0,1,1
https://www.thisistheplace.org,0,1,0,0,0,0,0,0,0,1,1,0,1,1,0,1,0,0,1,1
http://www.surfacesupplierscanada.com,0,0,0,0,0,0,0,0,1,1,0,0,1,0,0,0,0,0,0,0
http://www.securemail.blocktrail.com,0,0,0,1,0,0,1,0,1,1,0,0,0,0,0,0,0,0,0,0
https://www.rowperfect.co.uk,0,1,0,1,0,0,1,0,0,1,1,1,1,0,1,1,1,0,1,1
https://www.emaratyah.ae,0,1,0,0,0,0,0,0,0,1,1,1,1,1,0,1,1,0,1,1
https://www.resources.immobiliarecaserio.com,0,1,0,1,0,0,1,0,1,1,0,0,1,0,0,1,0,0,1,1
http://pxqqvjvnta.duckdns.org/,0,0,0,0,0,0,1,0,0,1,0,0,1,0,0,0,0,0,0,0
http://www.anketkurumsal.xyz,0,0,0,0,0,0,0,0,0,1,0,1,0,1,0,0,0,0,0,0
https://www.akg.com,0,1,0,0,0,0,0,0,1,1,1,0,1,1,0,1,1,1,1,1
https://www.strainer.jp,0,1,0,0,0,0,0,0,0,1,1,0,1,1,0,0,0,0,1,1
https://www.ncsddc.org,0,1,0,0,0,0,0,0,0,1,1,1,1,1,0,1,1,0,1,1
https://www.iteration-mobile.com,0,1,0,0,0,0,1,0,1,1,0,1,1,0,0,1,1,0,1,1
https://www.stevemartin.com,0,1,0,0,0,0,0,0,1,1,1,0,1,1,0,1,0,0,1,1
https://www.webbie.org.uk,0,1,0,1,0,0,1,0,0,1,1,0,1,1,0,0,0,0,0,1
https://long-scene-2736.fw9vaij2ut.workers.dev/,0,1,0,1,0,0,1,0,0,0,0,0,0,0,0,0,0,0,0,0
https://ipfs.io/ipfs/bafkreiguyxmlc3aclnp7qud7ks2jznadfnwgphxzss46hifjam6nzy6isq,0,1,0,0,0,0,1,0,0,1,0,0,1,0,0,0,0,1,1,0
https://www.vorstelijkbaarn.nl,0,1,0,0,0,0,0,0,0,1,1,1,1,1,0,1,0,0,0,1
https://www.zucchero.it,0,1,0,0,0,0,0,0,0,1,1,0,1,0,0,1,1,1,1,1
https://www.viktoria1904.de,0,1,0,0,0,0,0,0,0,1,1,0,1,1,0,1,1,0,1,1
https://www.joehadeed.com,0,1,0,0,0,0,0,0,1,1,1,1,1,1,0,1,1,0,1,1
https://www.comec.org.uk,0,1,0,1,0,0,1,0,0,1,1,1,1,1,0,0,0,0,1,1
http://www.biocareremedies.in,0,0,0,0,0,0,0,0,0,1,0,0,0,0,0,0,0,0,0,0
https://www.metisnation.org,0,1,0,0,0,0,0,0,0,1,1,1,1,1,0,1,1,0,1,1
https://www.topjoyflooring.com,0,1,0,0,0,0,0,0,1,1,0,0,1,1,0,1,1,0,0,1
http://www.2aobo.com,0,0,0,0,0,0,0,0,1,1,0,0,1,0,0,0,0,0,0,0
http://www.code.yqw88.com,0,0,0,1,0,0,1,0,1,1,0,0,0,0,0,0,0,0,0,0
https://www.pcrm.org,0,1,0,0,0,0,0,0,0,1,1,0,1,1,0,1,0,0,1,1
https://att-103800.weeblysite.com/,0,1,0,0,0,0,1,0,1,1,1,0,1,0,0,0,0,0,0,0
https://www.alicejamesbooks.org,0,1,0,0,0,0,0,0,0,1,1,0,1,1,0,1,1,0,1,1
https://www.penandhive.com,0,1,0,0,0,0,0,0,1,1,1,0,0,0,0,1,1,0,1,1
https://www.ifabric.com,0,1,0,0,0,0,0,0,1,1,0,0,1,1,0,1,1,1,1,1
https://linklist.bio/atualizando?gclid=eaiaiqobchmi5nc1vs6s_qivpbxuar3yzaheeaayasaaegjztfd_bwe,0,1,0,0,1,1,1,0,0,1,1,0,1,1,0,0,1,0,0,0
https://www.elhistoriador.com.ar,0,1,0,1,0,0,1,0,0,1,0,1,1,0,0,1,1,0,1,1
https://www.asw.ro,0,1,0,0,0,0,0,0,0,1,1,1,1,1,1,1,1,0,1,1
https://www.taijichenoderzo.it,0,1,0,0,0,0,0,0,0,1,1,1,1,1,0,1,0,1,0,1
http://banco-santander51.es.swtest.ru/09.12/,0,0,0,1,0,0,1,0,0,1,1,0,1,1,0,0,1,1,0,0
http://www.franceholidayapartments.com,0,0,0,0,0,0,0,0,1,0,0,0,0,0,0,0,0,0,0,0
http://member.garane.vn/lu01rb6aieygudeuwzh0nqzqginh94ukaamuxg8wdhg4fjwnwfw5tfpskrhumrgcyremjavqmzrvol6vlasiyxki9luuzb2jctgd_index,0,0,0,0,0,0,1,0,0,1,0,0,1,0,0,0,0,0,1,0
http://jio.dopinion.link,0,0,0,0,0,0,1,0,0,1,0,0,1,1,0,0,0,0,0,0
http://tridentdao-free.xyz,0,0,0,0,0,0,1,0,0,1,0,0,0,0,0,0,0,0,0,0
https://dbs-my.com/login,0,1,0,0,0,0,1,0,1,1,0,0,1,0,0,0,1,1,0,0
https://www.codeage.com,0,1,0,0,0,0,0,0,1,1,1,0,1,1,0,1,0,1,1,1
https://www.fabulaa.app,0,1,0,0,0,0,0,0,0,1,1,0,1,1,0,1,0,0,1,1
https://www.thearmorylife.com,0,1,0,0,0,0,0,0,1,1,1,1,1,1,1,1,1,0,1,1
https://www.pepitesdamour.com,0,1,0,0,0,0,0,0,1,1,1,1,1,1,0,1,1,0,1,1
http://icloud-lost.online/,0,0,0,0,0,0,1,0,0,1,0,0,0,0,0,0,0,0,0,0
https://gateway.pinata.cloud/ipfs/bafybeibj2ijzpuwdak3ydwlifncklhv2nic2dahxw2v23lpv3s7e774x3a,0,1,0,0,0,0,1,0,0,0,0,0,0,0,0,0,0,0,0,0
http://yateseducation.com/,0,0,0,0,0,0,0,0,1,0,0,0,0,0,0,0,0,0,0,0
https://www.reachtheapp.com,0,1,0,0,0,0,0,0,1,1,1,0,1,1,0,1,0,0,1,1
http://www.market.newtrendmicro.com,0,0,0,1,0,0,1,0,1,0,0,0,0,0,0,0,0,0,0,0
https://www.solydxk.com,0,1,0,0,0,0,0,0,1,1,1,0,1,1,0,0,0,0,0,1
https://www.riknews.com.cy,0,1,0,1,0,0,1,0,0,1,1,0,0,1,0,1,1,0,1,1
https://www.wcpinst.org,0,1,0,0,0,0,0,0,0,1,1,1,1,1,0,1,1,0,1,1
http://www.in-tech.com,0,0,0,0,0,0,1,0,1,1,0,0,0,0,0,0,0,0,0,0
https://www.niagaracc.suny.edu,0,1,0,1,0,0,1,0,0,1,1,1,1,1,0,1,0,0,1,1
https://www.andrebreton.fr,0,1,0,0,0,0,0,0,0,1,1,0,1,0,0,0,1,1,0,1
https://www.avidpup.com,0,1,0,0,0,0,0,0,1,1,0,1,1,1,0,1,1,0,1,1
https://www.review-mag.com,0,1,0,0,0,0,1,0,1,1,1,0,1,1,0,1,0,1,1,1
https://www.stopblablacam.com,0,1,0,0,0,0,0,0,1,1,1,0,1,1,0,1,1,0,0,1
http://alter-ed.com.ng/wells_fargo/login.php?id=signin547507691128b66525cc28ff2,0,0,0,0,1,1,1,0,0,1,0,1,0,1,0,0,1,1,1,0
http://www.nergy.ca,0,0,0,0,0,0,0,0,0,1,0,0,0,0,0,0,0,0,0,0
http://www.mofiaweb.com,0,0,0,0,0,0,0,0,1,0,0,0,0,0,0,0,0,0,0,0
https://www.parallelparliament.co.uk,0,1,0,1,0,0,1,0,0,1,1,0,1,1,0,0,1,0,0,1
http://www.ass0.fr,0,0,0,0,0,0,0,0,0,0,0,0,0,0,0,0,0,0,0,0
https://www.celebrationofbooksmaleny.com,0,1,0,0,0,0,0,0,1,1,0,0,1,0,0,0,0,0,0,0
https://www.pokerfans.jp,0,1,0,0,0,0,0,0,0,1,1,0,1,1,0,0,1,0,1,1
https://www.squamish.net,0,1,0,0,0,0,0,0,0,1,1,1,1,0,0,1,1,0,1,1
https://ipfs.io/ipfs/qmyx8rvrjqa3xe8szckxdc7hefpkkcb4a5vk7fxt1ftkk9,0,1,0,0,0,0,1,0,0,1,0,0,0,0,0,0,0,0,0,0
https://www.mcconnell.af.mil,0,1,0,1,0,0,1,0,0,1,1,1,1,0,0,1,0,0,0,1
https://www.neuronsnotincluded.com,0,1,0,0,0,0,0,0,1,1,1,0,1,1,0,1,1,1,1,1
http://bafybeid3lqtonezjssy3u52e2codl4yoqwbjft5slj3uswjefqptwqfr7a.ipfs.dweb.link/86.html,0,0,0,1,0,0,1,0,0,1,0,0,0,0,0,0,0,0,0,0
https://www.goldcoasttickets.com,0,1,0,0,0,0,0,0,1,1,1,0,1,0,0,0,1,0,1,1
http://www.fibvdk77pp.s3.us-east-1.amazonaws.com,0,0,0,1,0,0,1,0,1,0,0,0,0,0,0,0,0,0,0,0
https://www.adiatis.be,0,1,0,0,0,0,0,0,0,1,1,1,1,1,0,1,1,1,1,1
http://www.uzelkapi.com,0,0,0,0,0,0,0,0,1,0,0,0,0,0,0,0,0,0,0,0
http://www.yurongshipin.com,0,0,0,0,0,0,0,0,1,1,0,0,0,1,0,0,0,0,0,0
https://www.gpsworld.com,0,1,0,0,0,0,0,0,1,1,1,0,1,1,0,1,1,0,1,1
http://prairiecreekretrievers.com/,0,0,0,0,0,0,1,0,1,0,0,0,0,0,0,0,0,0,0,0
https://uphuldlog-uaxz.godaddysites.com/,0,1,0,0,0,0,1,0,1,1,1,0,1,1,0,0,1,0,1,0
https://cutt.ly/bperwebaccedi,0,1,0,0,0,0,1,0,0,0,0,0,0,0,0,0,0,0,0,0
https://www.techzine.nl,0,1,0,0,0,0,0,0,0,1,0,1,1,1,0,1,1,1,1,1
https://www.mypalgodrecords.com,0,1,0,0,0,0,0,0,1,1,1,0,0,1,0,0,0,0,1,1
http://www.cutedly.nowurl.fun,0,0,0,1,0,0,1,0,0,1,0,0,0,0,0,0,0,0,0,0
http://www.metamaskio.net,0,0,0,0,0,0,0,0,0,1,0,0,1,0,0,0,0,0,0,0
https://www.hindleys.com,0,1,0,0,0,0,0,0,1,1,1,1,1,0,0,0,1,0,1,1
http://bokep-10grub72451.shinigammi.social/vhsfhqpdhdsih6/,0,0,0,0,0,0,1,0,0,1,0,0,1,0,0,0,0,0,1,0
https://www.thebinghamdiaries.com,0,1,0,0,0,0,0,0,1,1,1,0,0,0,0,1,1,0,0,1
http://www.rosebird.org,0,0,0,0,0,0,0,0,0,0,0,0,0,0,0,0,0,0,0,0
http://www.hello.tyvbxdobr0.workers.dev,0,0,0,1,0,0,1,0,0,0,0,0,0,0,0,0,0,0,0,0
https://ancient-mud-a694.6u9v6mf8.workers.dev/,0,1,0,1,0,0,1,0,0,0,0,0,0,0,0,0,0,0,0,0
http://www.naratymena.com,0,0,0,0,0,0,0,0,1,0,0,0,0,0,0,0,0,0,0,0
https://www.compstonkitchen.com,0,1,0,0,0,0,0,0,1,1,0,1,1,1,1,1,1,0,1,1
https://docs.google.com/presentation/d/e/2pacx-1vtsbann5mc14g2zf3vlvespjun61ir9ujz9iybhbo4jnunfy6x4lbgm9cfi-lu0aflg1c6gvjvu37iu/pub?start=false&loop=false&delayms=3000,0,1,0,0,1,1,1,0,1,1,1,0,1,0,0,0,0,0,1,0
https://www.moca-news.net,0,1,0,0,0,0,1,0,0,1,1,0,1,1,0,0,0,0,1,1
https://www.geek-pride.co.uk,0,1,0,1,0,0,1,0,0,1,0,1,1,0,1,1,1,1,1,1
https://www.calumetinn.com,0,1,0,0,0,0,0,0,1,1,0,0,1,1,0,0,0,0,0,1
http://u1939948.cp.regruhosting.ru/,0,0,0,1,0,0,1,0,0,1,1,0,1,0,0,0,0,0,1,0
https://attloginpagemailboxatt.square.site/,0,1,0,0,0,0,1,0,0,1,0,0,0,0,0,0,0,0,0,0
https://www.matchisland.com,0,1,0,0,0,0,0,0,1,1,1,0,1,0,0,1,0,0,0,1
https://delay-is-temporary-2753f.firebaseapp.com/,0,1,0,0,0,0,1,0,1,0,0,0,0,0,0,0,0,0,0,0
http://www.transozirassion-macrogalepalike.com,0,0,0,0,0,0,1,0,1,0,0,0,0,0,0,0,0,0,0,0
https://tribelio.page/communitystandardalert,0,1,0,0,0,0,1,0,0,1,1,0,1,0,0,0,0,0,0,0
http://www.phochain.com,0,0,0,0,0,0,0,0,1,0,0,0,0,0,0,0,0,0,0,0
https://www.diannecassidyconsulting.com,0,1,0,0,0,0,0,0,1,1,1,1,1,1,0,1,1,1,0,1
http://www.dssct.net,0,0,0,0,0,0,0,0,0,1,0,0,0,0,0,0,0,0,0,0
https://www.tanookilabs.com,0,1,0,0,0,0,0,0,1,1,1,0,0,1,0,1,1,0,1,1
http://www.qpragpmmbglnkk.in,0,0,0,0,0,0,0,0,0,0,0,0,0,0,0,0,0,0,0,0
https://hlghu5ac9t.web.app/,0,1,0,0,0,0,1,0,0,1,0,0,1,0,0,0,0,0,0,0
https://www.ahip.org,0,1,0,0,0,0,0,0,0,1,1,1,1,1,0,1,1,0,1,1
https://dark-smoke-05a0.ptqhwakyeq.workers.dev/,0,1,0,1,0,0,1,0,0,0,0,0,0,0,0,0,0,0,0,0
https://www.applethoughts.com,0,1,0,0,0,0,0,0,1,1,1,0,0,1,0,1,1,0,1,1
https://cmacpiura.com/,0,1,0,0,0,0,0,0,1,1,0,0,0,0,0,0,0,0,0,0
http://www.here-for-more.info,0,0,0,0,0,0,1,0,0,0,0,0,0,0,0,0,0,0,0,0
https://www.xn--80aegenem4a3c.xn--p1ai/admin/controller/extension/extension/3mttb/index.php,0,1,0,0,0,0,1,0,0,1,0,0,1,0,0,0,1,1,1,0
https://www.cfg.org.uk,0,1,0,1,0,0,1,0,0,1,1,1,1,0,0,1,1,0,1,1
https://infura-ipfs.io/ipfs/qmt5qwneksi8kuqyeeq73bmhcsem4ypivjqudwe4efxof6,0,1,0,0,0,0,1,0,0,0,0,0,0,0,0,0,0,0,0,0
http://www.cnc.dontcatch.us,0,0,0,1,0,0,1,0,0,0,0,0,0,0,0,0,0,0,0,0
https://kuciys-lgin.godaddysites.com/,0,1,0,0,0,0,1,0,1,1,0,0,1,0,0,0,0,0,0,0
http://www.ddnsfree.com,0,0,0,0,0,0,0,0,1,1,0,0,0,0,0,0,0,0,0,0
https://www.one.gob.do,0,1,0,1,0,0,1,0,0,1,0,0,1,1,0,1,1,0,0,1
https://treisdg.jungleheart.com/,0,1,0,0,0,0,1,0,1,1,0,0,1,0,0,0,0,0,0,0
https://cloudflare-ipfs.com/ipfs/qmpj7tiruvryjbbetf99zvbpnw1zmqj2qnr3bmwlb5kk7h,0,1,0,0,0,0,1,0,1,0,0,0,0,0,0,0,0,0,0,0
http://88.198.7.211/wp-content/uploads/wp-file-manager-pro/fr1234/auth/identifiant.php?sid/wsost/ostbrokerweb/auth,1,0,0,1,0,1,1,0,0,1,0,0,0,0,0,0,0,0,0,0
https://www.focalboard.com,0,1,0,0,0,0,0,0,1,1,1,0,1,0,0,1,0,0,1,1
https://www.regmurcia.com,0,1,0,0,0,0,0,0,1,1,0,0,0,1,0,1,0,0,1,1
https://hdsxd1.firebaseapp.com/,0,1,0,0,0,0,1,0,1,1,0,0,1,0,0,0,0,0,0,0
https://www.wineradar.ru,0,1,0,0,0,0,0,0,0,1,1,1,1,1,0,0,0,0,1,1
http://www.atomi.beeppool.org,0,0,0,1,0,0,1,0,0,0,0,0,0,0,0,0,0,0,0,0
http://bit.ly/3lk9gt6,0,0,0,0,0,0,1,0,0,1,0,0,0,0,0,0,0,0,0,0
http://hedefpanel.net/,0,0,0,0,0,0,0,0,0,0,0,0,0,0,0,0,0,0,0,0
https://sites.google.com/view/soeyankandi5/bt-business,0,1,0,0,0,0,1,0,1,0,0,0,0,0,0,0,0,0,0,0
http://www.globalpaymentportal.co,0,0,0,0,0,0,0,0,0,0,0,0,0,0,0,0,0,0,0,0
https://www.jewishgen.org,0,1,0,0,0,0,0,0,0,1,0,0,1,0,0,1,1,0,1,1
https://www.berkeleysymphony.org,0,1,0,0,0,0,0,0,0,1,0,1,1,1,0,1,1,0,1,1
https://aol-106784.weeblysite.com/,0,1,0,0,0,0,1,0,1,1,1,0,1,0,0,0,0,0,0,0
https://hd20-gh2-nm.firebaseapp.com/,0,1,0,0,0,0,1,0,1,1,0,0,1,0,0,0,0,0,0,0
https://impotfrancedossier.arkanirbana.com/impots-gouv/clients/,0,1,0,0,0,0,1,0,1,1,0,0,1,0,0,0,1,1,0,0
http://www.fr.duamlive.com,0,0,0,1,0,0,1,0,1,0,0,0,0,0,0,0,0,0,0,0
https://www.setsnail.com,0,1,0,0,0,0,0,0,1,1,1,0,1,0,0,1,0,0,0,1
http://www.index01.com,0,0,0,0,0,0,0,0,1,0,0,0,0,0,0,0,0,0,0,0
https://www.academia.org.br,0,1,0,1,0,0,1,0,0,1,0,0,1,0,0,1,1,0,0,1
https://www.thehighlandersmuseum.com,0,1,0,0,0,0,0,0,1,1,1,1,1,0,0,1,1,0,1,1
https://www.kona-ice.com,0,1,0,0,0,0,1,0,1,1,0,0,1,0,0,1,1,0,0,1
https://www.teachmint.com,0,1,0,0,0,0,0,0,1,1,0,0,1,1,0,1,1,0,1,1
https://upgradeneeded50.wixsite.com/my-site,0,1,0,0,0,0,1,0,1,1,0,1,1,1,0,0,0,0,0,0
https://www.fact.com.pk,0,1,0,1,0,0,1,0,0,1,1,0,0,1,0,1,1,0,1,1
http://mail.deliverylifesupport.com/public/t7hgqdb8x8cy9oj7nxzwym6v4kbh8wrm,0,0,0,0,0,0,1,0,1,1,0,0,0,0,0,0,0,0,0,0
https://www-camaddalena-it.usrfiles.com/html/0e472f_4d9b2a88f72eb4191a8eb158b004ca1f.html,0,1,0,0,0,0,1,0,1,0,0,0,0,0,0,0,0,0,0,0
https://myattverification.wixsite.com/my-site,0,1,0,0,0,0,1,0,1,1,0,1,1,1,0,0,0,0,0,0
https://www.artscentre.org.nz,0,1,0,1,0,0,1,0,0,1,1,0,1,0,1,1,1,0,1,1
http://www.patjam.com,0,0,0,0,0,0,0,0,1,0,0,0,0,0,0,0,0,0,0,0
https://www.wpsmartcontracts.com,0,1,0,0,0,0,0,0,1,1,0,0,1,1,0,1,0,0,1,1
https://www.huntleyequestrian.com,0,1,0,0,0,0,0,0,1,1,1,1,0,1,0,1,1,1,0,1
https://payfasttrust.firebaseapp.com/,0,1,0,0,0,0,1,0,1,0,0,0,0,0,0,0,0,0,0,0
https://www.stodels.com,0,1,0,0,0,0,0,0,1,1,1,1,1,0,0,0,1,0,1,1
https://www.idigbio.org,0,1,0,0,0,0,0,0,0,1,0,0,1,0,0,1,1,1,1,1
https://siddharthface.000webhostapp.com/,0,1,0,0,0,0,1,0,1,1,1,0,0,0,0,0,0,0,0,0
https://m.t6755.com/?code=20131,0,1,0,0,1,1,1,0,1,1,0,0,0,0,0,0,0,0,0,0
https://www.mailthis.to,0,1,0,0,0,0,0,0,0,1,0,0,0,0,0,0,1,0,1,1
https://www.theater-magdeburg.de,0,1,0,0,0,0,1,0,0,1,1,0,1,0,0,1,0,0,1,1
http://www.ralphhirmann.com,0,0,0,0,0,0,0,0,1,0,0,0,0,0,0,0,0,0,0,0
https://kontoswisspass-hilfe.siterubix.com/img/id/pass/index.html,0,1,0,0,0,0,1,0,1,1,0,0,0,0,0,0,0,0,0,0
https://raspy-lake-1fdf.glglhdlhb5.workers.dev/,0,1,0,1,0,0,1,0,0,0,0,0,0,0,0,0,0,0,0,0
https://www.godofshamisen.com,0,1,0,0,0,0,0,0,1,1,0,0,0,1,0,1,0,0,0,1
https://www.hsbc.com.hk,0,1,0,1,0,0,1,0,0,1,1,0,1,1,0,0,0,0,1,1
https://www.citymuseumdc.org,0,1,0,0,0,0,0,0,0,1,0,1,1,0,0,1,0,0,1,1
https://www.jfa.jp,0,1,0,0,0,0,0,0,0,1,0,0,1,1,0,1,0,0,1,1
http://www.assessment.mojochamps.com,0,0,0,1,0,0,1,0,1,0,0,0,0,0,0,0,0,0,0,0
https://www.jillschafer.com,0,1,0,0,0,0,0,0,1,1,0,1,1,1,0,1,1,0,1,1
https://www.feedsyouneed.com,0,1,0,0,0,0,0,0,1,1,0,0,1,0,0,0,1,0,1,1
http://www.namesti.bee.pl,0,0,0,1,0,0,1,0,0,0,0,0,0,0,0,0,0,0,0,0
https://www.millersatwork.com,0,1,0,0,0,0,0,0,1,1,0,0,1,1,0,1,0,0,1,1
https://www.severorivera.com,0,1,0,0,0,0,0,0,1,1,0,1,1,0,0,1,1,0,1,1
https://0fb1ff6c-0d0a-4af3-a11b-7a4b975df588.id.repl.co,0,1,0,1,0,0,1,0,0,1,0,0,0,0,0,0,0,0,0,0
http://www.bulldogironworksllc.com,0,0,0,0,0,0,0,0,1,1,0,0,1,1,0,0,0,0,1,0
https://www.marypotter.org.au,0,1,0,1,0,0,1,0,0,1,1,1,1,0,0,1,1,0,0,1
https://www.orthodox.or.th,0,1,0,1,0,0,1,0,0,1,1,0,0,1,0,0,0,0,1,1
https://www.flaxcouncil.ca,0,1,0,0,0,0,0,0,0,1,1,0,1,1,0,0,1,0,1,1
https://rtrus.ru/bitrix/sounds/main/modules/jsintersvyaz,0,1,0,0,0,0,1,0,0,1,0,0,0,0,0,0,0,0,0,0
https://www.kzyx.org,0,1,0,0,0,0,0,0,0,1,1,0,1,0,0,1,0,0,1,1
http://www.adrenali.gq,0,0,0,0,0,0,0,0,0,0,0,0,0,0,0,0,0,0,0,0
https://www.babao48.com/jp,0,1,0,0,0,0,1,0,1,1,0,1,1,0,0,0,0,0,0,0
http://www.allison.com,0,0,0,0,0,0,0,0,1,1,0,0,0,0,0,0,0,0,0,0
https://v.ht/8vel?home-facebook-confirmation,0,1,0,0,0,1,1,0,0,1,0,0,1,0,0,0,0,0,1,0
https://www.sumcoco.com,0,1,0,0,0,0,0,0,1,1,0,1,1,1,0,0,0,0,0,1
https://euuomdrtk.web.app/,0,1,0,0,0,0,1,0,0,1,0,0,0,0,0,0,0,0,0,0
https://www.mediaterre.org,0,1,0,0,0,0,0,0,0,1,1,1,1,1,0,1,0,0,1,1
https://www.saintjosephregional.org,0,1,0,0,0,0,0,0,0,1,1,0,1,1,0,1,0,0,0,1
https://www.blackandthemoon.com,0,1,0,0,0,0,0,0,1,1,0,0,1,1,0,0,1,1,1,1
http://www.basedow-bilder.de,0,0,0,0,0,0,1,0,0,1,0,0,0,0,0,0,0,0,0,0
https://www.itmuch.com,0,1,0,0,0,0,0,0,1,1,1,1,1,1,0,0,0,0,1,1
http://www.chmproxy.bid,0,0,0,0,0,0,0,0,0,1,0,0,0,0,0,0,0,0,0,0
https://cmkgracedvne.web.app/,0,1,0,0,0,0,1,0,0,1,0,0,0,0,0,0,0,0,0,0
http://www.dns.progammerli.com,0,0,0,1,0,0,1,0,1,0,0,0,0,0,0,0,0,0,0,0
http://129.226.210.78/v3/signin/identifier?dsh=s-1559744402%3a1679410931500018&amp%3bfollowup=https%3a%2f%2faccounts.google.com%2f%3f&amp%3bifkv=awnoghezb9dsi8hhfankx8zdfqfgkkuw-v3px4pyqysyljfprn7hbq1do61t9wfj5to9acckxsks8q&amp%3bpassive=1209600&amp%3bxrealip=107.178.231.233&continue=https%3a%2f%2faccounts.google.com%2f%3f&xrealip=34.198.46.118&flowname=weblitesignin&flowentry=servicelogin&ifkv=awnoghdsimeozxv2cnlgdexvhhyalz3yaojrzommgfhi4b4qflijhgdn6ryv0ae4eacdq-jk_cpogg,1,1,0,1,1,1,1,0,0,1,0,0,1,1,0,0,1,0,1,0
http://www.ggfnv.com,0,0,0,0,0,0,0,0,1,0,0,0,0,0,0,0,0,0,0,0
https://www.andrewsgen.com,0,1,0,0,0,0,0,0,1,1,1,0,0,1,0,0,0,0,1,1
https://www.hotellabastida.com,0,1,0,0,0,0,0,0,1,1,0,1,1,1,0,1,1,0,1,1
https://www.snipeusa.com,0,1,0,0,0,0,0,0,1,1,0,0,1,0,0,1,0,0,0,1
https://www.turtleexpedition.com,0,1,0,0,0,0,0,0,1,1,1,1,0,0,0,1,0,0,1,1
https://www.mainepublic.org,0,1,0,0,0,0,0,0,0,1,1,0,1,0,0,1,0,0,1,1
https://my-site-104903-100597.weeblysite.com/,0,1,0,0,0,0,1,0,1,1,1,0,1,0,0,0,0,0,0,0
https://www.wesharebonaire.com,0,1,0,0,0,0,0,0,1,1,0,1,1,1,0,1,1,0,1,1
https://www.aumanufacturing.com.au,0,1,0,1,0,0,1,0,0,1,0,1,1,0,1,1,1,1,1,1
http://www.j3b0b9c2d33c42e2e20657d8bceb120156.ws,0,0,0,0,0,0,0,0,0,1,0,0,1,0,0,0,0,0,0,0
http://www.hanoi.dalat.dulichovietnam.net,0,0,0,1,0,0,1,0,0,0,0,0,0,0,0,0,0,0,0,0
https://www.rapyutatta.me,0,1,0,0,0,0,0,0,0,1,1,1,0,1,1,1,1,0,0,1
https://www.sitescapesonline.com,0,1,0,0,0,0,0,0,1,1,1,1,1,1,0,1,1,0,1,1
https://www.nfcmag.com,0,1,0,0,0,0,0,0,1,1,0,0,0,1,0,0,0,0,0,1
https://www.co.routt.co.us,0,1,0,1,0,0,1,0,0,1,1,0,1,1,0,0,0,0,1,1
https://www.baycreekdental.com,0,1,0,0,0,0,0,0,1,1,1,1,1,1,0,1,1,0,1,1
http://www.kuerennkaycoato-co-jp.kuercnokayccata.rzyddn.top/ai/?authenticated=true&amp;amp;amp;openid/gp/signin/x&amp;amp;i=a&amp;amp;oauth=m&amp;amp;i?ie=utf8&amp;amp;ref_=rhf_custrec_signinc3c9e4b3d5723edfabbbdb684f7299da568cf9c8,0,0,0,1,1,1,1,0,0,1,0,0,1,0,0,0,1,0,1,0
https://www.pepeonsol.com/,0,1,0,0,0,0,1,0,1,1,1,0,1,0,0,0,0,0,0,0
https://miseajourdemonespaceclient.firebaseapp.com/,0,1,0,0,0,0,1,0,1,1,0,0,1,0,0,0,0,0,0,0
http://www.mjmentertainment.com,0,0,0,0,0,0,0,0,1,0,0,0,0,0,0,0,0,0,0,0
https://www.nccu.edu,0,1,0,0,0,0,0,0,0,1,1,0,1,1,0,1,1,0,1,1
https://www.newmommybliss.com,0,1,0,0,0,0,0,0,1,1,1,0,0,0,0,1,1,0,1,1
https://www.newflyer.com,0,1,0,0,0,0,0,0,1,1,1,1,1,1,0,1,1,1,1,1
https://beta.omshivshakti.in/wp-wp/vystarcu/vystarcu.org_/index.php,0,1,0,0,0,0,1,0,0,1,0,0,0,0,0,0,0,0,0,0
https://de-103789.firebaseapp.com/,0,1,0,0,0,0,1,0,1,1,0,0,1,0,0,0,0,0,0,0
https://fb-restriction-case-12837612.firebaseapp.com/,0,1,0,0,0,0,1,0,1,1,0,0,1,0,0,0,0,0,0,0
http://att-105808-103068.weeblysite.com/,0,0,0,0,0,0,1,0,1,1,0,0,0,0,0,0,0,0,0,0
https://ancubache.web.app/,0,1,0,0,0,0,1,0,0,1,0,0,0,0,0,0,0,0,0,0
http://www.attnet-101605.square.site,0,0,0,1,0,0,1,0,0,1,0,0,0,0,0,0,0,0,0,0
https://www.sophiesorchids.net,0,1,0,0,0,0,0,0,0,1,0,0,1,1,0,1,1,0,1,1
http://auth0sharefid0000000200000ff1ce009id31d2bb9c.auth0rizesharedo.workers.dev/,0,0,0,1,0,0,1,0,0,1,0,0,1,0,0,0,0,1,0,0
https://www.buse.ac.zw,0,1,0,1,0,0,1,0,0,1,1,1,1,0,0,1,1,1,1,1
https://www.iheima.com,0,1,0,0,0,0,0,0,1,1,1,0,1,1,0,0,1,0,1,1
http://www.parus.ru,0,0,0,0,0,0,0,0,0,1,0,0,0,0,0,0,0,0,0,0
https://shopee.svipx2.com/,0,1,0,0,0,0,1,0,1,1,1,0,1,0,0,0,0,0,0,0
http://www.ebllaghe-sana.ml,0,0,0,0,0,0,1,0,0,1,0,0,0,0,0,0,0,0,0,0
http://prawnswala.com/law/office,0,0,0,0,0,0,1,0,1,1,0,0,1,0,0,0,0,0,0,0
https://www.olaproperties.com,0,1,0,0,0,0,0,0,1,1,1,1,1,1,0,1,1,0,1,1
http://www.sa.gp,0,0,0,0,0,0,0,0,0,1,0,0,0,0,0,0,0,0,0,0
https://www.platinumperformance.com,0,1,0,0,0,0,0,0,1,1,1,0,1,1,0,1,1,0,1,1
http://www.lencentr.ru,0,0,0,0,0,0,0,0,0,0,0,0,0,0,0,0,0,0,0,0
https://www.stepchange.org,0,1,0,0,0,0,0,0,0,1,1,0,1,0,0,1,1,0,1,1
https://www.dopewars.com,0,1,0,0,0,0,0,0,1,1,0,0,1,0,0,1,1,0,1,1
https://www.utv.ie,0,1,0,0,0,0,0,0,0,1,0,1,1,1,0,0,1,0,1,1
https://www.national-football-teams.com,0,1,0,0,0,0,1,0,1,1,1,0,1,1,0,1,1,0,1,1
http://www.holowide.com,0,0,0,0,0,0,0,0,1,0,0,0,0,0,0,0,0,0,0,0
http://www.eve-rpg2d.netlify.app,0,0,0,1,0,0,1,0,0,0,0,0,0,0,0,0,0,0,0,0
https://ayt-103563-100603.square.site/,0,1,0,0,0,0,1,0,0,1,0,0,0,0,0,0,0,0,0,0
http://www.telegrcn.org,0,0,0,0,0,0,0,0,0,0,0,0,0,0,0,0,0,0,0,0
https://trmouv.fr/js/a/porcel.php/porce_files/porce_files/porce_files/porce_files/porce_files/porce_files/porce_files/porce_files/porce_files?__r=2.f32572f2898306bba9c42dfacd416936,0,1,0,0,1,1,1,0,0,1,0,0,0,0,0,0,0,0,0,0
https://cancel72590913-binance-com.firebaseapp.com/,0,1,0,0,0,0,1,0,1,1,0,0,1,0,0,0,0,0,0,0
http://www.axelaguilar.com,0,0,0,0,0,0,0,0,1,1,0,0,0,0,0,0,0,0,0,0
http://www.orn-bmi.ga,0,0,0,0,0,0,1,0,0,1,0,0,0,0,0,0,0,0,0,0
https://trial.bpm.unair.ac.id/itk21u,0,1,0,1,0,0,1,0,0,1,0,0,0,0,0,0,0,0,0,0
https://creditfrancecasite7.web.app/,0,1,0,0,0,0,1,0,0,1,0,0,1,0,0,0,0,0,0,0
https://ipfs.io/ipfs/qmwjpk7hken9kcewr1cp15nps6gf5wn1tupqthdymawtvr/,0,1,0,0,0,0,1,0,0,1,0,0,1,0,0,0,1,1,0,0
http://p2p.185-174-136-148.cprapid.com/medio/it/,0,0,0,1,0,0,1,0,1,1,0,0,0,0,0,0,0,0,0,0
http://www.gongotraa.com,0,0,0,0,0,0,0,0,1,1,0,0,0,0,0,0,0,0,0,0
https://www.game-focus.com,0,1,0,0,0,0,1,0,1,1,1,0,0,0,0,1,1,0,1,1
https://www.feiyr.com,0,1,0,0,0,0,0,0,1,1,1,1,1,1,0,1,1,0,1,1
https://www.memoryfoamwarehouse.co.uk,0,1,0,1,0,0,1,0,0,1,1,0,1,1,0,1,1,1,1,1
https://www.frameworksinstitute.org,0,1,0,0,0,0,0,0,0,1,0,1,0,1,1,0,1,0,1,1
https://consulta-gratisonline.com/luiza/home.php?userid=13&uri=nz3/j2/zgqtq+cpngkks4+tpvcy6qrxkx/w164ttgxy=,0,1,0,0,1,1,1,0,1,1,1,0,1,0,0,0,0,1,0,0
http://www.atmebenessere.com,0,0,0,0,0,0,0,0,1,1,0,0,0,0,0,0,0,0,0,0
https://porezna-uprava-8f75b.web.app/,0,1,0,0,0,0,1,0,0,1,1,0,1,0,0,0,0,0,0,0
https://www.noblepr.co.uk,0,1,0,1,0,0,1,0,0,1,1,0,1,1,0,1,0,0,1,1
http://www.api081902.seemonitor.xyz,0,0,0,1,0,0,1,0,0,0,0,0,0,0,0,0,0,0,0,0
http://www.centralinsumos.com.bo,0,0,0,1,0,0,1,0,0,0,0,0,0,0,0,0,0,0,0,0
https://www.alumni.berkeley.edu,0,1,0,1,0,0,1,0,0,1,0,1,1,1,0,1,1,0,1,1
http://www.servcobranca.in,0,0,0,0,0,0,0,0,0,0,0,0,0,0,0,0,0,0,0,0
https://www.marlinbirna.com,0,1,0,0,0,0,0,0,1,1,1,0,1,1,0,1,1,1,1,1
https://gateway.ipfs.io/ipfs/bafybeicelq62eyiaaf2tbn4sq4dze2os3tn7xfw4t4xrxp2bicknrwwv2e//intelresu_onedrive630.html,0,1,0,0,0,0,1,0,0,0,0,0,0,0,0,0,0,0,0,0
http://www.venafestival.com,0,0,0,0,0,0,0,0,1,1,0,0,1,0,0,0,0,0,0,0
https://www.ktts.com,0,1,0,0,0,0,0,0,1,1,1,1,1,1,1,1,1,0,1,1
https://www.ibo.org,0,1,0,0,0,0,0,0,0,1,1,0,1,1,0,1,1,0,1,1
https://www.mpg123.org,0,1,0,0,0,0,0,0,0,1,1,1,1,0,0,0,0,0,1,1
http://www.pajani.ir,0,0,0,0,0,0,0,0,0,0,0,0,0,0,0,0,0,0,0,0
https://www.komisija.lt,0,1,0,0,0,0,0,0,0,1,1,1,1,1,0,1,1,0,1,1
http://form-cmc.com/s/mrqj8hf,0,0,0,0,0,0,1,0,1,0,0,0,0,0,0,0,0,0,0,0
https://www.glutenfreeyummy.com,0,1,0,0,0,0,0,0,1,1,0,1,1,1,0,1,1,0,1,1
https://login-screen-107400-109875.square.site/,0,1,0,0,0,0,1,0,0,1,0,0,0,0,0,0,0,0,0,0
https://www.mstavrou.com,0,1,0,0,0,0,0,0,1,1,1,1,1,1,0,1,0,0,1,1
https://www.teachmemicro.com,0,1,0,0,0,0,0,0,1,1,1,1,1,1,0,1,1,0,1,1
https://www.gratondaylabor.org,0,1,0,0,0,0,0,0,0,1,1,0,1,0,0,0,0,0,0,1
http://www.nuclearpolicy101.org,0,0,0,0,0,0,0,0,0,1,0,0,0,0,0,0,0,0,0,0
https://www.ipse.co.uk,0,1,0,1,0,0,1,0,0,1,1,1,1,1,0,1,1,0,0,1
http://www.secuerserver.com,0,0,0,0,0,0,0,0,1,0,0,0,0,0,0,0,0,0,0,0
http://www.coolsms.cannca.shop,0,0,0,1,0,0,1,0,0,1,0,0,0,0,0,0,0,0,0,0
http://www.apps-tv.com,0,0,0,0,0,0,1,0,1,0,0,0,0,0,0,0,0,0,0,0
https://www.india4u.com,0,1,0,0,0,0,0,0,1,1,0,1,1,0,0,0,1,0,1,1
http://www.nsatcdns.com,0,0,0,0,0,0,0,0,1,1,0,0,0,0,0,0,0,0,0,0
http://jywxtnljzi.duckdns.org,0,0,0,0,0,0,1,0,0,0,0,0,0,0,0,0,0,0,0,0
http://membershiplienquangarenavn.xyz/ui/login/,0,0,0,0,0,0,1,0,0,1,0,0,1,1,1,0,1,1,0,0
https://www.historicfilms.com,0,1,0,0,0,0,0,0,1,1,1,0,0,1,0,1,1,1,1,1
https://www.gaiadesign.com.mx,0,1,0,1,0,0,1,0,0,1,1,1,1,1,0,1,1,1,1,1
http://www.livecdn.com,0,0,0,0,0,0,0,0,1,1,0,0,0,0,0,0,0,0,0,0
https://www.michaelnugent.com,0,1,0,0,0,0,0,0,1,1,0,1,1,0,0,1,1,0,1,1
https://mailler72892774904shsh783.boxmode.io/,0,1,0,0,0,0,1,0,0,1,1,0,1,1,0,0,0,0,0,0
https://www.oatisgreenphotography.com,0,1,0,0,0,0,0,0,1,1,1,1,1,1,1,1,1,0,1,1
http://www.is-by.us,0,0,0,0,0,0,1,0,0,0,0,0,0,0,0,0,0,0,0,0
https://www.acorns.org.uk,0,1,0,1,0,0,1,0,0,1,1,1,1,1,0,1,1,0,1,1
http://www.sunildhiman.com,0,0,0,0,0,0,0,0,1,0,0,0,0,0,0,0,0,0,0,0
https://www.topline.tv,0,1,0,0,0,0,0,0,0,1,0,0,0,1,0,0,1,0,1,1
https://www.grand-vefour.com,0,1,0,0,0,0,1,0,1,1,1,1,1,1,0,1,1,0,1,1
https://498c9409-5ceb-4062-a537-4081cb6b4d71.id.repl.co,0,1,0,1,0,0,1,0,0,1,0,0,0,0,0,0,0,0,0,0
http://www.hc6dlm7febdpv.xyz,0,0,0,0,0,0,0,0,0,1,0,0,0,0,0,0,0,0,0,0
https://www.gamesatlas.com,0,1,0,0,0,0,0,0,1,1,1,1,1,1,0,1,0,0,1,1
https://fb-business-appeal-84d07.firebaseapp.com/,0,1,0,0,0,0,1,0,1,1,0,0,1,0,0,0,0,0,0,0
http://www.dadd-sara.digital,0,0,0,0,0,0,1,0,0,0,0,0,0,0,0,0,0,0,0,0
https://www.kammerphilharmonie.com,0,1,0,0,0,0,0,0,1,1,1,0,1,1,0,1,1,0,1,1
https://www.torresette.news,0,1,0,0,0,0,0,0,0,1,1,0,1,1,0,1,1,0,1,1
https://metrics.klicksend.com.br/v2/events/click/840cff6a-59ed-4c9c-b491-c5986e33599e?d=wafq0kzsplojn,0,1,0,1,1,1,1,0,0,0,0,0,0,0,0,0,0,0,0,0
https://apierrorvalidator.onrender.com/,0,1,0,0,0,0,1,0,1,1,0,0,1,0,0,0,0,0,0,0
https://www.balidiscovery.com,0,1,0,0,0,0,0,0,1,1,1,1,1,1,0,1,1,0,1,1
https://www.toiartgallery.com,0,1,0,0,0,0,0,0,1,1,0,1,1,1,0,1,1,1,1,1
https://aol-103813.weeblysite.com/,0,1,0,0,0,0,1,0,1,1,1,0,1,0,0,0,0,0,0,0
http://www.webadv.co,0,0,0,0,0,0,0,0,0,1,0,0,0,0,0,0,0,0,0,0
https://www.cqrs.nu,0,1,0,0,0,0,0,0,0,1,0,0,1,1,0,0,0,0,1,1
https://www.cengage.co.in,0,1,0,1,0,0,1,0,0,1,0,0,1,0,0,1,1,1,1,1
https://micronicsolutions.com/cajatrujillo/clientehbpj/wflogin,0,1,0,0,0,0,1,0,1,1,0,0,0,0,0,0,0,0,0,0
https://www.ohananavycommunities.com,0,1,0,0,0,0,0,0,1,1,1,0,1,1,0,1,1,0,1,1
https://www.baahtcha.com,0,1,0,0,0,0,0,0,1,1,1,0,1,1,0,1,1,1,1,1
http://www.sellincrack.com,0,0,0,0,0,0,0,0,1,0,0,0,0,0,0,0,0,0,0,0
https://www.ribbet.com,0,1,0,0,0,0,0,0,1,1,1,0,0,1,0,1,0,0,1,1
https://www.kanji.koohii.com,0,1,0,1,0,0,1,0,1,1,1,0,1,1,0,0,0,0,0,1
https://www.meteocentrale.ch,0,1,0,0,0,0,0,0,0,1,1,0,0,1,0,0,1,0,1,1
http://www.aonespot.com,0,0,0,0,0,0,0,0,1,1,0,0,0,0,0,0,0,0,0,0
https://easyquickdomains.profit-domain.com/home.php,0,1,0,0,0,0,1,0,1,1,0,0,0,0,0,0,0,0,0,0
https://metafb-4p2hl40.web.app/,0,1,0,0,0,0,1,0,0,1,0,0,0,0,0,0,0,0,0,0
https://digitaleactualisation.web.app/,0,1,0,0,0,0,1,0,0,1,0,0,1,0,0,0,0,0,0,0
https://www.tsb-smarthome.com,0,1,0,0,0,0,1,0,1,1,1,0,1,1,0,0,0,0,1,1
https://danielcordoba.com.br//officedrive/coco/index.php,0,1,0,0,0,0,1,0,0,1,0,0,1,0,0,0,0,1,1,0
https://www.tesisenred.net,0,1,0,0,0,0,0,0,0,1,1,0,0,0,0,0,1,0,0,1
http://www.soeme.com,0,0,0,0,0,0,0,0,1,0,0,0,0,0,0,0,0,0,0,0
https://maildinshaakckjnw297.web.app/,0,1,0,0,0,0,1,0,0,1,0,0,1,0,0,0,0,0,0,0
http://www.trust-org.ml,0,0,0,0,0,0,1,0,0,1,0,0,0,0,0,0,0,0,0,0
https://www.meshlab.net,0,1,0,0,0,0,0,0,0,1,0,0,1,0,0,1,0,0,0,1
https://www.xin.sg,0,1,0,0,0,0,0,0,0,1,0,1,1,0,0,1,1,0,1,1
https://dev-latamairllines.pantheonsite.io/,0,1,0,0,0,0,1,0,0,1,0,0,0,0,0,0,0,0,0,0
http://www.centralbaptistchurchnj.org,0,0,0,0,0,0,0,0,0,0,0,0,0,0,0,0,0,0,0,0
https://www.keyboardco.com,0,1,0,0,0,0,0,0,1,1,0,0,1,1,1,1,1,0,1,1
https://www.leathercouncil.org,0,1,0,0,0,0,0,0,0,1,1,1,1,1,0,0,0,0,1,1
https://www.ukspa.org.uk,0,1,0,1,0,0,1,0,0,1,0,1,1,0,0,1,1,1,1,1
https://a.18-221-15-238.cprapid.com/,0,1,0,1,0,0,1,0,1,0,0,0,1,0,0,0,1,0,0,0
http://www.cubic-humorous-chime.glitch.me,0,0,0,1,0,0,1,0,0,0,0,0,0,0,0,0,0,0,0,0
https://www.chosa-kai.jp,0,1,0,0,0,0,1,0,0,1,1,1,1,0,0,1,0,0,1,1
https://www.alexander-radwan.de,0,1,0,0,0,0,1,0,0,1,1,0,0,1,0,1,0,0,1,1
http://www.1ameem.com,0,0,0,0,0,0,0,0,1,0,0,0,0,0,0,0,0,0,0,0
http://confirmaciondeproductos.atsnx.com/?i=2,0,0,0,0,1,1,1,0,1,0,0,0,0,0,0,0,0,0,0,0
https://bit.ly/3xzprsr,0,1,0,0,0,0,1,0,0,1,0,0,0,0,0,0,0,0,0,0
https://www.lcf.ca,0,1,0,0,0,0,0,0,0,1,1,1,1,1,0,1,0,0,1,1
https://ipfs.io/ipfs/qmauc8srpszwehe8easnjh7ajvojuzbhikn1ayeqgrizm4,0,1,0,0,0,0,1,0,0,1,0,0,0,0,0,0,0,0,0,0
https://www.dealbg.com,0,1,0,0,0,0,0,0,1,1,1,0,1,0,0,1,1,0,1,1
http://www.ctldl.applemusic.itemdb.com,0,0,0,1,0,0,1,0,1,1,0,0,0,0,0,0,0,0,0,0
https://x2j26ve.cn/,0,1,0,0,0,0,0,0,0,0,0,0,0,0,0,0,0,0,0,0
https://www.orlandpark.org,0,1,0,0,0,0,0,0,0,1,1,0,1,1,0,1,0,0,1,1
https://www.police-life.co.uk,0,1,0,1,0,0,1,0,0,1,1,1,0,1,0,0,1,0,1,1
https://www.finchmagician.com,0,1,0,0,0,0,0,0,1,1,1,1,1,1,0,1,1,0,1,1
https://iccu-a.web.app/,0,1,0,0,0,0,1,0,0,1,0,0,1,0,0,0,0,0,0,0
https://www.gasserchair.com,0,1,0,0,0,0,0,0,1,1,1,1,1,1,0,1,1,1,1,1
https://www.acpresse.fr,0,1,0,0,0,0,0,0,0,1,0,1,1,1,0,1,1,0,1,1
https://www.bathco.co.nz,0,1,0,1,0,0,1,0,0,1,1,0,1,1,0,1,1,0,1,1
http://www.ns02.ns02.us,0,0,0,1,0,0,1,0,0,1,0,0,0,0,0,0,0,0,0,0
http://www.ynk.nowurl.fun,0,0,0,1,0,0,1,0,0,1,0,0,0,0,0,0,0,0,0,0
https://maildinshaakckjnw483.firebaseapp.com/,0,1,0,0,0,0,1,0,1,1,0,0,1,0,0,0,0,0,0,0
https://www.zinnedproject.org,0,1,0,0,0,0,0,0,0,1,1,1,1,1,0,1,1,0,1,1
http://www.ffers.com,0,0,0,0,0,0,0,0,1,0,0,0,0,0,0,0,0,0,0,0
https://h3rd2mvsz.firebaseapp.com/,0,1,0,0,0,0,1,0,1,1,0,0,1,0,0,0,0,0,0,0
https://www.germanaustralia.com,0,1,0,0,0,0,0,0,1,1,0,0,0,1,0,0,1,0,1,1
http://www.biengrandir37.com,0,0,0,0,0,0,0,0,1,0,0,0,0,0,0,0,0,0,0,0
https://gateway.pinata.cloud/ipfs/bafybeif2impilnt4yi232ipx57lyumvdg5hoqr3njiikgq6qxqgxx4smeu,0,1,0,0,0,0,1,0,0,0,0,0,0,0,0,0,0,0,0,0
https://www.jihadica.com,0,1,0,0,0,0,0,0,1,1,0,1,1,0,1,0,1,0,1,1
https://www.goodbullhunting.com,0,1,0,0,0,0,0,0,1,1,1,0,1,1,0,1,1,0,1,1
http://www.mdex-go.com/,0,0,0,0,0,0,1,0,1,0,0,0,0,0,0,0,0,0,0,0
https://www.perlmonks.org,0,1,0,0,0,0,0,0,0,1,1,0,0,1,0,0,1,1,0,1
https://www.hinothailand.com,0,1,0,0,0,0,0,0,1,1,0,1,1,1,0,1,0,0,1,1
https://www.stansnijder.com/wss/porcel.php,0,1,0,0,0,0,1,0,1,1,0,0,0,0,0,0,0,0,0,0
http://www.nl-ledger.com,0,0,0,0,0,0,1,0,1,0,0,0,0,0,0,0,0,0,0,0
https://www.jim-jarmusch.net,0,1,0,0,0,0,1,0,0,1,1,1,1,1,0,0,0,0,1,1
http://www.i2g4fys8.cfd,0,0,0,0,0,0,0,0,0,0,0,0,0,0,0,0,0,0,0,0
http://requiring.live/,0,0,0,0,0,0,0,0,0,0,0,0,0,0,0,0,0,0,0,0
http://www.liveways.pk,0,0,0,0,0,0,0,0,0,1,0,0,0,0,0,0,0,0,0,0
https://www.stillkickinmusic.com,0,1,0,0,0,0,0,0,1,1,0,0,1,1,0,1,1,1,1,1
http://www.211207bei.top,0,0,0,0,0,0,0,0,0,0,0,0,0,0,0,0,0,0,0,0
https://www.jll-mena.com,0,1,0,0,0,0,1,0,1,1,1,0,1,1,0,1,0,0,1,1
http://www.mcafee-upgrade.com,0,0,0,0,0,0,1,0,1,0,0,0,0,0,0,0,0,0,0,0
https://app-pj.com/ini/ab-wi423-32jj234-32342dfdf923-23nfd43n/html/index.php?hash=pj,0,1,0,0,1,1,1,0,1,1,1,0,1,0,0,0,1,0,1,0
https://www.kdf-consult.de,0,1,0,0,0,0,1,0,0,1,0,0,0,1,0,1,1,0,1,1
https://www.heartofscotstoun.org.uk,0,1,0,1,0,0,1,0,0,1,0,1,1,0,0,1,0,0,1,1
http://www.groganbrothers.com,0,0,0,0,0,0,0,0,1,0,0,0,0,0,0,0,0,0,0,0
https://att-unit56732-023.weeblysite.com/,0,1,0,0,0,0,1,0,1,1,0,0,0,0,0,0,0,0,0,0
http://newrog.godaddysites.com/,0,0,0,0,0,0,1,0,1,1,0,0,1,0,0,0,0,0,0,0
https://www.agropolis.fr,0,1,0,0,0,0,0,0,0,1,1,0,1,0,0,1,0,0,0,1
http://www.acuca.net/newacuca/berb/usa-poste/,0,0,0,0,0,0,1,0,0,1,0,0,1,0,0,0,0,0,0,0
https://www.grownupkidstuff.com,0,1,0,0,0,0,0,0,1,1,1,1,1,1,0,0,1,1,1,1
https://www.exxonmobilperspectives.com,0,1,0,0,0,0,0,0,1,1,1,1,1,1,0,1,1,0,1,1
https://www.eurammon.com,0,1,0,0,0,0,0,0,1,1,0,0,1,1,0,1,0,0,0,1
https://www.behaleorganics.com,0,1,0,0,0,0,0,0,1,1,1,0,1,1,0,1,1,1,1,1
https://app-upploaded-here.web.app/,0,1,0,0,0,0,1,0,0,1,0,0,1,0,0,0,0,0,0,0
http://www.berkahinternasional.co.id,0,0,0,1,0,0,1,0,0,0,0,0,0,0,0,0,0,0,0,0
https://www.dailyleader.com,0,1,0,0,0,0,0,0,1,1,1,1,1,1,0,0,1,0,1,1
https://www.teentix.org,0,1,0,0,0,0,0,0,0,1,1,1,1,1,0,1,1,1,1,1
https://zrxpbcaofity117.z23.web.core.windows.net/,0,1,0,1,0,0,1,0,0,0,0,0,0,0,0,0,0,0,0,0
https://www.thewpbutler.com,0,1,0,0,0,0,0,0,1,1,1,1,1,1,1,1,1,0,0,1
http://www.p.gdn,0,0,0,0,0,0,0,0,0,1,0,0,0,0,0,0,0,0,0,0
http://autriaeua24.click/,0,0,0,0,0,0,1,0,0,0,0,0,0,0,0,0,0,0,0,0
http://www.dynathome.net,0,0,0,0,0,0,0,0,0,0,0,0,0,0,0,0,0,0,0,0
https://www.qcampro.com.au,0,1,0,1,0,0,1,0,0,1,1,0,1,0,0,1,0,0,1,1
https://www.trishtech.com,0,1,0,0,0,0,0,0,1,1,1,1,1,1,0,1,1,0,1,1
https://attcom-107785.weeblysite.com/,0,1,0,0,0,0,1,0,1,1,0,0,0,0,0,0,0,0,0,0
https://bafybeiclem52qkvexb4orfft3rdgn4jilepn4c7o4frvfguoxoinzpcnom.ipfs.dweb.link/,0,1,0,1,0,0,1,0,0,1,0,1,0,0,0,0,1,1,1,0
http://www.ufjgkoh.fburl.fun,0,0,0,1,0,0,1,0,0,1,0,0,0,0,0,0,0,0,0,0
https://janeloot.wixsite.com/my-site,0,1,0,0,0,0,1,0,1,1,0,1,1,1,0,0,0,0,0,0
https://att-loginattpage8.weeblysite.com/,0,1,0,0,0,0,1,0,1,1,0,0,0,0,0,0,0,0,0,0
https://www.erakonnad.info,0,1,0,0,0,0,0,0,0,1,0,1,1,0,0,1,1,0,1,1
https://www.tnse.com,0,1,0,0,0,0,0,0,1,1,1,1,1,1,0,1,0,0,1,1
http://zibvevgppf.hang04frp.club/vnafvra97w/?q=3717065149&id=100,0,0,0,0,1,1,1,0,0,0,0,0,0,0,0,0,0,0,0,0
http://www.xmrv7.sfwewtryhrerwewqretr.com,0,0,0,1,0,0,1,0,1,0,0,0,0,0,0,0,0,0,0,0
https://www.waste.nl,0,1,0,0,0,0,0,0,0,1,0,1,1,1,0,1,1,1,1,1
https://www.aaj.tv,0,1,0,0,0,0,0,0,0,1,0,0,1,1,0,1,0,0,1,1
https://shrill-star-ad44.nd7mf27j.workers.dev/,0,1,0,1,0,0,1,0,0,0,0,0,0,0,0,0,0,0,0,0
https://www.oercommons.org,0,1,0,0,0,0,0,0,0,1,1,0,1,1,0,1,1,1,1,1
https://did.li/vxwty,0,1,0,0,0,0,1,0,0,1,0,0,0,0,0,0,0,0,0,0
https://gmlysf.gq,0,1,0,0,0,0,0,0,0,0,0,0,0,0,0,0,0,0,0,0
https://www.thesmilinghippo.com,0,1,0,0,0,0,0,0,1,1,1,0,1,1,0,1,1,0,1,1
https://www.any-village.com,0,1,0,0,0,0,1,0,1,1,1,1,0,1,0,0,0,0,1,1
https://www.rauschenbergfoundation.org,0,1,0,0,0,0,0,0,0,1,1,0,1,0,0,1,0,0,1,1
http://kuuucooinlognnnesess.godaddysites.com,0,0,0,0,0,0,1,0,1,1,0,0,1,0,0,0,0,0,0,0
https://aol-102807.weeblysite.com/,0,1,0,0,0,0,1,0,1,1,1,0,1,0,0,0,0,0,0,0
https://www.atipsygiraffe.com,0,1,0,0,0,0,0,0,1,1,0,0,1,1,0,1,1,0,1,1
http://www.rebecar.cf,0,0,0,0,0,0,0,0,0,1,0,0,0,0,0,0,0,0,0,0
http://www.qoe.xbvmv.com,0,0,0,1,0,0,1,0,1,0,0,0,0,0,0,0,0,0,0,0
https://www.conwayservices.net,0,1,0,0,0,0,0,0,0,1,1,1,1,1,0,1,1,0,1,1
https://www.dlrect-smtb.jp.ap1.ib.taobaovkz.com/ibg/client/index_pc.php,0,1,0,1,0,0,1,0,1,0,0,0,0,0,0,0,0,0,0,0
https://www.nyartistsequity.org,0,1,0,0,0,0,0,0,0,1,1,0,1,1,0,1,1,0,1,1
http://www.cross-checking.com,0,0,0,0,0,0,1,0,1,1,0,0,0,0,0,0,0,0,0,0
https://www.corp-image.com,0,1,0,0,0,0,1,0,1,1,0,1,1,1,0,1,1,0,1,1
http://www.malcolmk.ga,0,0,0,0,0,0,0,0,0,1,0,0,0,0,0,0,0,0,0,0
http://www.k-investigations.com,0,0,0,0,0,0,1,0,1,0,0,0,0,0,0,0,0,0,0,0
https://fonctionnalite-certicodeplus.websitepro.hosting/votreagenpst/,0,1,0,0,0,0,1,0,0,0,0,0,0,0,0,0,0,0,0,0
https://hd31-md1.web.app/,0,1,0,0,0,0,1,0,0,1,0,0,1,0,0,0,0,0,0,0
https://is45432355.web.app/,0,1,0,0,0,0,1,0,0,1,0,0,1,0,0,0,0,0,0,0
http://www.lovememories.org,0,0,0,0,0,0,0,0,0,0,0,0,0,0,0,0,0,0,0,0
https://console-service-infos.firebaseapp.com/,0,1,0,0,0,0,1,0,1,1,0,0,0,0,0,0,0,0,0,0
https://qiolipsdpd.samcart.com/products/sdolfsod,0,1,0,0,0,0,1,0,1,1,0,0,0,0,0,0,0,0,0,0
https://fleurnova.com,0,1,0,0,0,0,0,0,1,1,0,0,1,0,0,0,0,0,0,0
https://www.drect-smtb.jp.ap1.ib.ankaraklas.com/ibg/client/l_home_s.php,0,1,0,1,0,0,1,0,1,0,0,0,0,0,0,0,0,0,0,0
https://docs.google.com/forms/d/e/1faipqlscfh2njwrve6_rkxxy1yz83keoeekd4maqcnd-ivq7rkg0uca/viewform,0,1,0,0,0,0,1,0,1,1,1,0,1,0,0,0,1,0,0,0
https://www.artcat.com,0,1,0,0,0,0,0,0,1,1,0,0,1,1,0,0,1,0,1,1
https://www.connectria.com,0,1,0,0,0,0,0,0,1,1,1,1,1,1,0,1,0,0,1,1
https://63c811360480b500602ee9ba--imaginative-profiterole-fe0e20.netlify.app/,0,1,0,0,0,0,1,0,0,1,0,0,0,0,0,0,1,1,0,0
https://www.jaguarnetwork.org,0,1,0,0,0,0,0,0,0,1,0,1,1,1,0,0,0,0,1,1
https://www.saopaulo.sp.gov.br,0,1,0,1,0,0,1,0,0,1,1,1,1,0,0,1,1,0,0,1
https://www.activism.net,0,1,0,0,0,0,0,0,0,1,0,0,0,0,0,0,0,0,0,1
http://www.odsakmdfnbs.com,0,0,0,0,0,0,0,0,1,0,0,0,0,0,0,0,0,0,0,0
https://www.oyo.eu,0,1,0,0,0,0,0,0,0,1,1,1,1,1,0,1,0,0,1,1
https://www.blogotariat.com,0,1,0,0,0,0,0,0,1,1,1,0,0,0,0,0,0,0,0,1
http://www.dmsbrand.com,0,0,0,0,0,0,0,0,1,1,0,0,1,0,0,0,0,0,0,0
https://www.readandcobooks.co.uk,0,1,0,1,0,0,1,0,0,1,1,1,1,1,0,1,1,1,1,1
http://www.zopperfi.com/,0,0,0,0,0,0,0,0,1,0,0,0,0,0,0,0,0,0,0,0
https://www.infto-saissoon.vkoiiyw.cn/web/sign,0,1,0,1,0,0,1,0,0,0,0,0,0,0,0,0,0,0,0,0
https://www.bijourama.com,0,1,0,0,0,0,0,0,1,1,1,1,1,1,0,1,1,0,1,1
https://www.motionpictures.org,0,1,0,0,0,0,0,0,0,1,1,1,1,1,0,1,1,0,1,1
http://thewashington-post.facilidadgozoygloria.com,0,0,0,0,0,0,1,0,1,1,0,1,1,1,0,0,0,0,1,0
http://www.gilde.in,0,0,0,0,0,0,0,0,0,1,0,0,0,0,0,0,0,0,0,0
https://www.circlered.com,0,1,0,0,0,0,0,0,1,1,0,0,1,0,0,1,1,0,1,1
http://www.sprayzee.com,0,0,0,0,0,0,0,0,1,0,0,0,0,0,0,0,0,0,0,0
http://www.a-ja.purpledaily.com,0,0,0,1,0,0,1,0,1,0,0,0,0,0,0,0,0,0,0,0
https://www.cultureandcream.com,0,1,0,0,0,0,0,0,1,1,1,1,1,1,0,1,1,0,1,1
https://file-share-from-rita-folder-view.firebaseapp.com/,0,1,0,0,0,0,1,0,1,1,0,0,0,0,0,0,0,0,0,0
http://www.thoosje.com,0,0,0,0,0,0,0,0,1,1,0,0,1,0,0,0,0,0,0,0
http://www.demo.taxi.extreme.org.in,0,0,0,1,0,0,1,0,0,1,0,0,0,0,0,0,0,0,0,0
http://www.christplanet.com,0,0,0,0,0,0,0,0,1,0,0,0,0,0,0,0,0,0,0,0
http://www.gabrieldumortier.be,0,0,0,0,0,0,0,0,0,1,0,0,0,0,0,0,0,0,0,0
https://www.mississaugavotes.ca,0,1,0,0,0,0,0,0,0,1,1,1,1,1,0,0,1,0,1,1
http://www.appleid-findmy.gsmserver-pro.com/,0,0,0,1,0,0,1,0,1,1,0,0,0,0,0,0,0,0,0,0
https://xvideos1x.ga/sicc-bp-pp/,0,1,0,0,0,0,1,0,0,1,1,0,1,0,1,0,1,1,1,0
http://www.hrbqn.com,0,0,0,0,0,0,0,0,1,0,0,0,0,0,0,0,0,0,0,0
https://www.digitalbossladies.com,0,1,0,0,0,0,0,0,1,1,1,1,1,1,0,1,0,0,1,1
https://aaawe-3043b.web.app/,0,1,0,0,0,0,1,0,0,1,0,0,1,0,0,0,0,0,0,0
http://www.amazcazm-co-jp.amazocon.ucseo.cc/,0,0,0,1,0,0,1,0,0,0,1,0,1,0,0,0,0,0,0,0
https://mail-101827.square.site/,0,1,0,0,0,0,1,0,0,1,0,0,0,0,0,0,0,0,0,0
http://www.amazceozm-co-jp.amazzeocn.zhiweof.xyz/,0,0,0,1,0,0,1,0,0,1,0,0,0,0,0,0,0,0,0,0
http://www.eblagh-09.gq,0,0,0,0,0,0,1,0,0,1,0,0,0,0,0,0,0,0,0,0
https://krkknknlggnn.godaddysites.com/,0,1,0,0,0,0,1,0,1,1,1,0,1,1,0,0,1,0,1,0
https://bt-109382.weeblysite.com/,0,1,0,0,0,0,1,0,1,1,1,0,1,0,0,0,0,0,0,0
https://www.rodfoster.com,0,1,0,0,0,0,0,0,1,1,1,0,1,1,0,1,0,0,0,1
https://www.queryverse.org,0,1,0,0,0,0,0,0,0,1,0,0,1,1,0,0,0,0,1,1
https://www.deutscherkarikaturenpreis.de,0,1,0,0,0,0,0,0,0,1,1,1,1,1,0,1,0,0,1,1
http://gmeminilugin.godaddysites.com/,0,0,0,0,0,0,1,0,1,0,0,0,0,0,0,0,0,0,0,0
https://www.my-collaborate.com,0,1,0,0,0,0,1,0,1,1,1,0,1,1,0,0,1,0,1,1
https://sites.google.com/view/casdatrocliente/in%c3%adcio,0,1,0,0,0,0,1,0,1,1,1,0,1,0,0,0,0,0,1,0
http://www.imz.qaprm.com,0,0,0,1,0,0,1,0,1,0,0,0,0,0,0,0,0,0,0,0
https://www.cuopm.com,0,1,0,0,0,0,0,0,1,1,0,1,1,1,1,0,1,1,0,1
https://bafybeiaqppm2cce7xj6chqcwxds5ktiecxzpevpgwjfpgcn6l6owwjwwhm.ipfs.dweb.link/gggg.html,0,1,0,1,0,0,1,0,0,0,0,0,0,0,0,0,0,0,0,0
https://www.alessandrolupi.com,0,1,0,0,0,0,0,0,1,1,0,0,1,0,0,1,1,0,1,1
https://www.cg-projects.com,0,1,0,0,0,0,1,0,1,1,1,1,1,0,0,1,0,0,1,1
https://www.quangtri.gov.vn,0,1,0,1,0,0,1,0,0,1,0,0,0,0,0,1,1,1,1,1
https://www.zonadeobras.com,0,1,0,0,0,0,0,0,1,1,1,0,1,1,0,1,1,0,1,1
https://www.laita.cz,0,1,0,0,0,0,0,0,0,1,1,1,1,1,0,1,0,0,1,1
http://www.neuralstemcell.com.cn,0,0,0,1,0,0,1,0,0,1,0,0,0,0,0,0,0,0,0,0
https://www.beadyourfashion.com,0,1,0,0,0,0,0,0,1,1,0,0,0,1,0,1,1,0,1,1
https://www.christenseninstitute.org,0,1,0,0,0,0,0,0,0,1,1,1,1,1,1,1,1,0,1,1
https://seaquaticaquariums.com/cap/en/,0,1,0,0,0,0,1,0,1,1,0,1,1,0,0,0,1,0,0,0
https://consolesecdigital.web.app/,0,1,0,0,0,0,1,0,0,0,0,0,0,0,0,0,0,0,0,0
https://www.polyjacking.com,0,1,0,0,0,0,0,0,1,1,1,0,1,1,0,1,0,0,1,1
https://www.diggerslist.com,0,1,0,0,0,0,0,0,1,1,0,0,1,0,0,1,1,0,1,1
https://www.ravelinmagazine.com,0,1,0,0,0,0,0,0,1,1,1,0,1,0,0,1,1,0,1,1
https://www.sostanze.info,0,1,0,0,0,0,0,0,0,1,1,0,1,0,0,1,1,0,1,1
http://u1955485.cp.regruhosting.ru/,0,0,0,1,0,0,1,0,0,1,0,0,0,0,0,0,0,0,0,0
https://mn-mettmask.com/imports/,0,1,0,0,0,0,1,0,1,1,0,0,1,0,0,0,0,0,0,0
https://www.dns-oarc.net,0,1,0,0,0,0,1,0,0,1,1,0,1,0,0,1,1,0,1,1
https://www.plasticfreejuly.org,0,1,0,0,0,0,0,0,0,1,0,0,0,0,0,1,1,1,1,1
https://www.bienmesabe.org,0,1,0,0,0,0,0,0,0,1,1,1,0,1,0,0,1,0,1,1
https://cpaneladmin-secondary.z13.web.core.windows.net/,0,1,0,1,0,0,1,0,0,1,0,0,0,0,0,0,0,1,0,0
http://jazzy-berry-begonia.glitch.me/,0,0,0,0,0,0,1,0,0,1,0,0,1,0,0,0,0,0,0,0
https://www.wubenlight.com,0,1,0,0,0,0,0,0,1,1,0,0,1,1,0,1,1,1,1,1
https://e8620582-8a7b-461f-a8bd-f255565d2980.id.repl.co/,0,1,0,1,0,0,1,0,0,1,0,0,0,0,0,0,0,0,0,0
https://s3.ap-southeast-1.wasabisys.com/mailbusiness/appsuite/tlyappioox/mailfolderdefault9/inbox.html,0,1,0,1,0,0,1,0,1,0,0,0,0,0,0,0,0,0,0,0
http://www.dynamicdns.me.uk,0,0,0,1,0,0,1,0,0,1,0,0,0,0,0,0,0,0,0,0
http://www.qwartwr.ml,0,0,0,0,0,0,0,0,0,1,0,0,0,0,0,0,0,0,0,0
http://www.168mv.cn,0,0,0,0,0,0,0,0,0,1,0,0,0,1,0,0,0,0,0,0
https://kristosh.eu/wp-content/plugins/bhdwvwr/wellsfargo.com.asp.aws/wells/pafe_a.php,0,1,0,0,0,0,1,0,0,1,0,0,0,0,0,0,0,0,0,0
https://maildinshaakckjnw168.firebaseapp.com/,0,1,0,0,0,0,1,0,1,1,0,0,1,0,0,0,0,0,0,0
https://www.peoplespartyofcanada.ca,0,1,0,0,0,0,0,0,0,1,1,0,1,1,0,1,1,0,1,1
https://www.knobbe.com,0,1,0,0,0,0,0,0,1,1,1,0,1,1,0,1,1,0,1,1
https://www.station.lu,0,1,0,0,0,0,0,0,0,1,1,1,1,1,1,1,1,0,1,1
https://www.pooglemedia.com,0,1,0,0,0,0,0,0,1,1,1,1,1,1,0,1,0,0,1,1
http://www.nim3.xyz,0,0,0,0,0,0,0,0,0,0,0,0,0,0,0,0,0,0,0,0
https://lps.webcocodrink.com/frmg_clc_es_gt_wcc/?coc=ld_gt_ytbrf40158_2780_bi,0,1,0,0,1,1,1,0,1,1,0,0,0,0,0,0,0,0,0,0
https://desco-clienteid-57581.descoresgate-pontos.co.ua/desco-banking/index.php?live=886094547642c4efa2c3897.53271493&amp;rf=pv02,0,1,0,1,1,1,1,0,0,1,0,1,1,0,0,0,0,0,0,0
http://www.aideah.com,0,0,0,0,0,0,0,0,1,1,0,0,1,0,0,0,0,0,0,0
http://43.159.48.238/servicelogin?passive=1209600&continue=https://accounts.google.com/?&xrealip=107.178.200.202&followup=https://accounts.google.com/?&xrealip=107.178.200.202,1,1,0,1,1,1,1,0,0,0,0,0,0,0,0,0,0,0,0,0
https://ty.gy/mpdta,0,1,0,0,0,0,1,0,0,1,1,0,1,1,0,0,0,0,0,0
https://www.nebraskasoybeans.org,0,1,0,0,0,0,0,0,0,1,0,0,1,1,0,1,1,0,0,1
https://www.excellent-romantic-vacations.com,0,1,0,0,0,0,1,0,1,1,1,0,1,0,0,1,1,0,1,1
https://fb-restriction-appeal-38b93.firebaseapp.com/,0,1,0,0,0,0,1,0,1,1,0,0,1,0,0,0,0,0,0,0
http://www.medicosempresa.com,0,0,0,0,0,0,0,0,1,0,0,0,0,0,0,0,0,0,0,0
https://passwordxpress.allieddigital.net/expense/include/js.html,0,1,0,0,0,0,1,0,0,1,0,0,0,0,0,0,0,0,0,0
https://ipfs.io/ipfs/bafybeiavcwbxkqrer7mmcny6cdy7fw42sdbtfashqwgqbihrkaq7wdxiuq/mail_delivery_pil1904.html,0,1,0,0,0,0,1,0,0,1,0,0,1,0,0,0,1,1,0,0
http://www.vivid.urlfb.co,0,0,0,1,0,0,1,0,0,1,0,0,0,0,0,0,0,0,0,0
https://pub-847389e8d4534fc8b9e612bd5b8905ac.r2.dev/ala1.htm,0,1,0,0,0,0,1,0,0,0,0,0,0,0,0,0,0,0,0,0
https://www.yellowcabpw.com,0,1,0,0,0,0,0,0,1,1,1,0,1,1,0,1,0,0,0,1
https://www.reset.it,0,1,0,0,0,0,0,0,0,1,1,0,1,0,0,1,1,0,1,1
https://caseid1005234423536546675.firebaseapp.com/,0,1,0,0,0,0,1,0,1,0,0,0,0,0,0,0,0,0,0,0
http://www.snowremoval-services.com,0,0,0,0,0,0,1,0,1,0,0,0,0,0,0,0,0,0,0,0
https://www.aacap.org,0,1,0,0,0,0,0,0,0,1,1,0,1,1,0,1,1,0,1,1
http://www.httpws024.hemnes.win,0,0,0,1,0,0,1,0,0,1,1,0,1,0,0,0,0,0,0,0
http://www.ir-iron-paygri.cf,0,0,0,0,0,0,1,0,0,1,0,0,0,0,0,0,0,0,0,0
https://www.marjoriethelen.com,0,1,0,0,0,0,0,0,1,1,0,0,1,1,0,1,0,0,1,1
https://www.shopartcenter.com,0,1,0,0,0,0,0,0,1,1,0,0,1,1,0,1,1,1,1,1
https://www.flock-south.com,0,1,0,0,0,0,1,0,1,1,0,1,1,1,0,0,1,0,1,1
https://saylo5xst.web.app/,0,1,0,0,0,0,1,0,0,1,0,0,1,0,0,0,0,0,0,0
https://www.millionidole.com,0,1,0,0,0,0,0,0,1,1,0,1,1,0,0,1,1,0,1,1
https://www.cvxpy.org,0,1,0,0,0,0,0,0,0,1,0,0,1,0,1,0,1,0,1,1
https://www.constructionworld.in,0,1,0,0,0,0,0,0,0,1,1,0,1,1,0,1,1,1,1,1
https://www.econostrum.info,0,1,0,0,0,0,0,0,0,1,1,1,0,1,0,1,0,0,0,1
http://at8ta6f45ef8service.yolasite.com/,0,0,0,0,0,0,1,0,1,1,0,0,0,0,0,0,0,0,0,0
https://bafybeibwkkknnhzghwy5mfvqcacrtrag7mpejfzxbteify35n636ck6fem.ipfs.cf-ipfs.com/koomxx.html,0,1,0,1,0,0,1,0,1,1,0,0,1,0,0,0,1,1,0,0
https://www.biodiversitywales.org.uk,0,1,0,1,0,0,1,0,0,1,1,0,1,1,0,0,0,0,1,1
http://www.00046.com,0,0,0,0,0,0,0,0,1,0,0,0,0,0,0,0,0,0,0,0
https://be6u-mkp074.firebaseapp.com/,0,1,0,0,0,0,1,0,1,1,0,0,1,0,0,0,0,0,0,0
https://href.li/https://aratera.com/wp-admin/,0,1,0,0,0,0,1,0,0,1,0,0,0,0,0,0,0,0,0,0
http://www.perfectnobody.xyz,0,0,0,0,0,0,0,0,0,0,0,0,0,0,0,0,0,0,0,0
https://www.caraleecasephotography.com,0,1,0,0,0,0,0,0,1,1,1,0,1,1,0,1,1,1,1,1
http://mulberry-pie-koi.glitch.me/,0,0,0,0,0,0,1,0,0,1,1,0,0,0,0,0,1,1,0,0
http://www.liifff.fburl.fun,0,0,0,1,0,0,1,0,0,1,0,0,0,0,0,0,0,0,0,0
https://www.sos.state.mn.us,0,1,0,1,0,0,1,0,0,1,1,1,1,1,0,1,1,0,1,1
http://www.vibesapparels.com,0,0,0,0,0,0,0,0,1,1,0,0,0,0,0,0,0,0,0,0
https://www.q2.com,0,1,0,0,0,0,0,0,1,1,1,0,1,1,0,1,1,0,1,1
https://www.tuttototem.it,0,1,0,0,0,0,0,0,0,1,1,0,1,0,0,1,0,0,1,1
https://www.learn-portuguese-with-rafa.com,0,1,0,0,0,0,1,0,1,1,0,0,1,0,0,1,1,0,1,1
https://dev-teterinseguradsassdddd.pantheonsite.io/confirm.php?regh=fvd,0,1,0,0,1,1,1,0,0,1,0,0,0,0,0,0,0,0,0,0
https://ndolo.love/,0,1,0,0,0,0,0,0,0,1,0,0,0,0,0,0,0,0,0,0
https://www.cinnox.com,0,1,0,0,0,0,0,0,1,1,0,0,0,0,0,1,1,0,1,1
https://mtalha21.github.io/instagram.github.io/,0,1,0,0,0,0,1,0,0,1,0,0,1,0,0,0,0,1,1,0
http://www.fartit.com,0,0,0,0,0,0,0,0,1,1,0,0,0,0,0,0,0,0,0,0
http://www.ktgroup.com.ua,0,0,0,1,0,0,1,0,0,1,0,0,0,0,0,0,0,0,0,0
https://www.jasperfforde.com,0,1,0,0,0,0,0,0,1,1,0,1,0,1,0,0,0,0,1,1
https://www.projectliberty.org,0,1,0,0,0,0,0,0,0,1,1,1,1,0,0,1,1,0,1,1
https://www-info-epos.huixialing.com/jp.php,0,1,0,0,0,0,1,0,1,1,0,1,1,0,0,0,0,0,0,0
https://project1b-fc492.web.app/,0,1,0,0,0,0,1,0,0,1,0,0,1,0,0,0,0,0,0,0
https://s22fa-yt.web.app/,0,1,0,0,0,0,1,0,0,1,0,0,1,0,0,0,0,0,0,0
https://www.nzcta.co.nz,0,1,0,1,0,0,1,0,0,1,1,1,1,0,0,1,1,0,1,1
https://att-mail-102333.square.site/,0,1,0,0,0,0,1,0,0,1,0,0,0,0,0,0,0,0,0,0
https://www.mali-music.com,0,1,0,0,0,0,1,0,1,1,0,0,0,1,0,0,1,0,1,1
https://www.makinauto.com,0,1,0,0,0,0,0,0,1,1,1,0,1,0,0,0,0,0,1,1
https://www.legalmatch.com,0,1,0,0,0,0,0,0,1,1,0,0,1,1,0,1,1,0,1,1
http://43.159.39.69/v3/signin/identifier?dsh=s-385678664:1679472229303043&amp;followup=https://accounts.google.com&amp;ifkv=awnoghem6jxsfi3i9gtbq2ptjqew0k8g55g-qujtxuhcxrni5dbry5bb-b5zi9pdc1ibj5ej9nex&amp;passive=1209600&amp;continue=https://accounts.google.com/&amp;flowname=glifwebsignin&amp;flowentry=servicelogin&amp;ifkv=aqmjq7thvjv8fechvpi-pb8uro-agcwtziwolrlpuofk_7lmvnp4eujqioi9wp6sseazez30bpuspa,1,1,0,1,1,1,1,0,0,1,0,0,1,0,0,0,0,0,0,0
https://www.ukmalt.com,0,1,0,0,0,0,0,0,1,1,1,1,1,0,0,1,1,1,1,1
http://www.nerohut.com,0,0,0,0,0,0,0,0,1,0,0,0,0,0,0,0,0,0,0,0
https://www.tours.fr,0,1,0,0,0,0,0,0,0,1,1,0,1,1,0,1,0,0,0,1
http://www.un.linuxd.org,0,0,0,1,0,0,1,0,0,1,0,0,0,0,0,0,0,0,0,0
https://www.agilent.com,0,1,0,0,0,0,0,0,1,1,1,0,1,1,0,1,0,0,1,1
https://www.bytow.com.pl,0,1,0,1,0,0,1,0,0,1,0,0,1,1,0,1,0,0,0,1
https://nxhzil.webwave.dev/,0,1,0,0,0,0,1,0,0,1,0,0,0,1,0,0,0,0,0,0
https://www.atomic.physics.lu.se,0,1,0,1,0,0,1,0,0,1,1,0,0,1,0,0,1,0,1,1
http://aquarium-cleaning.ru/verify/china/index.php?login,0,0,0,0,0,1,1,0,0,1,0,0,0,0,0,0,1,1,0,0
https://www.excellence-mag.com,0,1,0,0,0,0,1,0,1,1,0,0,1,1,0,1,1,0,1,1
https://www.srichinmoyraces.org,0,1,0,0,0,0,0,0,0,1,1,0,1,1,0,0,0,0,1,1
https://www.teeworlds.com,0,1,0,0,0,0,0,0,1,1,0,0,0,0,0,1,0,0,1,1
http://www.114oldest.com,0,0,0,0,0,0,0,0,1,1,0,0,0,0,0,0,0,0,0,0
http://www.maison-colette.com,0,0,0,0,0,0,1,0,1,1,0,0,0,0,0,0,0,0,0,0
https://mrh-project.eu,0,1,0,0,0,0,1,0,0,1,0,0,1,0,0,0,1,0,0,0
http://www.ujzuopinji.com,0,0,0,0,0,0,0,0,1,1,0,0,0,1,0,0,0,0,0,0
https://www.cryptopro.ru,0,1,0,0,0,0,0,0,0,1,1,0,0,1,0,1,1,1,1,1
http://www.token-mt.firebaseapp.com,0,0,0,1,0,0,1,0,1,0,0,0,0,0,0,0,0,0,0,0
https://www.transition-support.com,0,1,0,0,0,0,1,0,1,1,0,1,1,1,0,1,0,0,1,1
https://www.lindependant.fr,0,1,0,0,0,0,0,0,0,1,1,1,1,1,1,1,1,0,1,1
https://ipfs.io/ipfs/qmyvctxkrfxmbecfvfhadb8qjpldgf2jq54ptavxfeyxda,0,1,0,0,0,0,1,0,0,0,0,0,0,0,0,0,0,0,0,0
https://ksheami.com/?article301=&_=/spip.php%232ul6dol2gmegls4woqvi8s0qdn05rgzpwjtdrzhh1pba,0,1,1,0,1,1,1,0,1,0,1,0,1,0,0,0,0,0,0,0
https://aol-104501.weeblysite.com/,0,1,0,0,0,0,1,0,1,1,1,0,1,0,0,0,0,0,0,0
https://www.woodsbros.com,0,1,0,0,0,0,0,0,1,1,1,1,1,0,0,1,0,0,1,1
https://bfbfgbfvf.boxmode.io/,0,1,0,0,0,0,1,0,0,1,1,0,1,1,0,0,0,0,0,0
https://www.psi-online.info,0,1,0,0,0,0,1,0,0,1,1,1,1,1,0,0,1,0,1,1
https://aol-107461.weeblysite.com/,0,1,0,0,0,0,1,0,1,1,1,0,1,0,0,0,0,0,0,0
https://www.decaturdaily.com,0,1,0,0,0,0,0,0,1,1,0,1,1,1,0,1,1,0,1,1
http://cv19345.tw1.ru/nickel/,0,0,0,0,0,0,1,0,0,1,0,0,0,0,0,0,0,0,0,0
http://www.vollsten.de,0,0,0,0,0,0,0,0,0,1,0,0,0,0,0,0,0,0,0,0
https://www.onepay.co.uk,0,1,0,1,0,0,1,0,0,1,1,0,1,1,0,0,1,1,1,1
https://www.nasjonalmuseet.no,0,1,0,0,0,0,0,0,0,1,1,0,1,1,0,1,0,0,1,1
https://www.haddonhall.co.uk,0,1,0,1,0,0,1,0,0,1,1,1,1,1,0,1,1,0,1,1
https://www.veganbio.pt,0,1,0,0,0,0,0,0,0,1,0,0,1,1,0,1,1,0,1,1
https://www.ackworthschool.com,0,1,0,0,0,0,0,0,1,1,0,1,1,1,1,1,1,0,0,1
http://www.adalimmigrations.com,0,0,0,0,0,0,0,0,1,1,0,0,1,0,0,0,0,0,0,0
http://www.irkaimboeuf.com,0,0,0,0,0,0,0,0,1,0,0,0,0,0,0,0,0,0,0,0
http://le-diablotin-rouen.com/login,0,0,0,0,0,0,1,0,1,1,0,0,0,0,0,0,0,0,0,0
https://tiny.one/pznd63c,0,1,0,0,0,0,1,0,0,1,0,0,0,0,0,0,0,0,0,0
https://www.melissaanddoug.com,0,1,0,0,0,0,0,0,1,1,0,0,1,1,0,1,1,1,1,1
https://www.tiempoar.com.ar,0,1,0,1,0,0,1,0,0,1,0,1,1,1,0,1,1,1,0,1
https://www.rules.senate.gov,0,1,0,1,0,0,1,0,0,1,0,0,1,1,0,1,1,0,0,1
https://www.securityproductdepot.com,0,1,0,0,0,0,0,0,1,1,1,1,1,1,0,1,0,0,1,1
https://sizzlingvictoriousvendor.jose90907.repl.co/,0,1,0,1,0,0,1,0,0,1,0,0,0,0,0,0,0,0,0,0
http://www.eblagh-81.ml,0,0,0,0,0,0,1,0,0,1,0,0,0,0,0,0,0,0,0,0
https://maildinshaakckjnw572.web.app/,0,1,0,0,0,0,1,0,0,1,0,0,1,0,0,0,0,0,0,0
https://verification-roundcube.web.app/,0,1,0,0,0,0,1,0,0,1,0,0,1,0,0,0,0,0,1,0
https://www.bix.hu,0,1,0,0,0,0,0,0,0,1,1,0,1,0,0,1,0,0,1,1
https://ipfs.io/ipfs/qmtnsct7yt91ynnwzuzaqqniytjxs1gabmou7buyq5tqpe?filename=qmtnsct7yt91ynnwzuzaqqniytjxs1gabmou7buyq5tqpe,0,1,0,0,1,1,1,0,0,0,0,0,0,0,0,0,0,0,0,0
http://www.secure256.net,0,0,0,0,0,0,0,0,0,0,0,0,0,0,0,0,0,0,0,0
https://www.abbottandholder-thelist.co.uk,0,1,0,1,0,0,1,0,0,0,0,1,1,1,0,0,1,0,1,1
https://www.sparklabs.com,0,1,0,0,0,0,0,0,1,1,1,0,1,1,0,0,1,0,1,1
https://www.backdrops.io,0,1,0,0,0,0,0,0,0,1,1,0,1,1,0,0,0,0,0,1
http://www.fuck.ikwb.com,0,0,0,1,0,0,1,0,1,1,0,0,0,0,0,0,0,0,0,0
https://apex2go.com/readme/9/7/admin002/rertrghhj/em.html,0,1,0,0,0,0,1,0,1,1,0,0,0,0,0,0,0,0,0,0
https://veganbuddha.co.uk/js/afcu,0,1,0,0,0,0,1,0,0,1,0,0,0,0,0,0,0,0,0,0
https://www.imagedermatology.com,0,1,0,0,0,0,0,0,1,1,1,1,1,1,0,1,1,0,1,1
https://www.logodna-inel.ro,0,1,0,0,0,0,1,0,0,1,1,1,1,1,0,1,1,0,1,1
http://smatisant2.temp.swtest.ru/santanderpin/sant/particulares.php,0,0,0,1,0,0,1,0,0,1,1,0,1,1,0,0,1,1,0,0
http://www.adagio-spa.com/befile/,0,0,0,0,0,0,1,0,1,1,0,0,0,0,0,0,0,0,0,0
https://www.hydra-institute.com,0,1,0,0,0,0,1,0,1,1,0,0,1,1,0,0,0,0,1,1
http://www.sna-elc.online,0,0,0,0,0,0,1,0,0,1,0,0,0,0,0,0,0,0,0,0
https://www.fonefinder.net,0,1,0,0,0,0,0,0,0,1,0,0,1,1,0,1,1,0,1,1
https://www.herbalpedia.com,0,1,0,0,0,0,0,0,1,1,0,0,0,1,0,1,0,0,0,1
https://www.templejc.edu,0,1,0,0,0,0,0,0,0,1,0,0,1,0,0,1,1,0,1,1
http://www.peternieboer.com,0,0,0,0,0,0,0,0,1,1,0,0,1,0,0,0,0,0,0,0
http://www.f0545143.xsph.ru,0,0,0,1,0,0,1,0,0,1,0,0,0,0,0,0,0,0,0,0
http://www.hostedforfree.com,0,0,0,0,0,0,0,0,1,1,0,0,1,0,0,0,0,0,0,0
https://docs.google.com/forms/d/e/1faipqlsc4be7mrtvsnpefajfjbm4-hgf6uz5swrkcvh4lf-csmi6n5q/viewform,0,1,0,0,0,0,1,0,1,1,1,0,1,0,0,0,0,0,1,0
https://www.mimmofiorilla.com,0,1,0,0,0,0,0,0,1,1,1,1,1,1,0,0,0,0,1,1
https://www.bistrobox.com,0,1,0,0,0,0,0,0,1,1,1,1,1,1,0,1,0,0,1,1
http://www.feelimagen.com,0,0,0,0,0,0,0,0,1,0,0,0,0,0,0,0,0,0,0,0
https://www.wanda-group.com,0,1,0,0,0,0,1,0,1,1,0,0,0,1,0,1,0,0,1,1
https://www.cmlt.uga.edu,0,1,0,1,0,0,1,0,0,1,1,0,1,0,0,1,1,0,1,1
https://ipfs.best-practice.se/ipfs/bafybeig52bssadmmakzsrzm7rcd35bmb6gygf424di5lmo4ayowyq67y64/link.html,0,1,0,0,0,0,1,0,0,0,0,0,0,0,0,0,0,0,0,0
https://www.castelmaison.com,0,1,0,0,0,0,0,0,1,1,1,1,1,1,0,1,1,1,1,1
https://www.brookwoodgrill.com,0,1,0,0,0,0,0,0,1,1,0,0,1,0,0,1,1,1,1,1
https://www.space.unibe.ch,0,1,0,1,0,0,1,0,0,1,0,0,1,1,0,1,0,0,1,1
https://www.tourenfahrer.de,0,1,0,0,0,0,0,0,0,1,1,0,1,1,0,1,1,0,1,1
https://vihtedmarket.342311.xyz/tdpq3mhh/switch-step/39,0,1,0,0,0,0,1,0,0,0,0,0,0,0,0,0,0,0,0,0
https://www.martechseries.com,0,1,0,0,0,0,0,0,1,1,0,1,1,1,0,1,1,0,1,1
https://wwxhajudjgwjklckvzgs18.firebaseapp.com/,0,1,0,0,0,0,1,0,1,1,0,0,0,0,0,0,0,0,0,0
http://antivirus-nod-probnik.sepa-00980-force-drop.oa.r.appspot.com/?fbclid=iwar3vildf8sghk5yvsh52c3k4lycypeli3zafzxnsdsjlkp6x4zg1xblg4hc,0,0,0,1,1,1,1,0,1,1,0,0,0,0,0,0,0,0,0,0
https://www.capstonecurriculum.com.au,0,1,0,1,0,0,1,0,0,1,0,0,0,1,0,1,1,0,1,1
https://bafybeiardsa5er7hxrjr74j6khdgikhmxomx5hrwldrefftslvh72a3rai.ipfs.cf-ipfs.com/12admadwetransfredirect.html,0,1,0,1,0,0,1,0,1,1,0,0,0,0,0,0,0,0,0,0
https://www.saratogaliving.com,0,1,0,0,0,0,0,0,1,1,0,1,1,1,0,1,1,0,0,1
http://www.technowood.co.ke,0,0,0,1,0,0,1,0,0,0,0,0,0,0,0,0,0,0,0,0
http://www.brugge.osa.pl,0,0,0,1,0,0,1,0,0,0,0,0,0,0,0,0,0,0,0,0
https://bafybeibrlmngt5zsqnkhfeb2wxppcgqtymj25vkkquwoysryx2kkokzoha.ipfs.dweb.link/,0,1,0,1,0,0,1,0,0,1,0,0,0,0,0,0,0,0,0,0
https://www.knightarmco.com,0,1,0,0,0,0,0,0,1,1,1,1,1,1,0,1,1,1,1,1
http://www.taabgroup.com,0,0,0,0,0,0,0,0,1,1,0,0,1,0,0,0,0,0,1,0
https://www.theburningmonk.com,0,1,0,0,0,0,0,0,1,1,1,1,1,1,0,1,1,0,0,1
http://lukers.com.sg/chronopostalertee/chronopostalertee,0,0,0,0,0,0,1,0,0,1,0,0,0,0,0,0,0,0,0,0
https://www.fleurette.com.au,0,1,0,1,0,0,1,0,0,1,0,0,1,1,0,1,1,0,1,1
http://www.verificationpays.com,0,0,0,0,0,0,0,0,1,0,0,0,0,0,0,0,0,0,0,0
https://www.schulzefamilyfoundation.org,0,1,0,0,0,0,0,0,0,1,0,1,1,1,0,0,1,0,1,1
https://www.burosalt.nl,0,1,0,0,0,0,0,0,0,1,0,0,1,0,0,1,0,0,1,1
https://www.liquid-robotics.com,0,1,0,0,0,0,1,0,1,1,1,1,1,1,0,1,1,0,1,1
https://www.lu.se,0,1,0,0,0,0,0,0,0,1,1,0,1,1,0,1,1,0,0,1
https://storage.yandexcloud.net/sign-rcae8j9n0edbroqehxzn4pwznwbldqztgry9y507v9b/index.html,0,1,0,0,0,0,1,0,0,0,0,0,0,0,0,0,1,0,0,0
https://www.charnwood.gov.uk,0,1,0,1,0,0,1,0,0,1,0,0,1,1,0,0,1,0,0,1
https://www.skoob.com.br,0,1,0,1,0,0,1,0,0,1,0,0,1,1,0,1,1,0,0,1
http://43.156.75.220/v3/signin/identifier?dsh=s537070788%3a1680638468020064&amp%3bcontinue=https%3a%2f%2faccounts.google.com%2f%3f&amp%3bfollowup=https%3a%2f%2faccounts.google.com%2f%3f&amp%3bifkv=aqmjq7t4oz7qalnthmw-jhmbitkjknedlbu4usd1jvnsxxdeiwdziuedkxz-xuftknnfdus1gq4wlg&amp%3bpassive=1209600&amp%3bxrealip=35.203.255.107&xrealip=34.198.46.118&flowname=weblitesignin&flowentry=servicelogin&ifkv=aqmjq7tyen10juimvykcpiktlnw0odj0ioopkol_mqqkgdohfj9_oejncdjfbt9nkfloituolltf,1,1,0,1,1,1,1,0,0,1,0,0,1,1,0,0,1,0,1,0
http://www.themesthatyoulike.com,0,0,0,0,0,0,0,0,1,0,0,0,0,0,0,0,0,0,0,0
https://www.phoenix.gov,0,1,0,0,0,0,0,0,0,1,1,0,1,1,0,0,0,0,0,1
https://file-share-from-claudio-open-view.web.app/,0,1,0,0,0,0,1,0,0,1,0,0,1,0,0,0,0,0,0,0
https://www.vintagefive.com,0,1,0,0,0,0,0,0,1,1,1,0,1,1,0,1,1,1,1,1
http://www-confrontationalclothing-com.usrfiles.com/html/0e472f_4d9b2a88f72eb4191a8eb158b004ca1f.html,0,0,0,0,0,0,1,0,1,0,0,0,0,0,0,0,0,0,0,0
https://fb-business-appeal-9fdda.firebaseapp.com/,0,1,0,0,0,0,1,0,1,1,0,0,1,0,0,0,0,0,0,0
http://www.ablag.cf,0,0,0,0,0,0,0,0,0,1,0,0,0,0,0,0,0,0,0,0
http://controllo-cliente.com/,0,0,0,0,0,0,1,0,1,1,0,0,0,0,0,0,0,0,0,0
https://www.sedghplasticsurgery.com,0,1,0,0,0,0,0,0,1,1,1,1,1,1,0,1,1,0,1,1
https://www.vaed.uscourts.gov,0,1,0,1,0,0,1,0,0,1,1,0,1,0,0,0,1,1,1,1
https://misenjourespacedigit.web.app/,0,1,0,0,0,0,1,0,0,0,0,0,0,0,0,0,0,0,0,0
https://www.ladybugpress.com,0,1,0,0,0,0,0,0,1,1,0,0,1,1,0,1,1,1,1,1
http://1636365.com/assets/40vue.503ff477.js/assets/@intlify.595663c5.js/assets/@intlify.595663c5.js/assets/,0,0,0,0,0,0,1,0,1,1,1,0,1,0,0,0,0,0,0,0
https://www.universalcompendium.com,0,1,0,0,0,0,0,0,1,1,1,0,0,0,0,0,0,0,1,1
https://www.novec.com,0,1,0,0,0,0,0,0,1,1,1,0,1,1,0,1,1,1,1,1
http://www.56nk4qmwxcdd72yiaro7bxixvgf5awgmmzpodub7phmfsqylezu2tsid.onion.moe,0,0,0,1,0,0,1,0,0,1,0,0,0,0,0,0,0,0,0,0
https://ipfs.io/ipfs/qmybh2tv6pjymgsgpczckzrwjfehtb6uuzzepasbvdj3ck/amapiauotweb.html,0,1,0,0,0,0,1,0,0,1,0,0,0,0,0,0,0,0,0,0
https://soufritont.blogspot.com/?m=0,0,1,0,0,1,1,1,0,1,1,1,0,0,0,0,0,0,0,0,0
http://www.pudehaichuang.top,0,0,0,0,0,0,0,0,0,0,0,0,0,0,0,0,0,0,0,0
https://www.melissajill.com,0,1,0,0,0,0,0,0,1,1,1,0,1,1,0,1,0,0,1,1
http://uriswap.kz,0,0,0,0,0,0,0,0,0,1,0,0,0,0,0,0,0,0,0,0
https://www.southstpaul.org,0,1,0,0,0,0,0,0,0,1,1,0,1,1,0,1,0,0,1,1
http://akserakaryakit.com/templates/atomic/icscards.nl,0,0,0,0,0,0,1,0,1,1,0,0,0,0,0,0,0,0,0,0
http://www.gtraff.com,0,0,0,0,0,0,0,0,1,0,0,0,0,0,0,0,0,0,0,0
https://www.iwco.com,0,1,0,0,0,0,0,0,1,1,0,1,1,0,1,1,1,0,1,1
https://cool-leavitt.45-67-228-144.plesk.page/news1/mms1/auth/login,0,1,0,1,0,0,1,0,0,1,0,0,1,0,0,0,1,0,0,0
https://www.flashscore.com,0,1,0,0,0,0,0,0,1,1,1,1,1,1,0,0,0,0,1,1
http://www.batdongsan.dcsvnqvmn.com,0,0,0,1,0,0,1,0,1,0,0,0,0,0,0,0,0,0,0,0
https://swisspost.main.jp/swp/nv6588123/online.php,0,1,0,0,0,0,1,0,0,1,0,1,1,0,0,0,0,0,1,0
http://www.tdef49qzbomqmac.gq,0,0,0,0,0,0,0,0,0,1,0,0,0,0,0,0,0,0,0,0
http://www.mass.longvn.net,0,0,0,1,0,0,1,0,0,0,0,0,0,0,0,0,0,0,0,0
http://xperiaexecutivesearch.com/--/17276/login.html,0,0,0,0,0,0,1,0,1,1,0,0,1,0,1,0,1,0,1,0
http://mail.deliverylifesupport.com/public/f7nzltseaibrses26fukwouqf02k3d5z,0,0,0,0,0,0,1,0,1,1,0,0,0,0,0,0,0,0,0,0
http://email-service-update-106647.weeblysite.com/,0,0,0,0,0,0,1,0,1,1,0,0,0,0,0,0,0,0,0,0
https://raclaw.maciejkrysztofiak.pl/aiiegro/email@example.com,0,1,0,0,0,0,1,0,0,1,0,1,1,0,0,0,0,0,0,0
https://robertshepard35.wixsite.com/my-site,0,1,0,0,0,0,1,0,1,1,0,1,1,1,0,0,0,0,0,0
https://www.ngsgenealogy.org,0,1,0,0,0,0,0,0,0,1,1,1,1,0,0,1,0,1,1,1
https://www.mera400.pl,0,1,0,0,0,0,0,0,0,1,1,0,0,0,0,1,1,0,0,1
https://www.xzibitcentral.com,0,1,0,0,0,0,0,0,1,1,0,0,0,0,0,1,0,0,1,1
https://www.ref-sh.ch,0,1,0,0,0,0,1,0,0,1,1,0,1,1,0,1,0,0,1,1
https://www.demotivateur.fr,0,1,0,0,0,0,0,0,0,1,1,1,1,1,0,1,1,0,1,1
https://aol-107402.weeblysite.com/,0,1,0,0,0,0,1,0,1,1,1,0,1,0,0,0,0,0,0,0
https://www.moabtimes.com,0,1,0,0,0,0,0,0,1,1,0,1,1,0,0,1,1,0,1,1
https://www.tentaran.com,0,1,0,0,0,0,0,0,1,1,1,1,1,1,0,1,1,0,1,1
https://www.torquegamers.com,0,1,0,0,0,0,0,0,1,1,1,0,1,0,0,0,0,0,1,1
https://www.startq.com,0,1,0,0,0,0,0,0,1,1,0,0,1,1,0,0,0,0,1,1
https://www.ecodallecitta.it,0,1,0,0,0,0,0,0,0,1,0,1,1,1,0,1,1,1,0,1
https://www.hcbe.net,0,1,0,0,0,0,0,0,0,1,0,0,1,0,0,1,0,0,1,1
https://www.openaccessgovernment.org,0,1,0,0,0,0,0,0,0,1,1,1,1,1,0,1,1,0,1,1
http://www.e.applesoftupdate.com,0,0,0,1,0,0,1,0,1,0,0,0,0,0,0,0,0,0,0,0
https://www.coolaroo.com,0,1,0,0,0,0,0,0,1,1,1,0,1,1,0,1,1,0,1,1
http://att-108675.weeblysite.com/,0,0,0,0,0,0,1,0,1,1,0,0,0,0,0,0,0,0,0,0
https://www.health.state.mn.us,0,1,0,1,0,0,1,0,0,1,1,0,1,0,0,1,1,0,0,1
https://www.drudgereport.com,0,1,0,0,0,0,0,0,1,1,0,0,0,0,0,0,1,0,1,1
https://www.elections.act.gov.au,0,1,0,1,0,0,1,0,0,1,1,1,1,1,0,1,1,0,1,1
https://www.thebridalknot.com.au,0,1,0,1,0,0,1,0,0,1,0,0,1,1,0,0,1,1,1,1
http://www.fyambe.news,0,0,0,0,0,0,0,0,0,1,0,1,0,0,0,0,0,0,1,0
https://www.bpla.com,0,1,0,0,0,0,0,0,1,1,1,0,1,1,0,1,1,0,1,1
https://www.britainbycar.co.uk,0,1,0,1,0,0,1,0,0,1,0,0,1,0,0,0,0,0,1,1
http://grandcitygroup.com/plentyp/debmail-en/,0,0,0,0,0,0,1,0,1,1,0,1,1,0,0,0,1,1,0,0
https://www.fatbeam.com,0,1,0,0,0,0,0,0,1,1,0,1,1,1,0,1,0,0,1,1
https://www.emoji-maker.com,0,1,0,0,0,0,1,0,1,1,1,0,1,1,0,1,0,0,1,1
https://www.allabouttidy.com,0,1,0,0,0,0,0,0,1,1,0,0,1,1,0,1,1,1,1,1
https://eoffice-fksjvodv.click/,0,1,0,0,0,0,1,0,0,1,0,0,0,0,0,0,0,1,0,0
https://www.federacioncolombianadeciclismo.com,0,1,0,0,0,0,0,0,1,1,1,1,1,1,0,1,1,0,1,1
https://www.genealogyinc.com,0,1,0,0,0,0,0,0,1,1,1,1,1,1,0,0,1,0,1,1
http://www.refireads.com,0,0,0,0,0,0,0,0,1,0,0,0,0,0,0,0,0,0,0,0
https://secureliiverify-net.webflow.io/,0,1,0,0,0,0,1,0,0,1,0,0,0,0,0,0,0,0,0,0
https://www.cityofevanston.org,0,1,0,0,0,0,0,0,0,1,1,0,1,1,0,1,0,0,1,1
https://www.cityofarcata.org,0,1,0,0,0,0,0,0,0,1,1,0,1,1,0,0,0,0,0,1
http://www.guimant.com,0,0,0,0,0,0,0,0,1,0,0,0,0,0,0,0,0,0,0,0
http://96446141154.hyperphp.com/,0,0,0,0,0,0,1,0,1,0,0,0,0,0,0,0,0,0,0,0
http://www.u89134p84288.web0129.zxcs-klant.nl,0,0,0,1,0,0,1,0,0,1,0,0,0,0,0,0,0,0,0,0
https://www.wasserspender-miete.de,0,1,0,0,0,0,1,0,0,1,1,1,1,1,0,0,1,0,1,1
https://www.alexburr.com,0,1,0,0,0,0,0,0,1,1,0,0,1,0,0,1,0,0,0,1
http://www.kgresale.com,0,0,0,0,0,0,0,0,1,0,0,0,0,0,0,0,0,0,0,0
https://zebiaemoister.firebaseapp.com/,0,1,0,0,0,0,1,0,1,1,0,0,0,0,0,0,0,0,0,0
http://www.residegi.ga,0,0,0,0,0,0,0,0,0,1,0,0,0,0,0,0,0,0,0,0
http://www.andsto57cksstar.rr.nu,0,0,0,1,0,0,1,0,0,1,0,0,0,0,0,0,0,0,0,0
https://objectstorage.ap-tokyo-1.oraclecloud.com/n/nr7nwmw5hpha/b/bucket-20230428-1048/o/dmv5myxrpbb24g3jtindex.html,0,1,0,1,0,0,1,0,1,1,0,0,1,0,0,0,1,1,0,0
https://434645645645646--345344334643534.repl.co/cargando1.php,0,1,0,0,0,0,1,0,0,1,0,0,0,0,0,0,0,0,0,0
https://www.kirchen.ch,0,1,0,0,0,0,0,0,0,1,0,1,1,0,0,0,0,0,1,1
http://www.mail.tripadvisorsapp.com,0,0,0,1,0,0,1,0,1,0,0,0,0,0,0,0,0,0,0,0
https://ghd45-mh78g.web.app/,0,1,0,0,0,0,1,0,0,1,0,0,1,0,0,0,0,0,0,0
https://www.imaginethecity.de,0,1,0,0,0,0,0,0,0,1,0,1,1,1,0,1,0,0,1,1
http://www.hostujmy.pl,0,0,0,0,0,0,0,0,0,0,0,0,0,0,0,0,0,0,0,0
https://www.wanderingthreadsembroidery.com,0,1,0,0,0,0,0,0,1,1,1,1,1,0,0,1,1,0,1,1
https://www.wilderness.org.au,0,1,0,1,0,0,1,0,0,1,1,1,1,1,0,1,1,0,1,1
http://www.rg-exponat.ru,0,0,0,0,0,0,1,0,0,1,0,0,0,0,0,0,0,0,0,0
https://s.amaesoesn.icu/,0,1,0,0,0,0,1,0,0,1,0,0,0,0,0,0,0,0,0,0
https://www.bluerobot.com,0,1,0,0,0,0,0,0,1,1,0,0,1,0,0,0,0,0,1,1
http://www.triptravel.co,0,0,0,0,0,0,0,0,0,0,0,0,0,0,0,0,0,0,0,0
https://www.klaimy.com,0,1,0,0,0,0,0,0,1,1,1,0,1,1,0,1,1,0,1,1
https://www.livex.tv,0,1,0,0,0,0,0,0,0,1,1,0,1,1,0,1,1,0,1,1
https://vq9t5h.webwave.dev/,0,1,0,0,0,0,1,0,0,1,0,0,0,1,0,0,0,0,0,0
https://www.socialsuccessmarketing.com,0,1,0,0,0,0,0,0,1,1,0,1,1,1,0,1,1,1,1,1
https://www.nirs.org,0,1,0,0,0,0,0,0,0,1,1,1,1,1,0,1,1,0,0,1
https://pdf-online-6c05c8.webflow.io/,0,1,0,0,0,0,1,0,0,1,0,0,0,0,0,0,0,0,0,0
http://www.dnsip.ru,0,0,0,0,0,0,0,0,0,0,0,0,0,0,0,0,0,0,0,0
https://www.creedfeed.com,0,1,0,0,0,0,0,0,1,1,0,1,0,1,0,0,1,0,1,1
https://goonlinebiznes.live,0,1,0,0,0,0,0,0,0,1,0,0,0,0,0,0,0,0,0,0
http://www.finincim.com,0,0,0,0,0,0,0,0,1,0,0,0,0,0,0,0,0,0,0,0
https://www.giornalettismo.com,0,1,0,0,0,0,0,0,1,1,0,1,1,1,0,1,1,0,1,1
https://www.caltrack.com,0,1,0,0,0,0,0,0,1,1,0,0,1,1,0,1,0,0,0,1
https://www.ancientegyptmall.com,0,1,0,0,0,0,0,0,1,1,0,0,0,1,0,0,1,0,1,1
https://www.littleboxofrocks.com,0,1,0,0,0,0,0,0,1,1,1,1,1,1,0,1,1,1,1,1
http://www.mob.netau.net,0,0,0,1,0,0,1,0,0,1,0,0,0,0,0,0,0,0,0,0
http://www.usa.itsaol.com,0,0,0,1,0,0,1,0,1,1,0,0,0,0,0,0,0,0,0,0
https://www.especiallypuglia.com,0,1,0,0,0,0,0,0,1,1,1,1,1,1,0,1,1,0,1,1
https://ipfs.io/ipfs/bafybeicut2gtz2rcrdw2vby4vlndj2ehe7ph64scqtjwjqw6kcpy6esdti/solution.html,0,1,0,0,0,0,1,0,0,1,0,0,0,0,0,0,0,0,0,0
https://www.tricitiesbusinessnews.com,0,1,0,0,0,0,0,0,1,1,0,1,1,1,0,1,1,0,1,1
https://elastic-fuchsia-book.glitch.me/nnufu0nnline.htm,0,1,0,0,0,0,1,0,0,1,0,0,1,0,0,0,0,0,0,0
https://www.ellicottschools.org,0,1,0,0,0,0,0,0,0,1,0,0,1,0,0,1,1,0,1,1
https://www.escalontimes.com,0,1,0,0,0,0,0,0,1,1,1,1,1,1,0,1,1,0,0,1
http://ecfenterprises.com.au/bcr2021/,0,0,0,0,0,0,1,0,0,1,1,0,1,0,0,0,1,1,1,0
https://www.perc.ca,0,1,0,0,0,0,0,0,0,1,1,0,1,0,0,1,1,0,0,1
https://www.on24.com,0,1,0,0,0,0,0,0,1,1,1,1,1,1,1,1,0,0,1,1
https://www.lauderdalebythesea-fl.gov,0,1,0,0,0,0,1,0,0,1,1,0,1,1,0,1,0,0,1,1
https://www.the360mag.com,0,1,0,0,0,0,0,0,1,1,1,1,1,0,1,1,1,0,1,1
https://www.igpm.rwth-aachen.de,0,1,0,1,0,0,1,0,0,1,1,0,1,0,0,0,0,0,1,1
http://www.royaltyrealtynsb.com,0,0,0,0,0,0,0,0,1,1,0,0,0,0,0,0,0,0,0,0
https://jiangmatt.com,0,1,0,0,0,0,0,0,1,1,0,1,1,0,0,0,0,0,0,0
https://www.elemanuzmani.com,0,1,0,0,0,0,0,0,1,1,1,0,1,1,0,1,0,0,1,1
https://www.sanghan.co,0,1,0,0,0,0,0,0,0,1,1,0,1,1,0,1,0,0,0,1
https://www.smrj.go.jp,0,1,0,1,0,0,1,0,0,1,1,0,1,1,0,1,1,0,1,1
http://www.dhartimata.com,0,0,0,0,0,0,0,0,1,0,0,0,0,0,0,0,0,0,0,0
http://www.kueronekayacntn-co-jp.kueronekayacoto.gbykac.top/ai/,0,0,0,1,0,0,1,0,0,1,0,0,1,0,0,0,1,0,1,0
https://www.ontheclock.com,0,1,0,0,0,0,0,0,1,1,1,1,0,1,0,1,1,0,1,1
https://www.bmwfaq.org,0,1,0,0,0,0,0,0,0,1,0,0,1,1,0,1,1,1,1,1
https://mentecnologiabpfr.firebaseapp.com/,0,1,0,0,0,0,1,0,1,1,0,0,0,0,0,0,0,0,0,0
https://konto-513192-potwierdz.magdach.pl/kmasuw/ksiis/92293fa852e9c5985f236ab3b87611f7/login/,0,1,0,0,0,0,1,0,0,1,0,1,1,0,0,0,0,0,0,0
https://sfr-esim-annulation.fr/verification/login.php,0,1,0,0,0,0,1,0,0,0,0,0,0,0,0,0,0,0,0,0
https://mail-107810.square.site/,0,1,0,0,0,0,1,0,0,1,0,0,0,0,0,0,0,0,0,0
https://www.johanniter.de,0,1,0,0,0,0,0,0,0,1,1,1,1,1,0,0,1,0,1,1
https://www.ballasts.com,0,1,0,0,0,0,0,0,1,1,1,0,0,1,0,1,1,1,1,1
https://www.niva.no,0,1,0,0,0,0,0,0,0,1,1,1,1,1,0,0,1,0,0,1
http://www.is-a-caterer.com,0,0,0,0,0,0,1,0,1,0,0,0,0,0,0,0,0,0,0,0
https://www.businessinafrica.net,0,1,0,0,0,0,0,0,0,1,0,0,0,0,0,0,0,0,1,1
http://www.microavrc-usb33bit.com,0,0,0,0,0,0,1,0,1,1,0,0,1,0,0,0,0,0,0,0
https://reys.yogashima.de/agricole45/421186145daf225/region.php?particulier,0,1,0,0,0,1,1,0,0,1,1,1,1,0,0,0,1,0,0,0
https://www.stilettojungleblog.com,0,1,0,0,0,0,0,0,1,1,1,0,0,0,0,0,1,0,1,1
https://www.myfeetinmotion.com,0,1,0,0,0,0,0,0,1,1,1,1,1,1,1,1,1,0,0,1
https://zs4q-ksh4f.web.app/,0,1,0,0,0,0,1,0,0,1,0,0,1,0,0,0,0,0,0,0
https://www.burkemuseum.org,0,1,0,0,0,0,0,0,0,1,1,0,1,0,0,0,1,0,1,1
http://www.constructiondistrict.com,0,0,0,0,0,0,0,0,1,0,0,0,0,0,0,0,0,0,0,0
https://www.survivingateacherssalary.com,0,1,0,0,0,0,0,0,1,1,1,1,1,1,1,1,1,0,1,1
http://www.ameraiaoexprecs.co.jp.zvdong.cn/,0,0,0,1,0,0,1,0,0,0,1,0,1,0,0,0,0,0,0,0
https://att-100984.square.site/,0,1,0,0,0,0,1,0,0,1,0,0,0,0,0,0,0,0,0,0
https://www.artxzay.com,0,1,0,0,0,0,0,0,1,1,0,0,1,1,0,1,1,1,1,1
https://www.risk-show.com,0,1,0,0,0,0,1,0,1,1,1,1,1,0,0,1,1,0,0,1
https://www.radioroks.ua,0,1,0,0,0,0,0,0,0,1,1,0,0,1,0,1,0,0,0,1
https://www.aprpets.org,0,1,0,0,0,0,0,0,0,1,1,1,1,1,0,0,0,0,1,1
https://kyberswap-chain.com/?gclid=eaiaiqobchmi-yo7177-_aivked3ch095avieaayasaaegjwbpd_bwe,0,1,0,0,1,1,1,0,1,0,0,0,0,0,0,0,0,0,0,0
http://www.pandaminer.co,0,0,0,0,0,0,0,0,0,0,0,0,1,0,0,0,0,0,0,0
https://www.palmefonden.se,0,1,0,0,0,0,0,0,0,1,1,1,1,0,0,0,0,0,0,1
https://attduckmail81fuvkjhdeck816.weebly.com/,0,1,0,0,0,0,1,0,1,1,0,1,1,0,0,0,0,0,0,0
https://www.volunteernow.org,0,1,0,0,0,0,0,0,0,1,1,1,1,0,0,1,1,1,1,1
https://www.ezclassifiedads.com,0,1,0,0,0,0,0,0,1,1,1,0,1,1,0,0,1,0,1,1
https://dev-bcr21.pantheonsite.io/,0,1,0,0,0,0,1,0,0,1,0,0,1,0,0,0,0,1,0,0
https://www.nkj.ru,0,1,0,0,0,0,0,0,0,1,1,0,1,1,0,0,1,0,1,1
https://dpdfmw.florrebott.cf/?tranzakt39906,0,1,0,0,0,1,1,0,0,0,0,0,0,0,0,0,0,0,0,0
http://www.prohome.info,0,0,0,0,0,0,0,0,0,1,0,1,1,1,0,0,0,0,0,0
https://support.amazon.co.anazom.vip/,0,1,0,1,0,0,1,0,0,0,1,0,1,0,0,0,0,0,0,0
http://mcgu457dcvbnfgtu.bio/login.php,0,0,0,0,0,0,1,0,0,1,0,0,0,0,0,0,0,0,0,0
https://www.infoinsides.com,0,1,0,0,0,0,0,0,1,1,1,1,1,0,0,0,1,1,1,1
https://www.ocamagazine.com,0,1,0,0,0,0,0,0,1,1,0,1,0,1,1,1,0,0,0,1
http://www.gege.oplaymagzine.com,0,0,0,1,0,0,1,0,1,0,0,0,0,0,0,0,0,0,0,0
https://wan.cresnew.com/,0,1,0,0,0,0,1,0,1,0,0,0,0,0,0,0,0,0,0,0
https://www.zirkus-stey.ch,0,1,0,0,0,0,1,0,0,1,1,0,1,0,0,1,0,0,1,1
https://www.contemporary-dance.org,0,1,0,0,0,0,1,0,0,1,0,0,0,1,0,1,1,0,1,1
https://www.dunesevent.com,0,1,0,0,0,0,0,0,1,1,0,0,1,1,0,1,0,0,0,1
https://ceromperc.firebaseapp.com/,0,1,0,0,0,0,1,0,1,1,0,0,1,0,0,0,0,0,0,0
https://www.conmebol.com,0,1,0,0,0,0,0,0,1,1,1,1,1,1,1,1,1,0,1,1
https://fewsufficientparallelcompiler.juan-pablopa788.repl.co/,0,1,0,1,0,0,1,0,0,1,0,0,0,0,0,0,0,0,0,0
http://primariavirfurile.ro/checkpg/onedrive/onedrive/xb/index.php,0,0,0,0,0,0,1,0,0,1,0,0,0,0,0,0,0,0,0,0
https://www.khalsaaid.org,0,1,0,0,0,0,0,0,0,1,1,1,1,0,0,1,0,0,1,1
https://www.energylens.com,0,1,0,0,0,0,0,0,1,1,0,1,1,1,0,0,0,0,1,1
https://ldfee-3eaff.web.app/,0,1,0,0,0,0,1,0,0,1,0,0,1,0,0,0,0,0,0,0
https://www.covermale.com,0,1,0,0,0,0,0,0,1,1,1,0,1,1,0,1,1,1,1,1
https://axonsolution.com/xmrlcp/,0,1,0,0,0,0,1,0,1,0,0,0,0,0,0,0,0,0,0,0
http://www.fashioncontainer.net,0,0,0,0,0,0,0,0,0,0,0,0,0,0,0,0,0,0,0,0
http://inc-100305.weeblysite.com/,0,0,0,0,0,0,1,0,1,1,0,0,0,0,0,0,0,0,0,0
https://www.pmmag.com,0,1,0,0,0,0,0,0,1,1,1,0,1,1,0,1,1,0,1,1
https://www.roma-alliance.org,0,1,0,0,0,0,1,0,0,1,1,0,1,1,0,1,1,0,1,1
http://www.saisasiocard.co.jp.boatquality.shop/jp.php?u=2,0,0,0,1,1,1,1,0,0,0,0,0,0,0,0,0,0,0,0,0
https://www.michaelriddle.com,0,1,0,0,0,0,0,0,1,1,0,1,0,0,0,0,1,0,1,1
https://dev-provinet-inicio.pantheonsite.io/,0,1,0,0,0,0,1,0,0,1,0,0,0,0,0,0,0,0,0,0
http://www.hodmunha.info,0,0,0,0,0,0,0,0,0,0,0,0,0,0,0,0,0,0,0,0
https://www.knowledgevision.com,0,1,0,0,0,0,0,0,1,1,0,1,1,1,0,0,1,0,1,1
http://www.webnatico.com,0,0,0,0,0,0,0,0,1,0,0,0,0,0,0,0,0,0,0,0
https://www.traditionalgames.in,0,1,0,0,0,0,0,0,0,1,0,1,1,1,0,0,1,0,1,1
https://www.simiishome.com,0,1,0,0,0,0,0,0,1,1,0,0,1,1,0,0,0,0,0,1
https://www.perennials.com,0,1,0,0,0,0,0,0,1,1,0,0,1,1,0,1,0,0,1,1
https://att-mail-100184-103311.square.site/,0,1,0,0,0,0,1,0,0,1,0,0,0,0,0,0,0,0,0,0
https://www.ndnmag.fr/en/e76b4e123175b80817b43c81de1263ca/execution.html?validation=e1s1,0,1,0,0,1,1,1,0,0,1,1,0,1,1,0,0,0,0,0,0
https://www.alnwickgarden.com,0,1,0,0,0,0,0,0,1,1,0,1,1,1,1,1,1,0,1,1
http://www.tych.pe,0,0,0,0,0,0,0,0,0,0,0,0,0,0,0,0,0,0,0,0
http://www.manorviews.co.nz,0,0,0,1,0,0,1,0,0,1,0,0,0,0,0,0,0,0,0,0
https://www.jacdev.fr,0,1,0,0,0,0,0,0,0,1,1,1,1,0,0,1,0,0,1,1
http://www.jsksolutions.co.za,0,0,0,1,0,0,1,0,0,1,0,0,0,0,0,0,0,0,0,0
https://www.americanscrapmetal.com,0,1,0,0,0,0,0,0,1,1,0,0,1,1,0,1,1,0,1,1
https://www.lapuanhiippakunta.fi,0,1,0,0,0,0,0,0,0,1,1,1,1,1,0,1,1,0,1,1
https://www.fashionfunpop.com,0,1,0,0,0,0,0,0,1,1,0,0,1,1,0,1,1,1,1,1
https://www.paiskincare.com,0,1,0,0,0,0,0,0,1,1,1,0,1,1,0,1,1,1,1,1
https://www.socialdemocrats.org,0,1,0,0,0,0,0,0,0,1,0,1,1,0,0,1,1,0,0,1
https://monbalz.web.app/,0,1,0,0,0,0,1,0,0,1,0,0,0,0,0,0,0,0,0,0
https://aol-101333.weeblysite.com/,0,1,0,0,0,0,1,0,1,1,0,0,0,0,0,0,0,0,0,0
http://www.sh22.net,0,0,0,0,0,0,0,0,0,1,0,0,1,0,0,0,0,0,0,0
http://www.uuj.cannca.shop,0,0,0,1,0,0,1,0,0,1,0,0,0,0,0,0,0,0,0,0
http://www.rrm.fbcode.co,0,0,0,1,0,0,1,0,0,1,0,0,0,0,0,0,0,0,0,0
http://www.empty-boat-5019.dgentile8443.workers.dev,0,0,0,1,0,0,1,0,0,0,0,0,0,0,0,0,0,0,0,0
https://bafybeigbywaah3iux3pe7mlkcpcofk7vvwlcangxznp2343r7kjg3l6iim.ipfs.dweb.link/index.htm,0,1,0,1,0,0,1,0,0,1,0,0,0,0,0,0,0,0,0,0
http://ihnaim22.github.io/facebook-old-login-page,0,0,0,0,0,0,1,0,0,1,0,0,0,0,0,0,0,0,0,0
https://www.alelion.com,0,1,0,0,0,0,0,0,1,1,0,1,1,1,0,1,1,0,0,1
https://www.pixelcrayons.com,0,1,0,0,0,0,0,0,1,1,1,1,1,1,0,1,1,0,1,1
http://www.rastrearseudispositivo.com/icloud/seguro/icloud.html,0,0,0,0,0,0,1,0,1,1,0,0,1,0,0,0,0,0,0,0
https://www.greenrope.com,0,1,0,0,0,0,0,0,1,1,0,0,1,1,0,1,0,0,1,1
https://review-appeal-form-10028951298.firebaseapp.com/,0,1,0,0,0,0,1,0,1,1,0,0,1,0,0,0,0,0,0,0
https://www.grafiquelien.com,0,1,0,0,0,0,0,0,1,1,0,1,1,0,0,1,1,0,1,1
http://www.glitso.in,0,0,0,0,0,0,0,0,0,1,0,0,0,0,0,0,0,0,0,0
https://www.pwigs.com,0,1,0,0,0,0,0,0,1,1,0,0,1,1,0,1,1,1,1,1
https://ameeo.cp95623.com/jp,0,1,0,0,0,0,1,0,1,1,0,1,1,0,0,0,0,0,0,0
http://www.madangfood.com,0,0,0,0,0,0,0,0,1,1,0,0,0,0,0,0,0,0,0,0
http://www.smrebrf.info,0,0,0,0,0,0,0,0,0,0,0,0,0,0,0,0,0,0,0,0
https://www.taivoan.org,0,1,0,0,0,0,0,0,0,1,0,1,1,1,0,1,1,0,1,1
https://mail-104082.square.site/,0,1,0,0,0,0,1,0,0,1,0,0,1,0,0,0,0,0,0,0
https://www.tanksthatgetaround.com,0,1,0,0,0,0,0,0,1,1,0,1,1,1,0,1,1,1,1,1
https://www.connect2id.com,0,1,0,0,0,0,0,0,1,1,1,0,1,1,0,0,0,0,1,1
https://www.kestrel.edu,0,1,0,0,0,0,0,0,0,1,0,1,1,1,0,0,0,0,1,1
https://www.pbs.up.pt,0,1,0,1,0,0,1,0,0,1,1,0,1,1,0,1,0,0,0,1
https://www.pwmcenters.com/,0,1,0,0,0,0,1,0,1,1,0,0,0,0,0,0,0,0,0,0
https://docs.google.com/forms/d/e/1faipqlse_pppzkv1rppkqwcnttkpvx35meb94rruunhijhuua5svvcw/viewform?usp=sf_link,0,1,0,0,1,1,1,0,1,1,1,0,1,0,0,0,1,0,0,0
https://service7guhu.weebly.com/,0,1,0,0,0,0,1,0,1,1,0,1,1,0,0,0,0,0,0,0
https://dev-bancoindustrial-iniciosesion.pantheonsite.io/,0,1,0,0,0,0,1,0,0,1,0,0,0,0,0,0,0,0,0,0
https://www.feeartecrista.com,0,1,0,0,0,0,0,0,1,1,1,1,0,1,0,1,1,1,1,1
https://maildinshaakckjnw596.web.app/,0,1,0,0,0,0,1,0,0,1,0,0,1,0,0,0,0,0,0,0
https://maildinshaakckjnw171.firebaseapp.com/,0,1,0,0,0,0,1,0,1,1,0,0,1,0,0,0,0,0,0,0
http://www.alltoponline.com,0,0,0,0,0,0,0,0,1,1,0,0,1,0,0,0,0,0,0,0
https://www.sparkandspark.com,0,1,0,0,0,0,0,0,1,1,1,0,1,1,0,1,1,0,1,1
https://www.biharandjharkhand.com,0,1,0,0,0,0,0,0,1,1,1,1,1,1,0,1,0,0,0,1
https://www.filmgeek.nl,0,1,0,0,0,0,0,0,0,1,1,1,1,0,0,1,1,0,1,1
https://www.sor.ro,0,1,0,0,0,0,0,0,0,1,0,1,1,1,0,1,1,0,0,1
http://newweb.00494944.repl.co,0,0,0,1,0,0,1,0,0,1,0,0,0,0,0,0,0,0,0,0
https://www.yorkcollege.ac.uk,0,1,0,1,0,0,1,0,0,1,1,1,1,1,0,1,1,0,1,1
https://www.khq.com,0,1,0,0,0,0,0,0,1,1,0,1,1,1,0,1,1,0,1,1
https://www.eastidahonews.com,0,1,0,0,0,0,0,0,1,1,1,1,0,1,0,1,0,0,1,1
https://email-ionos-validate19.glitch.me/#redacted@abuse.ionos.com,0,1,0,0,0,0,1,0,0,0,0,1,0,0,0,0,0,0,0,0
https://att-yahoo-mail-gjjfjfghj.weeblysite.com/,0,1,0,0,0,0,1,0,1,1,0,0,0,0,0,0,0,0,0,0
https://www.swantaxis.com.au,0,1,0,1,0,0,1,0,0,1,0,0,1,1,0,1,0,0,1,1
https://www.issuemagazine.com,0,1,0,0,0,0,0,0,1,1,1,0,1,1,0,1,0,0,1,1
https://sistemaverificacionprolongado.systemtecnicver.repl.co/,0,1,0,1,0,0,1,0,0,1,0,0,0,0,0,0,0,0,0,0
https://www.celebratelocalohio.com,0,1,0,0,0,0,0,0,1,1,0,0,1,1,0,1,1,1,1,1
https://www.touchoftonga.com,0,1,0,0,0,0,0,0,1,1,1,0,0,1,0,0,0,0,1,1
https://urlz.fr/kmpl,0,1,0,0,0,0,1,0,0,1,0,0,0,0,0,0,0,0,0,0
https://sk1ul-ytp-l.firebaseapp.com/,0,1,0,0,0,0,1,0,1,1,0,0,1,0,0,0,0,0,0,0
https://www.vpo.go.tz,0,1,0,1,0,0,1,0,0,1,1,0,1,1,1,1,1,0,1,1
http://www.altsbit.com,0,0,0,0,0,0,0,0,1,0,0,0,0,0,0,0,0,0,0,0
https://www.manilalivewire.com,0,1,0,0,0,0,0,0,1,1,1,0,1,1,0,1,1,0,1,1
http://server.bertuzzitravel.com/bienvenuto/ren/dep898.php,0,0,0,0,0,0,1,0,1,1,1,0,0,0,0,0,1,1,1,0
https://layoutmidia.com.br/center/seguranca.php,0,1,0,0,0,0,1,0,0,1,0,0,0,0,0,0,0,0,0,0
http://www.ieluq.jxvd.cc,0,0,0,1,0,0,1,0,0,0,0,0,0,0,0,0,0,0,0,0
http://www.sylviastratieva.com,0,0,0,0,0,0,0,0,1,0,0,0,0,0,0,0,0,0,0,0
https://new-device-id.firebaseapp.com/,0,1,0,0,0,0,1,0,1,1,1,0,0,0,0,0,0,0,0,0
https://www.rathbones.com,0,1,0,0,0,0,0,0,1,1,1,0,1,1,0,1,1,0,1,1
http://www.mycraft.com.br,0,0,0,1,0,0,1,0,0,0,0,0,0,0,0,0,0,0,0,0
http://app-fertamisa24345sajda.fft2fw9ojo-ez94ddorn4mr.p.temp-site.link/termsofservice.html,0,0,0,1,0,0,1,0,0,1,0,0,0,0,0,0,0,0,0,0
https://www.iiconservation.org,0,1,0,0,0,0,0,0,0,1,1,0,1,0,0,1,1,0,1,1
https://bafybeigwsnmeedwt6kjw4wjv5sivqnslebw3jaweo4eof4ll7egeteqaom.ipfs.dweb.link/,0,1,0,1,0,0,1,0,0,1,0,0,1,0,0,0,1,1,0,0
https://www.mlssoccer.com,0,1,0,0,0,0,0,0,1,1,0,0,1,0,0,1,1,0,1,1
https://www.bloomsandbranches.com,0,1,0,0,0,0,0,0,1,1,0,1,1,1,0,1,1,1,1,1
http://www.nationallrentacar.com,0,0,0,0,0,0,0,0,1,0,0,0,0,0,0,0,0,0,0,0
https://www.cargill.co.in,0,1,0,1,0,0,1,0,0,1,1,1,1,1,0,0,1,0,1,1
https://maildinshaakckjnw586.firebaseapp.com/,0,1,0,0,0,0,1,0,1,1,0,0,1,0,0,0,0,0,0,0
https://www.alizila.com,0,1,0,0,0,0,0,0,1,1,1,1,1,1,0,1,1,0,1,1
https://www.eraseracismny.org,0,1,0,0,0,0,0,0,0,1,0,1,1,1,0,1,1,0,1,1
https://live-3rivers-fcu-101.web.app/,0,1,0,0,0,0,1,0,0,0,0,0,1,0,0,0,0,0,0,0
https://cllc08.web.app/,0,1,0,0,0,0,1,0,0,1,0,0,1,0,0,0,0,0,0,0
http://www.woelf.in,0,0,0,0,0,0,0,0,0,1,0,0,0,0,0,0,0,0,0,0
https://quiet-resonance-78af.l04r6lrk.workers.dev/,0,1,0,1,0,0,1,0,0,0,0,0,0,0,0,0,0,0,0,0
http://www.delineme.xyz,0,0,0,0,0,0,0,0,0,0,0,0,0,0,0,0,0,0,0,0
https://login-cgd.com/,0,1,0,0,0,0,1,0,1,0,0,0,0,0,0,0,0,0,0,0
http://www.wochenmo.com,0,0,0,0,0,0,0,0,1,1,0,0,0,1,0,0,0,0,0,0
https://www.getmax.app,0,1,0,0,0,0,0,0,0,1,1,0,1,1,0,1,1,0,0,1
https://www.marbridgeconsulting.com,0,1,0,0,0,0,0,0,1,1,0,0,1,1,0,0,0,0,1,1
http://cb97040.tw1.ru/,0,0,0,0,0,0,1,0,0,1,0,0,0,0,0,0,0,0,0,0
https://www.politico.eu,0,1,0,0,0,0,0,0,0,1,1,1,1,1,0,1,1,1,1,1
http://www.app-house.online,0,0,0,0,0,0,1,0,0,1,0,1,1,1,0,0,0,0,0,0
https://www.tru.ca,0,1,0,0,0,0,0,0,0,1,1,0,1,1,1,1,1,1,0,1
http://www.tsagagaar.com,0,0,0,0,0,0,0,0,1,1,0,0,1,0,0,0,0,0,0,0
http://www.r1.panjo.club,0,0,0,1,0,0,1,0,0,0,0,0,0,0,0,0,0,0,0,0
https://laplusbellehistoirique.web.app/,0,1,0,0,0,0,1,0,0,1,0,0,1,0,0,0,0,0,0,0
http://s950444934.onlinehome.us/,0,0,0,0,0,0,1,0,0,1,0,0,0,0,0,0,0,0,0,0
http://www.klbakerm.purpledaily.com,0,0,0,1,0,0,1,0,1,0,0,0,0,0,0,0,0,0,0,0
https://www.amazon5551.com,0,1,0,0,0,0,0,0,1,1,0,0,1,0,0,0,0,0,0,0
https://www.nippon-animation.co.jp,0,1,0,1,0,0,1,0,0,1,0,1,0,1,0,1,0,0,1,1
https://www.dims.ne.jp,0,1,0,1,0,0,1,0,0,1,0,0,0,1,0,0,0,0,1,1
https://bt-108583.weeblysite.com/,0,1,0,0,0,0,1,0,1,1,1,0,1,0,0,0,0,0,0,0
http://www.pockctaaed.co.jp.gumsty.top/ai/registration.php,0,0,0,1,0,0,1,0,0,1,1,0,1,0,0,0,1,0,1,0
http://alter-ed.com.ng/wells_fargo/login.php?id=signin6f78a8497b8be9b799868ce93,0,0,0,0,1,1,1,0,0,1,0,1,0,1,0,0,1,1,1,0
https://www.lexifi.com,0,1,0,0,0,0,0,0,1,1,1,0,1,0,0,1,0,0,1,1
https://bafybeihm44mdqkxvhkjofw5w6qunk46cux55wzwzsaaiuwokwnl2e7cmpq.ipfs.dweb.link/,0,1,0,1,0,0,1,0,0,1,0,0,0,0,0,0,1,0,1,0
https://www.mailasail.com,0,1,0,0,0,0,0,0,1,1,0,1,0,1,0,1,1,0,1,1
https://www.macodirect.de,0,1,0,0,0,0,0,0,0,1,1,1,1,1,0,1,1,0,1,1
https://icsauth-app01.com/sn/92cddfd/,0,1,0,0,0,0,1,0,1,1,0,0,0,0,0,0,0,0,0,0
http://www.fundustry.net,0,0,0,0,0,0,0,0,0,1,0,0,0,0,0,0,0,0,0,0
https://www.chinainsight.info,0,1,0,0,0,0,0,0,0,1,0,1,1,1,0,1,0,0,1,1
https://ipfs.io/ipfs/bafybeiarc7nzd74ard6idlnxuaweudaua4bvhqzn7vnhmoqbmw5r7cl3ym/webapp.html,0,1,0,0,0,0,1,0,0,1,0,0,0,0,0,0,0,0,0,0
https://www.muas.cz,0,1,0,0,0,0,0,0,0,1,1,0,1,0,0,1,1,0,0,1
https://www.vesuviusmedia.com,0,1,0,0,0,0,0,0,1,1,1,0,1,1,0,1,0,0,1,1
http://www.biip.info,0,0,0,0,0,0,0,0,0,0,0,0,0,0,0,0,0,0,0,0
https://m-poste2.firebaseapp.com/,0,1,0,0,0,0,1,0,1,0,0,0,0,0,0,0,0,0,0,0
https://1fwxy2vcdq.yolasite.com/,0,1,0,0,0,0,1,0,1,1,0,0,1,1,0,0,0,0,0,0
http://www.dorotheesausset.com,0,0,0,0,0,0,0,0,1,1,0,0,1,0,0,0,0,0,0,0
https://www.stara.fi,0,1,0,0,0,0,0,0,0,1,1,1,1,1,0,1,0,0,1,1
https://www.openaero.net,0,1,0,0,0,0,0,0,0,1,1,0,1,1,0,0,0,0,0,1
http://38.209.148.132.host.secureserver.net/opdate.php,1,0,0,1,0,0,1,0,0,0,0,0,0,0,0,0,0,0,0,0
http://www.lendana.net,0,0,0,0,0,0,0,0,0,0,0,0,0,0,0,0,0,0,0,0
http://754872547532--836488.repl.co,0,0,0,0,0,0,1,0,0,1,0,0,0,0,0,0,0,0,0,0
https://www.lemonadecelebrations.com,0,1,0,0,0,0,0,0,1,1,0,0,1,1,0,1,1,1,1,1
https://crewn-t.web.app/,0,1,0,0,0,0,1,0,0,1,0,0,0,0,0,0,0,0,0,0
http://www.pepeglass.com,0,0,0,0,0,0,0,0,1,1,0,1,0,1,0,0,0,0,0,0
https://www.p2012.org,0,1,0,0,0,0,0,0,0,1,0,0,0,1,0,0,0,0,1,1
https://www.cookingpal.com,0,1,0,0,0,0,0,0,1,1,1,1,0,1,0,1,1,1,1,1
https://www.ainmean-aite.scot,0,1,0,0,0,0,1,0,0,1,0,1,1,1,1,1,1,0,1,1
https://which0x0018.web.app/,0,1,0,0,0,0,1,0,0,1,0,0,1,0,0,0,0,0,0,0
http://www.turkseethuis.nl,0,0,0,0,0,0,0,0,0,1,0,1,0,1,0,0,0,0,0,0
https://www.anjasturm.com,0,1,0,0,0,0,0,0,1,1,0,1,1,0,0,1,1,0,1,1
https://www.stylebistro.com,0,1,0,0,0,0,0,0,1,1,1,0,1,1,0,1,0,0,1,1
https://www.ise.ncsu.edu,0,1,0,1,0,0,1,0,0,1,1,0,1,1,0,1,1,0,1,1
https://www.armoryarts.org,0,1,0,0,0,0,0,0,0,1,1,0,1,0,0,1,1,0,0,1
https://www.chevronmarineproducts.com,0,1,0,0,0,0,0,0,1,1,1,0,1,1,0,1,1,0,1,1
https://canny3483-ollox-pln.hinge.cfd/?tranzakt1680452352828#product,0,1,0,0,0,1,1,0,0,0,0,0,0,0,0,0,0,0,0,0
https://nhw3staging.serenitybirthstudio.com/wp-content/themes/divi/includes/module-customizer/meta/kyc/v/e440416/,0,1,0,0,0,0,1,0,1,0,0,0,0,0,0,0,0,0,0,0
https://www.dav.org,0,1,0,0,0,0,0,0,0,1,1,1,1,1,1,1,1,0,1,1
http://www.suxjweyfq.cf,0,0,0,0,0,0,0,0,0,1,0,0,0,0,0,0,0,0,0,0
https://bhd.bhd33.repl.co,0,1,0,1,0,0,1,0,0,1,0,0,0,0,0,0,0,0,0,0
https://www.n2yo.com,0,1,0,0,0,0,0,0,1,1,0,0,1,1,0,1,1,0,1,1
http://www.sighlonthcstg.ml,0,0,0,0,0,0,0,0,0,1,0,0,0,0,0,0,0,0,0,0
https://www.ancruzeiros.pt,0,1,0,0,0,0,0,0,0,1,1,0,0,0,0,0,1,1,1,1
http://att-yaho-mail.weebly.com/,0,0,0,0,0,0,1,0,1,1,0,0,0,0,0,0,0,0,0,0
https://www.chaucotdubost-construction.com/ticket-inform/express.php,0,1,0,0,0,0,1,0,1,0,0,0,0,0,0,0,0,0,0,0
https://www.prolifeprofiles.com,0,1,0,0,0,0,0,0,1,1,1,0,1,0,0,1,0,0,0,1
https://www.mtl.mit.edu,0,1,0,1,0,0,1,0,0,1,1,0,1,1,0,1,1,0,0,1
https://www.munich-airport.de,0,1,0,0,0,0,1,0,0,1,1,0,1,1,1,1,1,1,1,1
https://www.knoxspice.com,0,1,0,0,0,0,0,0,1,1,0,1,0,1,0,1,1,0,1,1
https://confirm.address-match.workers.dev/,0,1,0,1,0,0,1,0,0,0,0,0,0,0,0,0,0,0,0,0
https://www.itf-administration.com,0,1,0,0,0,0,1,0,1,1,1,0,0,1,0,1,0,0,1,1
https://dsizs.vpraxkm.cn,0,1,0,0,0,0,1,0,0,0,0,0,0,0,0,0,0,0,0,0
https://www.tasteofbeirut.com,0,1,0,0,0,0,0,0,1,1,1,1,1,1,0,1,1,0,1,1
https://www.bestforbride.com,0,1,0,0,0,0,0,0,1,1,0,0,1,1,0,1,1,0,1,1
http://usuariociudad.com/,0,0,0,0,0,0,0,0,1,1,0,0,0,0,0,0,0,0,0,0
https://www.sea-angling-ireland.org,0,1,0,0,0,0,1,0,0,1,0,1,0,0,0,1,0,0,0,1
http://mingovplnjpo.reacibill.ml/,0,0,0,0,0,0,1,0,0,0,0,0,0,0,0,0,0,0,0,0
http://www.rqztech.com,0,0,0,0,0,0,0,0,1,0,0,0,0,0,0,0,0,0,0,0
https://www.end.org,0,1,0,0,0,0,0,0,0,1,1,1,1,1,0,1,1,0,1,1
https://open-securepage.myportfolio.com/,0,1,0,0,0,0,1,0,1,0,0,0,0,0,0,0,0,0,0,0
https://www.caravaggio.com,0,1,0,0,0,0,0,0,1,1,0,1,0,1,0,0,0,0,0,1
http://metamaskb.com,0,0,0,0,0,0,0,0,1,1,0,0,0,0,0,0,0,0,0,0
http://www.pbhack.ru,0,0,0,0,0,0,0,0,0,0,0,0,0,0,0,0,0,0,0,0
http://portale-utente-lnfo.198-187-30-97.cprapid.com/,0,0,0,1,0,0,1,0,1,0,0,0,0,0,0,0,0,0,0,0
http://www.finans-iadetakip.ml,0,0,0,0,0,0,1,0,0,1,0,0,0,0,0,0,0,0,0,0
https://visapreppaidproccess10.web.app/,0,1,0,0,0,0,1,0,0,0,0,0,0,0,0,0,0,0,0,0
https://www.thefloralatelier.co,0,1,0,0,0,0,0,0,0,1,0,0,1,1,0,1,1,1,1,1
https://iy9oja.webwave.dev/,0,1,0,0,0,0,1,0,0,1,1,1,0,0,0,0,0,0,0,0
https://gansxshik--hugoboxs.repl.co/,0,1,0,0,0,0,1,0,0,1,0,0,0,0,0,0,0,0,0,0
http://www.3gf.ybngb.com,0,0,0,1,0,0,1,0,1,0,0,0,0,0,0,0,0,0,0,0
http://www.romanceobsessed.com,0,0,0,0,0,0,0,0,1,1,0,0,0,0,0,0,0,0,0,0
https://maildinshaakckjnw296.firebaseapp.com/,0,1,0,0,0,0,1,0,1,1,0,0,1,0,0,0,0,0,0,0
https://www.thesecurityawarenesscompany.com,0,1,0,0,0,0,0,0,1,1,0,0,1,1,0,0,0,0,1,1
http://www.venteexpress.ma,0,0,0,0,0,0,0,0,0,0,0,0,0,0,0,0,0,0,0,0
https://www.give2kids.com,0,1,0,0,0,0,0,0,1,1,0,0,1,1,0,1,1,0,1,1
https://www.lamodabyandriana.com,0,1,0,0,0,0,0,0,1,1,0,1,1,1,0,1,0,0,1,1
https://www.teachersalaryproject.org,0,1,0,0,0,0,0,0,0,1,1,0,1,1,0,1,1,0,1,1
https://www.ccleaner.com,0,1,0,0,0,0,0,0,1,1,1,0,1,1,0,0,1,0,1,1
https://mon-dossier-contravention.fr/,0,1,0,0,0,0,1,0,0,0,0,0,0,0,0,0,0,0,0,0
https://www.madisonvet.com,0,1,0,0,0,0,0,0,1,1,1,0,1,1,0,1,0,0,1,1
https://www.caa.gov.vn,0,1,0,1,0,0,1,0,0,1,0,0,1,0,0,1,0,1,0,1
https://francemsgcabc5.firebaseapp.com/,0,1,0,0,0,0,1,0,1,1,0,0,1,0,0,0,0,0,0,0
https://www.lespanses.com,0,1,0,0,0,0,0,0,1,1,1,1,1,0,0,1,1,0,1,1
https://c0aa7fe732e9.ngrok.io/huntington2/huntington2/scms/card.php,0,1,0,0,0,0,1,0,0,0,0,0,0,0,0,0,0,0,0,0
https://www.cz.reduslim.health,0,1,0,1,0,0,1,0,0,1,0,0,1,1,0,1,1,0,0,1
https://www.drivethatmatter.com,0,1,0,0,0,0,0,0,1,1,0,0,1,1,0,1,0,0,1,1
https://www.slowtravelbavaria.com,0,1,0,0,0,0,0,0,1,1,0,1,1,1,0,1,1,0,1,1
https://www.ecreativeim.com,0,1,0,0,0,0,0,0,1,1,1,0,1,1,0,1,1,0,1,1
https://www.mason-jars.nl,0,1,0,0,0,0,1,0,0,1,1,0,1,1,0,1,1,1,1,1
https://www.loosemoose.com,0,1,0,0,0,0,0,0,1,1,0,0,1,1,0,1,0,0,1,1
https://claim-gratis029277.file-videoviral.my.id/,0,1,0,1,0,0,1,0,0,0,0,0,0,0,0,0,0,0,0,0
http://myg0vv-atto.com/m/otp.html,0,0,0,0,0,0,1,0,1,1,1,0,1,1,0,0,1,0,1,0
https://hatono.vn/wp-includes/main/login.htm,0,1,0,0,0,0,1,0,0,1,0,1,0,0,0,0,0,1,0,0
http://t6737.com/,0,0,0,0,0,0,1,0,1,1,0,0,0,0,0,0,0,0,0,0
http://www.asl-company.ru,0,0,0,0,0,0,1,0,0,0,0,0,0,0,0,0,0,0,0,0
https://offersattjrfhyh-106339.square.site/,0,1,0,0,0,0,1,0,0,1,0,0,0,0,0,0,0,0,0,0
http://www.nvfu.urlfb.co,0,0,0,1,0,0,1,0,0,1,0,0,0,0,0,0,0,0,0,0
http://www.faeblaghis.ml,0,0,0,0,0,0,0,0,0,1,0,0,0,0,0,0,0,0,0,0
https://smbctb.pretise.com/index2.asp,0,1,0,0,0,0,1,0,1,1,0,0,0,0,0,0,0,0,0,0
http://abhinabainstitute.com/home.php,0,0,0,0,0,0,1,0,1,1,0,0,1,0,0,0,0,1,0,0
https://www.ar13.cl,0,1,0,0,0,0,0,0,0,1,0,1,1,1,0,1,0,0,1,1
http://www.minerpool.pw,0,0,0,0,0,0,0,0,0,1,1,1,0,0,0,0,0,0,0,0
https://www.sdds.org,0,1,0,0,0,0,0,0,0,1,0,1,1,1,0,1,1,0,1,1
https://pcmi-appserveurmvos.paiza-user-basic.cloud/llx/,0,1,0,0,0,0,1,0,0,1,0,0,0,0,0,0,0,0,0,0
https://www.info-sasiosin.trikdef.cn/web/login.jsp,0,1,0,1,0,0,1,0,0,0,0,0,0,0,0,0,0,0,0,0
https://www.graphiclibrary.org,0,1,0,0,0,0,0,0,0,1,0,0,1,1,0,1,1,0,1,1
http://www.mod.gov.in,0,0,0,1,0,0,1,0,0,0,0,0,0,0,0,0,0,0,0,0
https://www.barcha.net,0,1,0,0,0,0,0,0,0,1,1,0,1,1,0,0,1,0,1,1
https://www.scoutmag.ph,0,1,0,0,0,0,0,0,0,1,1,1,1,1,0,1,1,0,1,1
http://juegosdepcymuchomas.blogspot.co.nz/,0,0,0,1,0,0,1,0,0,1,0,0,0,0,0,0,0,0,0,0
http://www.pupilproxy.com,0,0,0,0,0,0,0,0,1,0,0,0,0,0,0,0,0,0,0,0
http://www.mynetav.net,0,0,0,0,0,0,0,0,0,1,0,0,0,0,0,0,0,0,0,0
https://www.mureview.net,0,1,0,0,0,0,0,0,0,1,1,1,1,0,0,1,1,0,1,1
https://www.gemwebb.com,0,1,0,0,0,0,0,0,1,1,1,1,1,1,0,1,1,0,1,1
https://www.africaleadcorporation.com,0,1,0,0,0,0,0,0,1,0,0,0,0,0,0,0,0,0,0,0
https://www.symplelogix.com,0,1,0,0,0,0,0,0,1,1,1,0,1,1,0,1,0,0,1,1
https://3483a367-cc75-4dfe-b54b-0403ed0dd8fe.id.repl.co/index1.html,0,1,0,1,0,0,1,0,0,1,0,0,0,0,0,0,0,0,0,0
http://www.dell.blocktrail.com,0,0,0,1,0,0,1,0,1,1,0,0,0,0,0,0,0,0,0,0
http://mail.deliverylifesupport.com/public/czxkh4lxeqip7gckadnleoq4pdzvpmjz,0,0,0,0,0,0,1,0,1,1,0,1,0,0,0,0,0,0,0,0
https://www.dynamicsphysicaltherapy.com,0,1,0,0,0,0,0,0,1,1,0,0,1,1,0,1,0,0,1,1
https://othedrivemn.web.app/,0,1,0,0,0,0,1,0,0,1,0,0,1,0,0,0,0,0,0,0
https://0379a7b5-0f5d-4fd7-8737-68bf7068c0a4.id.repl.co/am/jnasfb/pzqy?_x_tr_pt,0,1,0,1,0,1,1,0,0,1,0,0,0,0,0,0,0,0,0,0
http://www.isa-geek.org,0,0,0,0,0,0,1,0,0,0,0,0,0,0,0,0,0,0,0,0
https://www.portalautomotriz.com,0,1,0,0,0,0,0,0,1,1,1,0,1,1,0,1,1,0,1,1
https://www.addtoany.com,0,1,0,0,0,0,0,0,1,1,1,1,1,1,0,0,0,0,1,1
http://www.piczo.com,0,0,0,0,0,0,0,0,1,1,0,0,1,1,0,0,0,0,0,0
http://www.myip-proxy.info,0,0,0,0,0,0,1,0,0,0,0,0,0,0,0,0,0,0,0,0
http://www.2.wtzyx.com,0,0,0,1,0,0,1,0,1,0,0,0,0,0,0,0,0,0,0,0
https://oakwoodmontessorischool.com/oauth/sensitive.php,0,1,0,0,0,0,1,0,1,1,1,0,1,0,0,0,1,1,0,0
http://www.mail7.wyeetacs.com.au,0,0,0,1,0,0,1,0,0,0,0,0,0,0,0,0,0,0,0,0
http://www.isawesome.net,0,0,0,0,0,0,0,0,0,1,0,0,0,0,0,0,0,0,0,0
http://www.csgoblock.com,0,0,0,0,0,0,0,0,1,1,0,0,0,0,0,0,0,0,0,0
https://www.lavozdeasturias.es,0,1,0,0,0,0,0,0,0,1,1,1,1,1,0,1,0,0,1,1
https://ipfs.best-practice.se/ipfs/bafybeiciybgr4yyk73flu2j6nknw4nnlpvapm5ocuz4hloq2l724w42xfa/,0,1,0,0,0,0,1,0,0,1,0,0,1,1,0,0,0,0,0,0
https://doc-google.hhq365.workers.dev/,0,1,0,1,0,0,1,0,0,1,0,0,1,1,0,0,1,0,1,0
https://awaystogo.com/953632464006668680729201354982165706322349&amp;3458467714269042221755950633342227517766782673254&amp;email.html,0,1,0,0,0,0,1,0,1,1,0,0,0,0,0,0,0,0,0,0
http://fiber-sa.com,0,0,0,0,0,0,1,0,1,0,0,0,0,0,0,0,0,0,0,0
http://www.wordresume.herokuapp.com,0,0,0,1,0,0,1,0,1,1,0,0,1,0,0,0,0,0,0,0
https://cancelamentos3.xyz,0,1,0,0,0,0,0,0,0,0,0,0,0,0,0,0,0,0,0,0
http://www.calculadoras.mx,0,0,0,0,0,0,0,0,0,1,0,0,0,0,0,0,0,0,0,0
https://zimbra-mail-3255f.firebaseapp.com/,0,1,0,0,0,0,1,0,1,1,0,0,1,0,0,0,0,0,0,0
http://www.saisaocard.co.jp.vxaabt.top/ai/sign.php,0,0,0,1,0,0,1,0,0,0,0,0,0,0,0,0,0,0,0,0
http://www.news-week.ru,0,0,0,0,0,0,1,0,0,1,0,0,0,0,0,0,0,0,0,0
https://www.indigitalworks.com,0,1,0,0,0,0,0,0,1,1,1,1,1,1,0,1,1,0,1,1
https://www.siliconexpert.com,0,1,0,0,0,0,0,0,1,1,0,1,1,1,0,1,0,0,1,1
https://acesso-simpleficado-cliente.com/luiza/?userid=13&uri=mijcf+vdy/jlbwraamw/pepgutjeo/609lb55ozqcuw=,0,1,0,0,1,1,1,0,1,1,0,1,1,0,0,0,1,0,0,0
https://bafybeihy6qm5hqsvgxcw2e2pkfcwojwjkbvezjs7w5ufpxzazoiuh3a6ji.ipfs.dweb.link/,0,1,0,1,0,0,1,0,0,1,0,0,0,0,0,0,1,1,0,0
http://www.oshgiutk.ml,0,0,0,0,0,0,0,0,0,1,0,0,0,0,0,0,0,0,0,0
https://www.designgivers.org,0,1,0,0,0,0,0,0,0,1,1,1,1,0,0,1,1,0,1,1
https://www.balkaninstitut.com,0,1,0,0,0,0,0,0,1,1,0,0,1,1,0,1,1,0,1,1
https://www.joetvagyat.com,0,1,0,0,0,0,0,0,1,1,1,0,1,1,0,1,1,1,1,1
https://www.swagbucks.com,0,1,0,0,0,0,0,0,1,1,1,0,1,1,0,1,1,1,1,1
https://s1kbh-x0yl-o.web.app/,0,1,0,0,0,0,1,0,0,1,0,0,1,0,0,0,0,0,0,0
https://www.16haber.com,0,1,0,0,0,0,0,0,1,1,0,1,0,1,1,1,1,0,1,1
https://www.cochrane.org,0,1,0,0,0,0,0,0,0,1,1,0,1,1,0,1,1,0,1,1
https://www.lacrossehistory.org,0,1,0,0,0,0,0,0,0,1,0,0,1,0,0,0,0,0,0,1
https://www.racked.com,0,1,0,0,0,0,0,0,1,1,0,0,1,1,0,1,1,0,1,1
http://www.volumecontroll.xyz,0,0,0,0,0,0,0,0,0,0,0,0,0,0,0,0,0,0,0,0
http://tojgprgtmo.truck-components.asia/vnafvra97w/?q=3717065149&id=100,0,0,0,0,1,1,1,0,0,0,0,0,0,0,0,0,0,0,0,0
http://bafybeibl42ktsvapadbw4gsskvweb3bjbcusyi5aa6irr57sbhyki3woha.ipfs.dweb.link/,0,0,0,1,0,0,1,0,0,1,0,0,0,0,0,0,0,0,0,0
https://www.poshpuppyboutique.com,0,1,0,0,0,0,0,0,1,1,1,0,1,0,0,1,1,1,1,1
http://www.adyz.alyx.isthebe.st,0,0,0,1,0,0,1,0,0,0,0,0,0,0,0,0,0,0,0,0
https://organisasi.bulungan.go.id/public/p4xlgcwf4dtybynejbwatxlfyvhq8gf7,0,1,0,1,0,0,1,0,0,1,0,1,0,0,0,0,0,0,0,0
https://www.coptsunited.com,0,1,0,0,0,0,0,0,1,1,1,0,1,1,0,1,1,0,1,1
http://www.zhangnala.com,0,0,0,0,0,0,0,0,1,1,0,0,0,1,0,0,0,0,0,0
http://www.blackoutday.ca,0,0,0,0,0,0,0,0,0,0,0,0,0,0,0,0,0,0,0,0
https://www.wpleadplus.com,0,1,0,0,0,0,0,0,1,1,0,0,1,0,0,0,0,0,1,1
https://www.navarras.com,0,1,0,0,0,0,0,0,1,1,1,1,1,0,0,1,0,0,1,1
https://www.ercim.eu,0,1,0,0,0,0,0,0,0,1,0,0,1,1,0,1,0,0,1,1
https://www.mangerbouger.fr,0,1,0,0,0,0,0,0,0,1,1,0,1,1,0,1,0,0,1,1
https://pst-secur.web.app/,0,1,0,0,0,0,1,0,0,1,0,0,1,0,0,0,0,0,0,0
http://www.ksua.top,0,0,0,0,0,0,0,0,0,1,0,0,0,0,0,0,0,0,0,0
https://www.lifeprint.com,0,1,0,0,0,0,0,0,1,1,1,1,1,1,0,1,1,0,1,1
http://www.workdigi.com,0,0,0,0,0,0,0,0,1,0,0,0,0,0,0,0,0,0,0,0
https://www.austinuts.com,0,1,0,0,0,0,0,0,1,1,0,0,1,1,0,1,1,0,1,1
https://pesrsonaslistas.nacionalesimpor.repl.co/,0,1,0,1,0,0,1,0,0,1,0,0,0,0,0,0,0,0,0,0
https://www.indologie.uni-halle.de,0,1,0,1,0,0,1,0,0,1,1,1,0,1,0,0,1,0,1,1
https://profilrelationdigitalisation.firebaseapp.com/,0,1,0,0,0,0,1,0,1,0,0,0,0,0,0,0,0,0,0,0
https://www.majdanek.eu,0,1,0,0,0,0,0,0,0,1,1,0,1,1,0,1,1,0,1,1
https://pleasingabandonedbusinesssoftware.r3r3r3r3r.repl.co/,0,1,0,1,0,0,1,0,0,1,0,0,1,0,0,0,1,1,0,0
http://www.3659001.com/,0,0,0,0,0,0,1,0,1,0,0,0,0,0,0,0,0,0,0,0
https://ferwacx.top/jp.php,0,1,0,0,0,0,1,0,0,1,0,1,1,0,0,0,0,0,0,0
http://www.andraai.cf,0,0,0,0,0,0,0,0,0,1,0,0,0,0,0,0,0,0,0,0
https://www.gtopcars.com,0,1,0,0,0,0,0,0,1,1,0,1,1,1,0,1,1,0,1,1
https://www.aquatotsswimmingschool.com.au,0,1,0,1,0,0,1,0,0,1,1,1,1,1,0,1,1,1,1,1
https://www.grayghostplantation.com,0,1,0,0,0,0,0,0,1,1,1,1,1,1,0,1,1,0,1,1
http://www.hu.firefoxupdata.com,0,0,0,1,0,0,1,0,1,1,0,0,0,0,0,0,0,0,0,0
http://www.9ei.igmxw.com,0,0,0,1,0,0,1,0,1,0,0,0,0,0,0,0,0,0,0,0
http://swapcakes.org,0,0,0,0,0,0,0,0,0,1,0,0,0,0,0,0,0,0,0,0
https://www.tabiko.com,0,1,0,0,0,0,0,0,1,1,0,0,1,1,0,1,1,0,1,1
http://mail.deliverylifesupport.com/public/poadv1n0myjuqeueusj3m3fh1t5zxmlp,0,0,0,0,0,0,1,0,1,1,0,1,0,0,0,0,0,0,0,0
https://www.theraponuniversity.org,0,1,0,0,0,0,0,0,0,1,0,0,0,1,0,0,0,0,1,1
https://www.choices.edu,0,1,0,0,0,0,0,0,0,1,0,1,1,1,1,1,1,0,1,1
https://www.hoursintown.com,0,1,0,0,0,0,0,0,1,1,1,0,1,1,0,1,1,0,1,1
https://www.heikohoffmann.de,0,1,0,0,0,0,0,0,0,1,0,0,0,0,0,1,0,0,0,1
http://www.reloadexplode.com,0,0,0,0,0,0,0,0,1,0,0,0,0,0,0,0,0,0,0,0
https://www.thiagobraga.com.br,0,1,0,1,0,0,1,0,0,1,1,0,1,1,0,1,0,0,1,1
https://www.peelregion.ca,0,1,0,0,0,0,0,0,0,1,0,0,0,1,0,1,1,1,1,1
https://www.britishcurling.org.uk,0,1,0,1,0,0,1,0,0,1,1,0,1,1,0,1,1,0,0,1
http://www.aladilauto.com,0,0,0,0,0,0,0,0,1,0,0,0,0,0,0,0,0,0,0,0
https://www.vahakni.com,0,1,0,0,0,0,0,0,1,1,1,0,1,1,0,0,0,0,1,1
https://www.kobaltmusic.com,0,1,0,0,0,0,0,0,1,1,1,0,1,1,0,1,0,0,1,1
https://www.bramwellwv.com,0,1,0,0,0,0,0,0,1,1,0,0,0,0,0,1,0,0,1,1
http://www.drysetfirst.com,0,0,0,0,0,0,0,0,1,0,0,0,1,0,0,0,0,0,0,0
https://kunden-sparkasse.de/de/6408e4b0decfe,0,1,0,0,0,0,1,0,0,0,0,0,0,0,0,0,0,0,0,0
https://www.ageofautism.com,0,1,0,0,0,0,0,0,1,1,0,0,1,1,0,1,1,0,1,1
http://www.psychotherapyandcounsellingmelbourne.com,0,0,0,0,0,0,0,0,1,0,0,0,0,0,0,0,0,0,0,0
https://www.nais.org,0,1,0,0,0,0,0,0,0,1,0,0,1,0,0,1,1,0,1,1
https://www.danas.rs,0,1,0,0,0,0,0,0,0,1,0,0,0,0,0,1,1,0,1,1
http://www.meldorgroup.cn,0,0,0,0,0,0,0,0,0,1,0,0,0,0,0,0,0,0,0,0
https://aol-mail-102018.weeblysite.com/,0,1,0,0,0,0,1,0,1,1,1,0,1,0,0,0,0,0,0,0
https://www.amisdebourvil.fr,0,1,0,0,0,0,0,0,0,1,0,1,1,1,0,1,0,0,1,1
https://web-6ab5e.firebaseapp.com/,0,1,0,0,0,0,1,0,1,1,0,0,1,0,0,0,0,0,0,0
http://www.b7365.com,0,0,0,0,0,0,0,0,1,1,0,0,1,0,0,0,0,0,0,0
https://loading-the-framework-52158.web.app/,0,1,0,0,0,0,1,0,0,1,0,0,1,0,0,0,0,0,0,0
http://www.de20385195ec2ce71c44f84292cf2da106.ws,0,0,0,0,0,0,0,0,0,1,0,0,1,0,0,0,0,0,0,0
https://www.denvillenj.org,0,1,0,0,0,0,0,0,0,1,1,1,1,0,1,1,0,0,1,1
http://att-inc-107943.square.site/,0,0,0,0,0,0,1,0,0,1,0,0,0,0,0,0,0,0,0,0
http://www.u1923112.cp.regruhosting.ru,0,0,0,1,0,0,1,0,0,1,1,0,1,0,0,0,0,0,1,0
https://www.baltimorenewsjournal.com,0,1,0,0,0,0,0,0,1,1,0,1,1,0,0,0,1,0,0,1
http://visapprepaidedd5.web.app/,0,0,0,0,0,0,1,0,0,0,0,0,0,0,0,0,0,0,0,0
https://www.royalpalaces.se,0,1,0,0,0,0,0,0,0,1,1,0,1,1,0,1,1,0,0,1
http://www.seobrooke.com,0,0,0,0,0,0,0,0,1,0,0,0,0,0,0,0,0,0,0,0
http://www.paynag.cf,0,0,0,0,0,0,0,0,0,1,0,0,0,0,0,0,0,0,0,0
https://www.thecheyennepost.com,0,1,0,0,0,0,0,0,1,1,0,1,1,1,0,0,1,0,1,1
https://su32-get.firebaseapp.com/,0,1,0,0,0,0,1,0,1,1,0,0,1,0,0,0,0,0,0,0
https://aol-106308.weeblysite.com/,0,1,0,0,0,0,1,0,1,1,1,0,1,0,0,0,0,0,0,0
http://www.digitalworldonline.net,0,0,0,0,0,0,0,0,0,0,0,0,0,0,0,0,0,0,0,0
https://ertet5t.agilecrm.com/landing/4665046500442112,0,1,0,0,0,0,1,0,1,0,0,0,0,0,0,0,0,0,0,0
https://www.estilmenut.com,0,1,0,0,0,0,0,0,1,1,0,0,1,0,0,0,0,0,0,0
https://www.ietfjournal.org,0,1,0,0,0,0,0,0,0,1,1,1,1,0,0,1,1,0,1,1
https://www.vcba.org,0,1,0,0,0,0,0,0,0,1,0,1,1,0,0,1,1,0,1,1
https://www.sueroya.com,0,1,0,0,0,0,0,0,1,1,0,0,0,1,0,1,1,0,1,1
https://www.ilikewordpress.com,0,1,0,0,0,0,0,0,1,1,1,0,0,0,0,0,1,0,1,1
http://www.odcpkintranet.org,0,0,0,0,0,0,0,0,0,1,0,1,0,0,0,0,0,0,0,0
https://www.anacostia.si.edu,0,1,0,1,0,0,1,0,0,1,1,0,1,0,0,1,1,0,0,1
https://www.socscistatistics.com,0,1,0,0,0,0,0,0,1,1,0,0,0,1,0,1,0,0,0,1
http://accessoffice.one/secureheremyservices.top/verify/personal.html,0,0,0,0,0,0,1,0,0,1,1,0,1,1,0,0,1,0,1,0
https://dev-tunerbankingbanreservasseeegurida.pantheonsite.io/,0,1,0,0,0,0,1,0,0,1,0,0,0,0,0,0,0,0,0,0
http://www.balaklava.com.ua,0,0,0,1,0,0,1,0,0,1,0,0,0,0,0,0,0,0,0,0
https://www.trooper.com,0,1,0,0,0,0,0,0,1,1,1,1,0,1,0,1,0,0,1,1
https://www.atomodental.com,0,1,0,0,0,0,0,0,1,1,1,0,1,1,0,1,1,1,1,1
https://www.lozere-online.com,0,1,0,0,0,0,1,0,1,1,0,1,1,1,0,1,1,0,1,1
https://up2sites.firebaseapp.com/,0,1,0,0,0,0,1,0,1,1,0,0,1,0,0,0,0,0,0,0
https://track-id3829.web.app/,0,1,0,0,0,0,1,0,0,1,0,0,1,0,0,0,0,0,0,0
http://q-tee.be/io/utente-web/,0,0,0,0,0,0,1,0,0,1,0,0,0,0,0,0,0,0,0,0
http://www.cooperative-supreme-pisces.glitch.me,0,0,0,1,0,0,1,0,0,0,0,0,0,0,0,0,0,0,0,0
https://cogsassociates.com/web1/,0,1,0,0,0,0,1,0,1,0,0,0,0,0,0,0,0,0,0,0
https://www.siam.org,0,1,0,0,0,0,0,0,0,1,1,0,1,0,0,1,0,0,1,1
https://a3be288f-dce8-4b4d-9e2e-db5c1c942f2c.id.repl.co/,0,1,0,1,0,0,1,0,0,1,0,0,0,0,0,0,0,0,0,0
https://www.mylifeasmadalyn.com,0,1,0,0,0,0,0,0,1,1,1,0,0,0,0,1,1,0,1,1
http://www.piajimenez.com,0,0,0,0,0,0,0,0,1,1,0,0,0,0,0,0,0,0,0,0
https://www.osha.gov,0,1,0,0,0,0,0,0,0,1,1,0,1,0,0,1,1,0,0,1
https://smithcerx.web.app/,0,1,0,0,0,0,1,0,0,1,0,0,0,0,0,0,0,0,0,0
https://www.financierworldwide.com,0,1,0,0,0,0,0,0,1,1,1,0,1,1,0,1,0,0,1,1
http://www.advertsion.com,0,0,0,0,0,0,0,0,1,0,0,0,0,0,0,0,0,0,0,0
https://www.namibweb.com,0,1,0,0,0,0,0,0,1,1,0,1,0,1,0,1,1,0,1,1
https://www.creative-costuming.com,0,1,0,0,0,0,1,0,1,1,0,0,1,1,1,1,1,1,1,1
http://www.electrumofficial.com,0,0,0,0,0,0,0,0,1,0,0,0,0,0,0,0,0,0,0,0
https://americanasloja.com/inbdqw,0,1,0,0,0,0,1,0,1,1,0,0,1,0,0,0,0,0,0,0
https://tiwofiana12.web.app/,0,1,0,0,0,0,1,0,0,1,0,0,0,0,0,0,0,0,0,0
https://www.landmarkpallavaa.com,0,1,0,0,0,0,0,0,1,1,1,0,1,1,0,1,1,0,1,1
https://intothekingdom.com/boa23/support/loginweb.php?sslmode=true&access_token=lzvxsmwywie3peu3u7p79dgqy1wvnh3fkp4j8lj1alzypwpttuqdkybwvqip6mtcwrsoufej09fpqnbn,0,1,0,0,1,1,1,0,1,1,1,1,1,0,0,1,1,0,1,0
https://ipfs.io/ipfs/qmqq29e7fx5d5m3a6vsy21m5jvkygtqy8jfk44uiwes3vn/mands.html,0,1,0,0,0,0,1,0,0,0,0,0,0,0,0,0,0,0,0,0
http://www.onedayiwillloveyouforever.blogspot.com,0,0,0,1,0,0,1,0,1,1,0,0,0,0,0,0,0,0,1,0
https://www.cfindustries.com,0,1,0,0,0,0,0,0,1,1,1,1,1,1,0,1,0,0,1,1
https://www.poezda.net,0,1,0,0,0,0,0,0,0,1,0,0,0,1,1,0,0,0,0,1
https://yahoo-107804.weeblysite.com/,0,1,0,0,0,0,1,0,1,1,1,0,1,0,0,0,0,0,0,0
https://www.enhamtrust.org.uk,0,1,0,1,0,0,1,0,0,1,0,0,1,0,0,1,1,0,1,1
http://ec2-13-211-148-228.ap-southeast-2.compute.amazonaws.com/wp-admin/content/content.php,0,0,0,1,0,0,1,0,1,1,0,0,0,0,0,0,0,0,0,0
https://zonasegura-interbank.firebaseapp.com/#/,0,1,0,0,0,0,1,0,1,1,0,0,1,0,0,0,0,0,0,0
https://www.cotta.jp,0,1,0,0,0,0,0,0,0,1,0,0,0,1,0,1,1,0,1,1
https://www.opoloo.com,0,1,0,0,0,0,0,0,1,1,1,1,1,1,0,0,0,0,1,1
http://www.f0546725.xsph.ru,0,0,0,1,0,0,1,0,0,1,0,0,0,0,0,0,0,0,0,0
https://vodafone.services-ssl.web01.site-manager.eu/03.html,0,1,0,1,0,0,1,0,0,1,0,0,1,0,0,0,0,0,0,0
http://www.zaoshang.moscow,0,0,0,0,0,0,0,0,0,1,0,0,0,0,0,0,0,0,0,0
http://www.bulbulators.com,0,0,0,0,0,0,0,0,1,1,0,0,0,0,0,0,0,0,0,0
https://www.plugonemag.com,0,1,0,0,0,0,0,0,1,1,0,1,0,0,0,0,1,0,0,1
https://sfr-esim-desactivation.com/verification/login.php,0,1,0,0,0,0,1,0,1,0,0,0,0,0,0,0,0,0,0,0
http://www.stormhansen.com,0,0,0,0,0,0,0,0,1,1,0,0,0,0,0,0,0,0,0,0
https://www.zz91.com,0,1,0,0,0,0,0,0,1,1,1,0,0,1,0,0,0,0,1,1
https://www.rratdisseny.com,0,1,0,0,0,0,0,0,1,1,0,1,1,0,0,1,0,0,1,1
https://www.safetychew.com,0,1,0,0,0,0,0,0,1,1,0,0,1,1,0,1,1,1,1,1
https://www.nykirstineberg.com,0,1,0,0,0,0,0,0,1,1,0,1,1,1,1,1,1,0,0,1
https://www.teletus.co.il,0,1,0,1,0,0,1,0,0,1,1,0,1,1,0,0,1,0,0,1
https://www.katewhitcomb.com,0,1,0,0,0,0,0,0,1,1,0,0,1,1,0,1,1,1,1,1
https://www.agipronews.it,0,1,0,0,0,0,0,0,0,1,1,0,1,1,0,1,0,1,1,1
http://www.procareinsurance.gr,0,0,0,0,0,0,0,0,0,1,0,0,0,0,0,0,0,0,0,0
https://secret-deeply-lan.glitch.me/bnnwssf.html,0,1,0,0,0,0,1,0,0,1,0,0,1,0,0,0,0,0,0,0
https://atttnete.weeblysite.com/,0,1,0,0,0,0,1,0,1,1,0,0,0,0,0,0,0,0,0,0
https://www.rebelbase.be,0,1,0,0,0,0,0,0,0,1,1,0,1,0,0,0,1,0,1,1
http://www.popandshop.ru,0,0,0,0,0,0,0,0,0,0,0,0,0,0,0,0,0,0,0,0
https://www.conib.org.br,0,1,0,1,0,0,1,0,0,1,1,0,1,1,0,1,1,0,0,1
https://my-ts3card-com.4618393.com/?my.ts3card.com/32.eqztxoqpn,0,1,0,0,0,1,1,0,1,1,0,1,1,0,0,0,0,0,0,0
https://x4b0lz.webwave.dev/,0,1,0,0,0,0,1,0,0,1,0,1,1,1,0,0,1,0,0,0
https://web-b2345.web.app/,0,1,0,0,0,0,1,0,0,1,0,0,1,0,0,0,0,0,0,0
https://www.picnicsf.com,0,1,0,0,0,0,0,0,1,1,1,0,1,1,0,1,1,1,1,1
https://www.talwargallery.com,0,1,0,0,0,0,0,0,1,1,1,0,0,1,0,1,0,0,0,1
https://www.consumersearch.com,0,1,0,0,0,0,0,0,1,1,1,1,1,1,0,1,1,0,1,1
https://www.hemnes.kommune.no,0,1,0,1,0,0,1,0,0,1,1,0,1,1,0,1,1,0,0,1
http://www.f0588536.xsph.ru,0,0,0,1,0,0,1,0,0,1,0,0,0,0,0,0,0,0,0,0
http://sindemail.com/1bc030ebcf8486e/finish.html,0,0,0,0,0,0,1,0,1,1,0,0,1,0,0,0,0,0,0,0
https://my-business-108423.square.site/,0,1,0,0,0,0,1,0,0,1,0,0,1,0,0,0,0,0,0,0
https://www.vsisugar.com,0,1,0,0,0,0,0,0,1,1,0,0,1,1,1,1,1,0,1,1
https://www.englishaustralia.com.au,0,1,0,1,0,0,1,0,0,1,1,0,1,0,0,1,1,1,1,1
https://auth-id35.com/intesasanpaolo.auth-id35.com/,0,1,0,0,0,0,1,0,1,1,0,0,1,0,0,0,0,0,0,0
https://www.tokeninteractive.com,0,1,0,0,0,0,0,0,1,1,1,0,1,0,0,1,1,0,1,1
http://www.khalidh.cf,0,0,0,0,0,0,0,0,0,1,0,0,0,0,0,0,0,0,0,0
https://sbzuc7vcx.web.app/,0,1,0,0,0,0,1,0,0,1,0,0,1,0,0,0,0,0,0,0
https://fb-restriction-case-ac669.web.app/,0,1,0,0,0,0,1,0,0,1,0,0,1,0,0,0,0,0,0,0
https://bafybeicx632kovolcmtykzyzsmgbl3uxxxsplyazgvwb2adw7pxbxuyfre.ipfs.w3s.link/fresbaze.html#,0,1,0,1,0,0,1,0,0,1,0,1,0,0,0,0,1,1,1,0
https://www.cs.ucy.ac.cy,0,1,0,1,0,0,1,0,0,1,0,0,1,1,0,1,0,0,1,1
https://licoresesurez.com/css/js/credit-agricolefr/credit-agricoleverification/8d9f3f76293b395/region.php?particulier,0,1,0,0,0,1,1,0,1,1,1,1,1,0,0,0,1,0,0,0
https://liveworks.io/com/neteasehardest/900,0,1,0,0,0,0,1,0,0,1,0,0,0,0,0,0,0,0,0,0
https://saika69sex.monster/qdoj8,0,1,0,0,0,0,1,0,0,0,0,0,0,0,0,0,0,0,0,0
http://www.noticiasreales.honor.es,0,0,0,1,0,0,1,0,0,1,0,0,0,0,0,0,0,0,0,0
http://southwiretoolsus.com,0,0,0,0,0,0,0,0,1,1,0,0,0,0,0,0,0,0,0,0
https://www.pintabianregistry.com,0,1,0,0,0,0,0,0,1,1,0,0,1,1,0,1,0,0,1,1
https://botasreyme.info/dhl/dhl%20auto/dhl%20auto/dhl.php?rand=13inboxlightaspxn.1774256418&fid.4.1252899642&fid=1&fav.1&rand.13inboxlight.aspxn.1774256418&fid.1252899642&fid.1&fav.1&email=3mail@b.c&.rand=13inboxlight.aspx?n=1774256418&fid=4,0,1,1,0,1,1,1,0,0,1,1,0,0,0,0,0,1,1,1,0
https://www.betweendandr.com,0,1,0,0,0,0,0,0,1,1,0,1,1,0,0,1,1,0,1,1
http://login.bancodbogotacol.repl.co/inicio.html,0,0,0,1,0,0,1,0,0,1,0,0,0,0,0,0,0,0,0,0
https://www.pennsauken.net,0,1,0,0,0,0,0,0,0,1,1,0,1,1,0,1,1,0,0,1
https://brema.co.za/activacion/step1,0,1,0,0,0,0,1,0,0,1,0,0,1,0,0,0,1,1,1,0
https://www.nmgastronome.com,0,1,0,0,0,0,0,0,1,1,0,1,1,0,0,1,1,0,1,1
https://www.myvitale.com,0,1,0,0,0,0,0,0,1,1,1,0,1,1,0,1,1,0,0,1
http://www.saiconsard.co.jp.rhkowp.top/ai/sign.php,0,0,0,1,0,0,1,0,0,0,0,0,0,0,0,0,0,0,0,0
http://www.methisr.ga,0,0,0,0,0,0,0,0,0,1,0,0,0,0,0,0,0,0,0,0
http://mail.deliverylifesupport.com/public/8ra63p2j5f6cgzpzlg90w5qs4cczm2os,0,0,0,0,0,0,1,0,1,1,0,1,0,0,0,0,0,0,0,0
http://metemock.com/,0,0,0,0,0,0,1,0,1,0,0,0,0,0,0,0,0,0,0,0
http://www.onlyfann.site,0,0,0,0,0,0,0,0,0,0,0,0,0,0,0,0,0,0,0,0
http://www.bramastudio.com,0,0,0,0,0,0,0,0,1,0,0,0,0,0,0,0,0,0,0,0
http://www.isfun.net,0,0,0,0,0,0,0,0,0,1,0,0,0,0,0,0,0,0,0,0
https://www.thesharpproject.co.uk,0,1,0,1,0,0,1,0,0,1,0,1,1,1,0,1,1,0,1,1
https://fzjujhchal19.z8.web.core.windows.net/,0,1,0,1,0,0,1,0,0,0,0,0,0,0,0,0,0,0,0,0
https://www.globalmentalhealth.org,0,1,0,0,0,0,0,0,0,1,1,0,1,1,1,1,1,0,0,1
https://www.lmcuk.com,0,1,0,0,0,0,0,0,1,1,1,0,1,1,0,1,1,0,1,1
http://www.daliborkokic.com,0,0,0,0,0,0,0,0,1,1,0,0,0,0,0,0,0,0,0,0
http://www.lasermarc.it,0,0,0,0,0,0,0,0,0,0,0,0,0,0,0,0,0,0,0,0
http://www.annunziato.com.br,0,0,0,1,0,0,1,0,0,1,0,0,1,0,0,0,0,0,0,0
http://www.rakoten-card.zbqtfrb.cn/,0,0,0,1,0,0,1,0,0,1,0,0,0,0,0,0,0,0,0,0
https://www.conpaptex.com,0,1,0,0,0,0,0,0,1,1,0,1,0,1,0,0,0,0,1,1
https://www.kuliss.co,0,1,0,0,0,0,0,0,0,1,0,1,1,1,0,1,0,0,1,1
http://www.naturallythrivingyou.com,0,0,0,0,0,0,0,0,1,1,0,1,1,1,0,0,0,0,0,0
http://www.team-speak.cf,0,0,0,0,0,0,1,0,0,1,0,0,0,0,0,0,0,0,0,0
http://www.saiaoon-co-jp.acseose.ibzlwr.top/jp.php,0,0,0,1,0,0,1,0,0,1,0,0,0,0,0,0,0,0,0,0
https://dev-wbpostalmr.pantheonsite.io/web,0,1,0,0,0,0,1,0,0,1,0,0,0,0,0,0,0,0,0,0
https://www.wblib.org,0,1,0,0,0,0,0,0,0,1,1,0,0,0,0,1,1,1,0,1
http://www.yn69q8kcxh.sdybv.com,0,0,0,1,0,0,1,0,1,0,0,0,0,0,0,0,0,0,0,0
https://www.everystudent.com,0,1,0,0,0,0,0,0,1,1,1,1,1,1,0,1,0,0,1,1
https://www.odbms.org,0,1,0,0,0,0,0,0,0,1,0,1,1,0,0,1,1,0,1,1
https://www.homeschoolshare.com,0,1,0,0,0,0,0,0,1,1,0,1,1,0,0,1,1,0,1,1
https://www.bioscientia.de,0,1,0,0,0,0,0,0,0,1,1,0,1,1,0,0,1,0,1,1
https://dev-wpostalecc.pantheonsite.io/web,0,1,0,0,0,0,1,0,0,1,0,0,0,0,0,0,0,0,0,0
http://www.univisionautomation.com/wp-content/-/-/regdex/web/captcha.php,0,0,0,0,0,0,1,0,1,1,1,0,1,1,1,0,1,0,1,0
https://www.neatolabels.com,0,1,0,0,0,0,0,0,1,1,0,0,1,1,0,1,1,1,1,1
http://eximmerers.com/a.html?od=1sylshort6395dab75dd2c_vl_weekvl_0p44.gmcbm.yzzzyrg0r5p12bj111_x1904.hw80zd3d3d3gynza4nwhh0a1mfo,0,0,0,0,1,1,1,0,1,0,0,0,0,0,0,0,0,0,0,0
http://www.assets.helloguide.com,0,0,0,1,0,0,1,0,1,1,0,0,0,0,0,0,0,0,0,0
http://www.rakoten-cacd.y16xs4k04q1hifhk.shop/,0,0,0,1,0,0,1,0,0,1,0,0,0,0,0,0,0,0,0,0
https://www.sandmountainherbs.com,0,1,0,0,0,0,0,0,1,1,1,1,0,1,0,1,1,0,1,1
https://sikablabesoinhoo.firebaseapp.com/,0,1,0,0,0,0,1,0,1,1,0,0,1,0,0,0,0,0,0,0
https://www.canolainfo.org,0,1,0,0,0,0,0,0,0,1,1,0,1,1,0,1,1,0,1,1
http://clob.ai,0,0,0,0,0,0,0,0,0,0,0,0,0,0,0,0,0,0,0,0
https://mmtttb33-opnn5.web.app/,0,1,0,0,0,0,1,0,0,0,0,0,1,0,0,0,0,0,0,0
http://www.avrworks.com,0,0,0,0,0,0,0,0,1,1,0,0,1,0,0,0,0,0,0,0
https://www.jadorelesfleurs.com,0,1,0,0,0,0,0,0,1,1,1,1,1,1,0,1,1,0,0,1
https://www.velsicol.com,0,1,0,0,0,0,0,0,1,1,0,0,1,0,0,0,1,0,1,1
https://www.sarahdelamer.com,0,1,0,0,0,0,0,0,1,1,0,0,1,0,1,1,0,0,0,1
https://jvevdeulstdphd01.z20.web.core.windows.net/,0,1,0,1,0,0,1,0,0,1,0,0,0,0,0,0,0,0,0,0
https://www.julielorenzen.net,0,1,0,0,0,0,0,0,0,1,0,1,1,1,0,0,1,0,1,1
https://www.forumishqiptar.com,0,1,0,0,0,0,0,0,1,1,0,0,1,1,0,0,0,0,1,1
https://webmail-108950.weeblysite.com/,0,1,0,0,0,0,1,0,1,1,1,0,1,0,0,0,0,0,0,0
https://www.hankai.co.jp,0,1,0,1,0,0,1,0,0,1,0,0,0,1,0,0,0,0,1,1
https://www.xirsys.com,0,1,0,0,0,0,0,0,1,1,1,0,1,1,0,1,0,0,0,1
http://www.googleservicesforar.com,0,0,0,0,0,0,0,0,1,0,0,0,0,0,0,0,0,0,0,0
https://www.32red.com,0,1,0,0,0,0,0,0,1,1,1,1,1,0,1,0,1,1,1,1
https://www.b2bmemes.com,0,1,0,0,0,0,0,0,1,1,1,1,1,1,0,0,1,0,1,1
https://www.thephoenixnewspaper.com,0,1,0,0,0,0,0,0,1,1,0,1,1,1,0,1,1,0,1,1
https://www.rossde.com,0,1,0,0,0,0,0,0,1,1,0,0,0,1,0,0,0,0,1,1
https://cloudflare-ipfs.com/ipfs/bafybeia4ghp5o72eucwl2vki64rbcu6crk2mzlarhnvx42r5ol3ovnbyeu/asia_share.html,0,1,0,0,0,0,1,0,1,0,0,0,0,0,0,0,0,0,0,0
https://www.mushroominfo.co.za,0,1,0,1,0,0,1,0,0,1,0,1,1,0,0,1,1,0,1,1
https://www.lynettewhitesell.com,0,1,0,0,0,0,0,0,1,1,0,0,1,0,0,1,1,1,1,1
https://www.rewildingmag.com,0,1,0,0,0,0,0,0,1,1,0,0,1,1,0,1,0,0,1,1
http://www.dijitalklinik.com,0,0,0,0,0,0,0,0,1,0,0,0,0,0,0,0,0,0,0,0
http://www.lr-adl.xyz,0,0,0,0,0,0,1,0,0,1,0,0,0,0,0,0,1,0,0,0
http://impost-market.345421.xyz/hp2lebzz/kqpvi5/8/,0,0,0,0,0,0,1,0,0,0,0,0,0,0,0,0,0,0,0,0
https://drop2melted-giganotosaurus.glitch.me/?5f9bc5e8204a74=%2fc2hhmzg0odc1nzgwoti1njc3mzu3mta3d%2f1cca52596b9cf3995876d0dd13895e5e862ad4e1386b371387ae12f84e87a038%2fcmlwzw1kmju2njixnjqzmjaynjgxotg5oda3d%2fbwq1mjuxodi4mtaxndu0odm1nzy3d%2fb682920209b7bb81927964c17196eeeddf9f74067c7f31afbcece926a4d9cc3d&s=mzmxndiznte0nzyxmjg1njawmdawntiwotiynzk0otg0nta4mzawmda3d5f9bc5e81fccc8&aqs=njcwndk0mzazotcwodu0nzuwmda3d&token=mzmxndiznte0nzyxmjg1njawmdawntiwotiynzk0otg0nta4mzawmda3d5f9bc5e81fccc8,0,1,0,0,1,1,1,0,0,1,0,0,1,0,0,0,0,0,0,0
https://outlook138.yolasite.com/,0,1,0,0,0,0,1,0,1,1,0,0,0,0,0,0,1,0,1,0
https://bafybeibkicihw6wdkggrossqb2bzcgemokcon7afpxtl6p6wzg765hdi4i.ipfs.dweb.link/?err=nru7qfkn5nf5kxvlxfk&dispatch=329&id=8bac8b44575acca499c5bca3cbb06a,0,1,0,1,1,1,1,0,0,1,1,0,1,0,0,0,0,1,0,0
https://www.martacanga.com,0,1,0,0,0,0,0,0,1,1,0,1,0,1,0,1,1,0,1,1
https://att-105099.square.site/,0,1,0,0,0,0,1,0,0,1,0,0,1,0,0,0,0,0,0,0
http://www.yihdaf.webwave.dev,0,0,0,1,0,0,1,0,0,1,0,0,0,0,0,0,0,0,0,0
https://www.biosphereplastic.com,0,1,0,0,0,0,0,0,1,1,1,1,0,1,0,1,1,0,1,1
https://lnterbank-bancaporinternet.web.app/,0,1,0,0,0,0,1,0,0,1,1,0,0,1,0,0,0,0,0,0
http://aveafuiy3.gq/sharedfile/onedri/one/,0,0,0,0,0,0,1,0,0,1,0,0,0,0,0,0,0,0,0,0
https://metallicproudrange--hollkingbhj.repl.co/,0,1,0,0,0,0,1,0,0,1,0,0,0,0,0,0,0,0,0,0
https://www.treklit.com,0,1,0,0,0,0,0,0,1,1,1,0,0,0,0,1,0,0,0,1
https://www.bpb.de,0,1,0,0,0,0,0,0,0,1,1,0,1,1,0,1,0,0,1,1
https://www.enca.com,0,1,0,0,0,0,0,0,1,1,1,0,1,0,0,1,1,0,1,1
http://unigenq.click/,0,0,0,0,0,0,1,0,0,0,0,0,0,0,0,0,0,0,0,0
http://www.ihbsystem.com,0,0,0,0,0,0,0,0,1,0,0,0,0,0,0,0,0,0,0,0
http://www.parfumoda.com,0,0,0,0,0,0,0,0,1,1,0,0,0,0,0,0,0,0,0,0
http://www.aeocn-co-jp.aceon.nqmolm.top/,0,0,0,1,0,0,1,0,0,1,0,0,0,0,0,0,0,0,0,0
https://sites.google.com/view/noticepublicpagenew2021,0,1,0,0,0,0,1,0,1,1,1,0,1,0,0,0,0,0,1,0
http://www.alawangroups.com,0,0,0,0,0,0,0,0,1,0,0,0,0,0,0,0,0,0,0,0
https://www.973fm.com.au,0,1,0,1,0,0,1,0,0,1,1,1,1,1,0,1,1,0,1,1
http://www.sicurezza-web.scarica-adesso.com,0,0,0,1,0,0,1,0,1,1,0,0,1,0,0,0,0,0,1,0
http://qwdphhjhcb.duckdns.org/,0,0,0,0,0,0,1,0,0,1,0,0,0,0,0,0,0,0,0,0
http://security-page-community-standards.blogspot.rs/,0,0,0,0,0,0,1,0,0,1,0,0,0,0,0,0,0,0,0,0
https://docs.google.com/presentation/d/e/2pacx-1vqjoseez-ix3h6iu2jhxee0ttbwtdliuesookwg3-ylji9in7yh5j7-yrwgjxbnmbthyqm56dqzdq1b/pub?start=false&loop=false&delayms=3000,0,1,0,0,1,1,1,0,1,1,0,0,0,0,0,0,0,0,0,0
https://fleek.ipfs.io/ipfs/bafybeianey7mvrjbsecf2gz565f2746nb3t34m2m5u6xo75ofc27g7yqra/frauth.html?user@domain.tld,0,1,0,0,0,1,1,0,0,1,0,0,0,0,0,0,0,0,0,0
https://www.hessbyhess.com,0,1,0,0,0,0,0,0,1,1,1,0,1,1,0,0,1,1,1,1
https://www.eheartdesign.com,0,1,0,0,0,0,0,0,1,1,1,1,1,1,0,1,1,0,1,1
https://www.neurodegenerationresearch.eu,0,1,0,0,0,0,0,0,0,1,1,1,1,0,0,1,1,0,1,1
http://www.3cuartos.com,0,0,0,0,0,0,0,0,1,0,0,0,0,0,0,0,0,0,0,0
http://www.uberoatsn.com.aia128.top/,0,0,0,1,0,0,1,0,0,0,0,0,0,0,0,0,0,0,0,0
http://mail.deliverylifesupport.com/public/hiyqjcg1uedun3ojfv2jlqjovoq2lorc,0,0,0,0,0,0,1,0,1,1,0,0,0,0,0,0,0,0,0,0
https://mhasc.org.au/wp-content/linkedin/lin/index.html,0,1,0,0,0,0,1,0,0,1,0,0,1,0,0,0,0,0,0,0
https://www.canalenergia.com.br,0,1,0,1,0,0,1,0,0,1,1,1,1,1,0,1,0,0,0,1
http://www.hermanng.cf,0,0,0,0,0,0,0,0,0,1,0,0,0,0,0,0,0,0,0,0
https://conferindo-meusaldonline-2023.com/luiza/?userid=13&uri=pqmtjthc6uj5kd3h3ajg8pz2nup+k1le8dcdjjuz9jc=,0,1,0,0,1,1,1,0,1,1,0,1,1,0,0,0,1,0,0,0
https://asdqw.akludwszsyrcz4223.workers.dev/,0,1,0,1,0,0,1,0,0,0,0,0,0,0,0,0,0,0,0,0
http://www.f0590622.xsph.ru,0,0,0,1,0,0,1,0,0,1,0,0,0,0,0,0,0,0,0,0
http://www.4africa.cloud,0,0,0,0,0,0,0,0,0,1,0,0,1,0,0,0,0,0,0,0
https://docs.google.com/forms/d/e/1faipqlsfqjyamn38kyfu1gixlitpfnnivmi4dcrwllbchwywxcnmcba/viewform,0,1,0,0,0,0,1,0,1,1,1,0,1,0,0,0,0,0,1,0
https://triofouldgdadren.web.app/,0,1,0,0,0,0,1,0,0,1,0,0,0,0,0,0,0,0,0,0
https://www.thehabitat.my,0,1,0,0,0,0,0,0,0,1,1,0,0,1,0,1,1,0,0,1
https://www.priestsforlife.org,0,1,0,0,0,0,0,0,0,1,0,0,1,0,0,1,1,0,0,1
https://www.lovemysurface.net,0,1,0,0,0,0,0,0,0,1,0,1,1,1,1,1,1,0,1,1
https://www.healthlink.org.za,0,1,0,1,0,0,1,0,0,1,0,0,1,0,0,0,1,0,0,1
https://www.gaceta.mx,0,1,0,0,0,0,0,0,0,1,0,1,1,1,0,1,1,0,1,1
https://yahoo-105921.weeblysite.com/,0,1,0,0,0,0,1,0,1,1,1,0,1,0,0,0,0,0,0,0
https://expressdhl-at.com/,0,1,0,0,0,0,1,0,1,0,0,0,0,0,0,0,0,0,0,0
https://www.hispaniclifestyle.com,0,1,0,0,0,0,0,0,1,1,0,1,1,0,0,1,1,0,1,1
https://www.spotselfieapp.com,0,1,0,0,0,0,0,0,1,1,0,0,1,1,0,1,0,0,1,1
https://support.acoizzna-iaoaiwn.icu/,0,1,0,0,0,0,1,0,0,1,0,0,0,0,0,0,0,0,0,0
https://www.bma.org.uk,0,1,0,1,0,0,1,0,0,1,1,0,1,1,0,1,1,0,1,1
https://www.renox.com,0,1,0,0,0,0,0,0,1,1,0,1,0,1,0,0,0,0,1,1
https://www.falgunithemes.com,0,1,0,0,0,0,0,0,1,1,1,1,1,0,0,0,1,0,1,1
https://www.ledgertranscript.com,0,1,0,0,0,0,0,0,1,1,1,0,1,1,0,1,1,0,1,1
https://bradesco-livelo-ocnqpjugja-ew.a.run.app/,0,1,0,1,0,0,1,0,0,0,0,0,0,0,0,0,0,0,0,0
https://www.superfaktura.cz,0,1,0,0,0,0,0,0,0,1,1,1,1,1,0,1,1,1,1,1
https://www.sshopencloud.eu,0,1,0,0,0,0,0,0,0,1,1,0,1,0,0,1,0,0,1,1
https://dev-ingresarbhdleon.pantheonsite.io/,0,1,0,0,0,0,1,0,0,1,0,0,0,0,0,0,0,0,0,0
https://www.sewmucheasier.com,0,1,0,0,0,0,0,0,1,1,1,0,1,1,0,1,1,0,1,1
https://www.instamojo.com,0,1,0,0,0,0,0,0,1,1,1,1,1,1,0,1,1,0,1,1
https://www.sarahnick.com,0,1,0,0,0,0,0,0,1,1,1,0,0,0,0,1,1,1,1,1
https://www.teresamummert.com,0,1,0,0,0,0,0,0,1,1,0,0,1,1,0,0,0,0,0,1
https://bafybeialhjs4i2pzvmv3unflnhykvzuba2ruuzr4qganwcdzfylcmvahxu.ipfs.cf-ipfs.com/marysmithres_office674748.html,0,1,0,1,0,0,1,0,1,1,0,0,1,0,0,0,1,1,1,0
https://myofficegaliciia-arg.com,0,1,0,0,0,0,1,0,1,1,0,0,0,0,0,0,1,1,0,0
https://didieier.godaddysites.com/,0,1,0,0,0,0,1,0,1,1,0,0,1,0,0,0,0,0,0,0
https://www.indianolaiowa.gov,0,1,0,0,0,0,0,0,0,1,1,0,1,1,0,0,0,0,0,1
https://www.mainichi.co.jp,0,1,0,1,0,0,1,0,0,1,1,0,1,1,0,1,1,0,1,1
https://lorziferza.pages.net.br/?gclid=eaiaiqobchmi4apc-t7q_qivcyerch1g7wereamyaiaaegkaafd_bwe,0,1,0,1,1,1,1,0,0,0,0,0,0,0,0,0,0,0,0,0
https://hd23-df3.web.app/,0,1,0,0,0,0,1,0,0,1,0,0,1,0,0,0,0,0,0,0
https://www.minifier.org,0,1,0,0,0,0,0,0,0,1,1,0,1,1,0,0,1,0,0,1
http://gebimnilegin.godaddysites.com/,0,0,0,0,0,0,1,0,1,0,0,0,0,0,0,0,0,0,0,0
https://lsai.shop,0,1,0,0,0,0,0,0,0,1,0,1,1,0,0,0,0,0,0,0
https://www.shorttermtradings.com,0,1,0,0,0,0,0,0,1,1,0,1,0,0,0,0,0,0,0,0
https://posti-fi-palvelu.com/pages,0,1,0,0,0,0,1,0,1,1,0,1,1,0,0,0,1,1,0,0
http://www.enterrasimonad.com,0,0,0,0,0,0,0,0,1,0,0,0,0,0,0,0,0,0,0,0
http://www.vpnyjscloud.site,0,0,0,0,0,0,0,0,0,1,0,0,0,0,0,0,0,0,0,0
https://ipfs.fleek.co/ipfs/bafybeiagbszmg7i45qtecbq22b2qssbfloccz2w5jlblcdrpd6pe4grnom,0,1,0,0,0,0,1,0,0,0,0,0,0,0,0,0,0,0,0,0
https://www.davecamlin.com,0,1,0,0,0,0,0,0,1,1,1,0,1,1,0,1,0,0,0,1
https://www.alpine-pearls.com,0,1,0,0,0,0,1,0,1,1,1,0,1,1,1,1,1,0,1,1
https://www.statsnwt.ca,0,1,0,0,0,0,0,0,0,1,0,0,0,0,0,0,0,0,1,1
https://www.blackbookmarketresearch.com,0,1,0,0,0,0,0,0,1,1,1,0,1,1,0,1,0,0,1,1
http://www.autoemail.zpesport.com,0,0,0,1,0,0,1,0,1,0,0,0,0,0,0,0,0,0,0,0
http://www.kj49.com,0,0,0,0,0,0,0,0,1,0,0,0,0,0,0,0,0,0,0,0
http://www.elatadesan.ml,0,0,0,0,0,0,0,0,0,1,0,0,0,0,0,0,0,0,0,0
https://obabanter26.firebaseapp.com/,0,1,0,0,0,0,1,0,1,1,0,0,1,0,0,0,0,0,0,0
https://www.nhk-ro.jp.messagehtmlid0001070.ujfxkmr.cn/,0,1,0,1,0,0,1,0,0,1,0,0,0,0,0,0,0,0,0,0
https://www.organicconsumers.org,0,1,0,0,0,0,0,0,0,1,1,0,1,0,0,1,1,0,1,1
https://www.hudsonvalleydirectory.com,0,1,0,0,0,0,0,0,1,1,0,0,1,1,0,1,1,0,1,1
https://tunahrtjanzak1.web.app/,0,1,0,0,0,0,1,0,0,1,0,0,0,0,0,0,0,0,0,0
https://www.fulcherortho.com,0,1,0,0,0,0,0,0,1,1,0,1,1,1,0,1,0,0,1,1
https://www.tradestation.com,0,1,0,0,0,0,0,0,1,1,0,1,1,1,0,1,1,0,1,1
http://www.connecticutsfinestmovers.com,0,0,0,0,0,0,0,0,1,1,0,0,0,0,0,0,0,0,0,0
https://dev-panel-de-actualizacionitauonline.pantheonsite.io/,0,1,0,0,0,0,1,0,0,1,0,0,0,0,0,0,0,0,0,0
https://www.faac.com,0,1,0,0,0,0,0,0,1,1,1,1,1,1,1,1,1,1,1,1
https://www.8gunhaber.com,0,1,0,0,0,0,0,0,1,1,1,0,1,1,0,1,0,0,1,1
https://www.jointhealthmagazine.com,0,1,0,0,0,0,0,0,1,1,1,1,1,1,1,1,1,0,1,1
https://subduedfavoritexonitors--jeanc101112.repl.co/index1.html,0,1,0,0,0,0,1,0,0,1,0,0,0,0,0,0,0,0,0,0
https://www.genengnews.com,0,1,0,0,0,0,0,0,1,1,1,1,1,1,0,1,1,1,1,1
https://www.sararoylance.com,0,1,0,0,0,0,0,0,1,1,1,0,1,0,0,1,1,0,1,1
https://www.lotto.net,0,1,0,0,0,0,0,0,0,1,1,0,1,1,0,0,0,0,1,1
https://www.magictack.de,0,1,0,0,0,0,0,0,0,1,0,0,1,1,0,1,1,1,1,1
http://www.is-very-evil.org,0,0,0,0,0,0,1,0,0,0,0,0,0,0,0,0,0,0,0,0
http://www.asserghorab.com,0,0,0,0,0,0,0,0,1,1,0,0,1,0,0,0,0,0,0,0
https://www.yorkconservationtrust.org,0,1,0,0,0,0,0,0,0,1,1,0,1,1,0,0,0,0,1,1
https://sg1qu7wxio.firebaseapp.com/,0,1,0,0,0,0,1,0,1,1,0,0,1,0,0,0,0,0,0,0
https://www.misfit-studios.com,0,1,0,0,0,0,1,0,1,1,0,0,0,0,1,1,1,0,1,1
https://senioren-in-wangen.de/clienti/it/,0,1,0,0,0,0,1,0,0,0,0,0,0,0,0,0,0,0,0,0
https://www.buerostuhl24.com,0,1,0,0,0,0,0,0,1,1,1,1,1,1,0,1,1,0,1,1
https://www.aktsk.com.tw,0,1,0,1,0,0,1,0,0,1,1,0,1,1,0,1,0,0,1,1
https://www.honestabe.com,0,1,0,0,0,0,0,0,1,1,0,1,1,1,0,1,1,1,1,1
https://www.sarahgoodnough.com,0,1,0,0,0,0,0,0,1,1,0,1,0,1,0,1,1,1,1,1
https://www.viceroycars.com,0,1,0,0,0,0,0,0,1,1,0,0,1,1,1,0,1,0,1,1
http://www.isr4.ohmzo.com,0,0,0,1,0,0,1,0,1,0,0,0,0,0,0,0,0,0,0,0
http://www.saisonoard.co.jp.omxdne.top/jp.php?u=2,0,0,0,1,1,1,1,0,0,0,0,0,0,0,0,0,0,0,0,0
https://www.seegerweiss.com,0,1,0,0,0,0,0,0,1,1,1,1,1,1,0,1,1,0,1,1
https://www.makatimed.net.ph,0,1,0,1,0,0,1,0,0,1,0,1,1,1,1,1,1,1,1,1
http://www.seppay.ml,0,0,0,0,0,0,0,0,0,1,0,0,0,0,0,0,0,0,0,0
https://www.monsanto-tribunal.org,0,1,0,0,0,0,1,0,0,1,1,1,1,0,0,1,0,0,0,1
https://sqno-d3gm-h.web.app/,0,1,0,0,0,0,1,0,0,1,0,0,1,0,0,0,0,0,0,0
https://www.happyhowies.com,0,1,0,0,0,0,0,0,1,1,1,1,1,1,0,1,1,0,1,1
https://www.bigc.vn,0,1,0,0,0,0,0,0,0,1,0,0,1,1,0,1,1,1,1,1
https://gateway.pinata.cloud/ipfs/bafybeidciqd24ivsfnku4nrhnhdhqzs2t6efsvyatwzlqoiprgovoyufau/,0,1,0,0,0,0,1,0,0,0,0,0,0,0,0,0,0,0,0,0
https://www.lennartverhoeff.net,0,1,0,0,0,0,0,0,0,1,0,1,1,0,0,1,1,1,1,1
https://trademenz-o172b0t.web.app/,0,1,0,0,0,0,1,0,0,1,0,0,1,0,0,0,0,0,0,0
https://www.watchgmctv.com,0,1,0,0,0,0,0,0,1,1,1,0,0,0,0,0,1,0,0,1
https://webmainnetrestore.com/apps,0,1,0,0,0,0,1,0,1,1,0,0,1,1,0,0,0,0,0,0
https://tribelio.page/scureprivatehjireebjmcvbrfqi-yjr3olpvm31mptemp-sitelink,0,1,0,0,0,0,1,0,0,1,1,0,1,0,0,0,0,0,0,0
https://www.maitre-eolas.fr,0,1,0,0,0,0,1,0,0,1,0,1,0,1,0,1,1,0,1,1
https://www.reonomy.com,0,1,0,0,0,0,0,0,1,1,1,0,1,1,0,1,1,0,1,1
https://www.shms.edu,0,1,0,0,0,0,0,0,0,1,0,0,1,0,0,1,1,0,1,1
https://hdfcbankkycpage09.firebaseapp.com/,0,1,0,0,0,0,1,0,1,1,0,0,1,0,0,0,0,0,0,0
https://www.brigada.hr,0,1,0,0,0,0,0,0,0,1,0,0,1,0,0,1,1,0,1,1
https://macimixrt.firebaseapp.com/,0,1,0,0,0,0,1,0,1,1,0,0,0,0,0,0,0,0,0,0
https://www.intmedsafe.net,0,1,0,0,0,0,0,0,0,1,0,1,1,0,0,1,1,0,1,1
https://www.rutterassociates.com,0,1,0,0,0,0,0,0,1,1,0,1,1,0,0,1,1,0,1,1
https://www.thumbshots.com,0,1,0,0,0,0,0,0,1,1,1,0,1,0,0,1,1,1,1,1
https://www.mundolabores.com,0,1,0,0,0,0,0,0,1,1,1,0,1,1,0,1,1,1,0,1
https://docs.google.com/presentation/d/e/2pacx-1vsyjh3oqjp_mkyqdaub6tdi-r0ern7crtrrkktdqq6uzvearmeidpgrwvued9lf7jirwkvoi8s63qn2/pub?start=false&loop=false&delayms=3000,0,1,0,0,1,1,1,0,1,1,1,0,1,0,0,0,0,0,1,0
https://www.datatourisme.fr,0,1,0,0,0,0,0,0,0,1,1,0,1,1,0,0,0,0,0,1
https://www.videoproductionproject.com,0,1,0,0,0,0,0,0,1,1,0,0,1,1,0,0,0,0,1,1
https://www.regeneron.com,0,1,0,0,0,0,0,0,1,1,0,0,1,1,0,1,1,0,1,1
https://www.velonews.com,0,1,0,0,0,0,0,0,1,1,0,1,1,1,1,1,0,0,1,1
http://tdttk4.webwave.dev/,0,0,0,0,0,0,1,0,0,1,0,0,0,0,0,0,0,0,0,0
https://www.e-contract.be,0,1,0,0,0,0,1,0,0,1,1,1,1,1,0,0,0,0,1,1
http://www.chmpgrp.com.snocomb.com,0,0,0,1,0,0,1,0,1,1,0,0,0,0,0,0,0,0,0,0
https://www.kaineduds.com,0,1,0,0,0,0,0,0,1,1,0,0,1,1,0,1,1,0,1,1
http://www.customstatis.com,0,0,0,0,0,0,0,0,1,0,0,0,0,0,0,0,0,0,0,0
https://www.prpeak.com,0,1,0,0,0,0,0,0,1,1,1,0,1,0,0,1,0,0,1,1
https://www.icpsnet.org,0,1,0,0,0,0,0,0,0,1,1,0,1,0,0,1,1,0,1,1
https://www.jusline.at,0,1,0,0,0,0,0,0,0,1,1,1,1,0,0,1,1,1,1,1
https://www.727datacenter.net,0,1,0,0,0,0,0,0,0,1,0,0,1,0,0,0,0,0,1,1
https://www.raffaellarimassa.it,0,1,0,0,0,0,0,0,0,1,0,1,1,0,0,1,0,0,1,1
https://www.gp-digital.org,0,1,0,0,0,0,1,0,0,1,1,1,1,1,0,1,1,0,1,1
https://www.disobey.com,0,1,0,0,0,0,0,0,1,1,0,0,0,0,0,0,1,0,1,1
https://s.amaucnru.icu,0,1,0,0,0,0,1,0,0,1,0,0,0,0,0,0,0,0,0,0
https://www.freshdog.com,0,1,0,0,0,0,0,0,1,1,1,0,1,1,0,1,1,1,1,1
https://www.oomicure.com,0,1,0,0,0,0,0,0,1,1,0,0,1,1,0,0,0,0,1,1
http://www.madrededeusprime.com.br,0,0,0,1,0,0,1,0,0,0,0,0,0,0,0,0,0,0,0,0
https://www.dooney.com,0,1,0,0,0,0,0,0,1,1,1,1,1,1,0,1,1,0,1,1
https://www.thelittleshopbox.com,0,1,0,0,0,0,0,0,1,1,0,1,1,1,0,1,1,0,0,1
https://onlinebankinggalicia.bancaonlinegal.repl.co/,0,1,0,1,0,0,1,0,0,1,0,0,0,0,0,0,0,0,0,0
https://www.dbdebunk.com,0,1,0,0,0,0,0,0,1,1,1,0,0,0,0,0,1,0,1,1
https://www.modernlaine.com,0,1,0,0,0,0,0,0,1,1,1,1,1,0,1,1,1,0,1,1
https://www.vespainc.com,0,1,0,0,0,0,0,0,1,1,1,0,1,1,0,1,0,0,1,1
https://gemdieloguo.godaddysites.com/,0,1,0,0,0,0,1,0,1,1,0,0,1,1,0,0,1,0,1,0
https://lightsalmonadventurousloopfission.andresbarragan1.repl.co/,0,1,0,1,0,0,1,0,0,1,0,0,0,0,0,0,0,0,0,0
https://lido.fi.ti-informatica.ch/rewards/,0,1,0,1,0,0,1,0,0,1,0,0,1,0,0,0,0,0,0,0
https://www.platypusattack.com,0,1,0,0,0,0,0,0,1,1,1,0,1,0,0,1,0,0,1,1
https://www.abbeywhisky.com,0,1,0,0,0,0,0,0,1,1,1,0,1,1,0,1,1,1,1,1
https://www.v2.fi,0,1,0,0,0,0,0,0,0,1,0,0,1,1,0,1,0,0,1,1
https://www.extremepickyeating.com,0,1,0,0,0,0,0,0,1,1,0,0,1,1,0,1,1,0,0,1
http://www.vpkimplus.com,0,0,0,0,0,0,0,0,1,1,0,0,1,0,0,0,0,0,0,0
https://www.nataliemaclean.com,0,1,0,0,0,0,0,0,1,1,1,0,1,1,0,1,1,0,1,1
https://www.rotarydistrict3310.org.my,0,1,0,1,0,0,1,0,0,1,1,0,1,0,0,1,1,0,1,1
https://s3.nl-ams.scw.cloud/archive.doc/index.html?x-amz-algorithm=aws4-hmac-sha256&x-amz-content-sha256=unsigned-payload&x-amz-credential=scwp4b5g2j15af5vbpsq%2f20230116%2fnl-ams%2fs3%2faws4_request&x-amz-date=20230116t195802z&x-amz-expires=435596&x-amz-signature=05d377d84f57fd31d37ed79186bf9e59dd24b53199cadc7cc78a639f45a1cafb&x-amz-signedheaders=host&x-id=getobject,0,1,0,1,1,1,1,0,0,0,0,0,0,0,0,0,0,0,0,0
http://www.ioperamini.com,0,0,0,0,0,0,0,0,1,1,0,0,1,0,0,0,0,0,0,0
https://www.cultivatedwit.com,0,1,0,0,0,0,0,0,1,1,1,1,1,0,0,1,1,1,0,1
http://www.infotechno.net,0,0,0,0,0,0,0,0,0,0,0,0,0,0,0,0,0,0,0,0
https://www.diemon.com,0,1,0,0,0,0,0,0,1,1,1,1,0,1,0,0,0,0,0,1
http://www.neocuboarquitetura.com.br,0,0,0,1,0,0,1,0,0,1,0,0,1,0,0,1,0,0,0,0
https://auth1-0utlookfolders-aus.web.app/,0,1,0,0,0,0,1,0,0,1,0,0,0,0,0,0,0,0,0,0
https://www.hoverlay.com,0,1,0,0,0,0,0,0,1,1,0,1,1,1,0,1,1,0,1,1
https://ipfs.fleek.co/ipfs/bafybeiao4cz3ukl77rw54haby2ewtrlbydwkce7qd6bon7k7jathvzjo5u,0,1,0,0,0,0,1,0,0,0,0,0,0,0,0,0,0,0,0,0
https://www.maxell.co.jp,0,1,0,1,0,0,1,0,0,1,1,0,1,1,0,1,1,0,1,1
http://www.shaparakks.gq,0,0,0,0,0,0,0,0,0,1,0,0,0,0,0,0,0,0,0,0
https://www.stpaul.gov,0,1,0,0,0,0,0,0,0,1,1,0,1,1,0,1,1,0,0,1
https://www.pearlsharbor.de,0,1,0,0,0,0,0,0,0,1,0,1,1,1,0,1,1,0,1,1
https://www.miningweekly.com,0,1,0,0,0,0,0,0,1,1,1,0,1,1,0,1,1,1,1,1
https://www.sierrachest.com,0,1,0,0,0,0,0,0,1,1,0,0,1,0,0,1,1,0,1,1
https://invoice2328e9dc.myportfolio.com/,0,1,0,0,0,0,1,0,1,1,0,0,1,0,0,0,0,1,0,0
https://www.deephouseamsterdam.com,0,1,0,0,0,0,0,0,1,1,1,1,1,1,1,1,1,0,1,1
http://www.versatilehairshop.com,0,0,0,0,0,0,0,0,1,0,0,0,0,0,0,0,0,0,0,0
https://att-109673.weeblysite.com/,0,1,0,0,0,0,1,0,1,1,0,0,0,0,0,0,0,0,0,0
https://bit.ly/3l8cipr,0,1,0,0,0,0,1,0,0,1,0,0,0,0,0,0,0,0,0,0
https://interbanca003.repl.co/,0,1,0,0,0,0,1,0,0,1,0,0,0,0,0,0,0,0,0,0
https://www.electionsportal.ge/uploads/news/sl.html?email,0,1,0,0,0,1,1,0,0,0,0,0,0,0,0,0,0,0,0,0
https://www.fujimediahd.co.jp,0,1,0,1,0,0,1,0,0,1,0,0,1,1,0,0,0,0,1,1
https://www.theluminaryandco.com,0,1,0,0,0,0,0,0,1,1,0,0,1,1,0,1,1,1,1,1
https://www.tnris.org,0,1,0,0,0,0,0,0,0,1,1,0,1,1,0,0,0,0,1,1
https://miseenjourconsoledigital.firebaseapp.com/,0,1,0,0,0,0,1,0,1,0,0,0,0,0,0,0,0,0,0,0
http://sdxuupvtyr.fortunabets.club/vnafvra97w/?q=3717065149&id=100,0,0,0,0,1,1,1,0,0,0,0,0,0,0,0,0,0,0,0,0
https://www.pressalert.ro,0,1,0,0,0,0,0,0,0,1,0,0,1,1,0,1,1,1,1,1
https://sss11dew.web.app/,0,1,0,0,0,0,1,0,0,1,0,0,0,0,1,0,1,1,0,0
https://cuenbaseepruulugnesss.godaddysites.com/,0,1,0,0,0,0,1,0,1,1,0,0,1,0,0,0,0,0,0,0
https://sby6-y.web.app/,0,1,0,0,0,0,1,0,0,1,0,0,1,0,0,0,0,0,0,0
http://www.pichrolpelak.ir,0,0,0,0,0,0,0,0,0,1,0,0,1,1,0,0,0,0,0,0
https://www.louisemathewson.com,0,1,0,0,0,0,0,0,1,1,0,0,1,0,0,1,0,0,1,1
https://www.imomus.com,0,1,0,0,0,0,0,0,1,1,1,0,0,0,0,1,0,0,0,1
https://www.solorugs.com,0,1,0,0,0,0,0,0,1,1,0,0,0,1,0,1,1,1,1,1
https://www.1888pressrelease.com,0,1,0,0,0,0,0,0,1,1,0,0,0,1,0,1,0,0,1,1
http://www.101zt.com,0,0,0,0,0,0,0,0,1,1,0,0,0,0,0,0,0,0,0,0
https://www.underscores.fr,0,1,0,0,0,0,0,0,0,1,1,1,1,1,0,1,1,0,1,1
https://www.citytosouth.com,0,1,0,0,0,0,0,0,1,1,1,0,0,0,0,1,0,0,0,1
http://www.gametoping.win,0,0,0,0,0,0,0,0,0,0,0,0,0,0,0,0,0,0,0,0
http://www.nethunsleather.com,0,0,0,0,0,0,0,0,1,1,0,0,1,0,0,0,0,0,0,0
https://www.eglin.af.mil,0,1,0,1,0,0,1,0,0,1,1,1,1,0,0,1,0,0,0,1
http://www.0hna.com,0,0,0,0,0,0,0,0,1,0,0,0,0,0,0,0,0,0,0,0
https://www.dramastudiolondon.co.uk,0,1,0,1,0,0,1,0,0,1,0,1,1,0,1,1,1,0,1,1
https://www.newyorksportsclubs.com,0,1,0,0,0,0,0,0,1,1,1,1,1,1,0,1,1,1,0,1
https://www.enriqueiglesias.com,0,1,0,0,0,0,0,0,1,1,1,1,1,0,1,1,1,0,1,1
https://www.natachamondonericpierre.fr,0,1,0,0,0,0,0,0,0,1,1,0,1,1,0,1,0,0,1,1
http://aaveprotocol.pro,0,0,0,0,0,0,0,0,0,1,1,0,0,0,0,0,1,0,1,0
https://hd2-fy.firebaseapp.com/,0,1,0,0,0,0,1,0,1,1,0,0,1,0,0,0,0,0,0,0
http://www.tastygoodness.net,0,0,0,0,0,0,0,0,0,0,0,0,0,0,0,0,0,0,0,0
http://www.ralozimper.com,0,0,0,0,0,0,0,0,1,0,0,0,0,0,0,0,0,0,0,0
https://www.auraltrad.com,0,1,0,0,0,0,0,0,1,1,0,1,1,1,0,0,1,0,1,1
https://www.godotmedia.com,0,1,0,0,0,0,0,0,1,1,1,1,1,1,0,1,0,0,1,1
http://www.phd.fbcode.co,0,0,0,1,0,0,1,0,0,1,0,0,0,0,0,0,0,0,0,0
http://www.hostmailsecureserver.com,0,0,0,0,0,0,0,0,1,1,0,0,0,0,0,0,0,0,0,0
http://www.chinadagitaltimes.net,0,0,0,0,0,0,0,0,0,0,0,0,0,0,0,0,0,0,0,0
https://www.vampfurniture.co.za,0,1,0,1,0,0,1,0,0,1,0,0,1,1,0,1,1,1,1,1
https://www.deployhq.com,0,1,0,0,0,0,0,0,1,1,1,0,0,0,0,0,0,0,1,1
https://www.ipcinfo.org,0,1,0,0,0,0,0,0,0,1,1,0,1,0,0,1,1,0,1,1
https://www.team-lab.com,0,1,0,0,0,0,1,0,1,1,1,0,1,1,0,1,1,0,1,1
https://www.abettergreece.com,0,1,0,0,0,0,0,0,1,1,0,1,1,0,0,0,1,0,1,1
https://olauusuuuduusisiddd.s3.us-east-005.backblazeb2.com/index+(1).html,0,1,0,1,0,0,1,0,1,0,0,0,0,0,0,0,0,0,0,0
https://www.amazon-co-jp.amzaoezn.niixwp.top/ap/signin,0,1,0,1,0,0,1,0,0,1,0,0,0,0,0,0,0,0,0,0
https://www.picol.org,0,1,0,0,0,0,0,0,0,1,0,0,1,1,0,0,0,0,1,1
https://www.mcgregorcoxall.com,0,1,0,0,0,0,0,0,1,1,1,0,1,1,0,1,0,0,1,1
https://mail-at-t-inbox.webflow.io/,0,1,0,0,0,0,1,0,0,1,0,0,0,0,0,0,0,0,0,0
https://www.radio36.com.uy,0,1,0,1,0,0,1,0,0,1,1,0,0,0,0,1,0,0,0,1
https://www.thenaturalbaby.com,0,1,0,0,0,0,0,0,1,1,1,0,1,1,0,1,1,1,1,1
https://www.voli.bs.it,0,1,0,1,0,0,1,0,0,1,0,0,1,0,0,0,0,0,0,1
https://www.fosbirds.org,0,1,0,0,0,0,0,0,0,1,1,0,1,1,0,1,0,0,1,1
http://www.j6k.gcgvb.com,0,0,0,1,0,0,1,0,1,0,0,0,0,0,0,0,0,0,0,0
https://www.novinarnica.plus,0,1,0,0,0,0,0,0,0,1,0,0,1,1,0,1,0,0,1,1
https://www.senseoncents.com,0,1,0,0,0,0,0,0,1,1,1,1,0,1,0,1,1,0,1,1
https://www.sbstransit.com.sg,0,1,0,1,0,0,1,0,0,1,0,0,1,1,0,1,1,0,1,1
https://roundedspanishratios.tomasvsta.repl.co/,0,1,0,1,0,0,1,0,0,1,0,0,0,0,0,0,0,0,0,0
https://www.samedayagratours.in,0,1,0,0,0,0,0,0,0,1,1,0,1,1,1,1,1,0,1,1
https://www.gumon.app,0,1,0,0,0,0,0,0,0,1,0,0,1,1,0,0,0,0,1,1
https://www.rolleritools.com,0,1,0,0,0,0,0,0,1,1,1,0,1,1,0,1,1,0,1,1
https://www.wscs.info,0,1,0,0,0,0,0,0,0,1,1,1,1,1,0,0,1,1,0,1
http://www.z229f0f1063dfad84effac99b2a51632cc.ws,0,0,0,0,0,0,0,0,0,1,0,0,1,0,0,0,0,0,0,0
http://www.paragoncraftevents.com,0,0,0,0,0,0,0,0,1,1,0,0,1,0,0,0,0,0,0,0
https://www.the-go-project.com,0,1,0,0,0,0,1,0,1,1,0,0,1,1,0,0,1,1,1,1
https://bafybeidndrr2xvdpiqcy5s3c6uw4omiucmypea5xy53pjv6el4iriio5na.ipfs.infura-ipfs.io//dashboard.ionos2023.html,0,1,0,1,0,0,1,0,0,0,0,0,0,0,0,0,0,0,0,0
https://yahoo-104055.weeblysite.com/,0,1,0,0,0,0,1,0,1,1,1,0,1,0,0,0,0,0,0,0
https://l24.im/pbfim,0,1,0,0,0,0,1,0,0,0,0,0,0,0,0,0,0,0,0,0
https://www.childbrides.org,0,1,0,0,0,0,0,0,0,1,0,1,1,0,0,0,1,0,1,1
https://g6puo3.webwave.dev/,0,1,0,0,0,0,1,0,0,1,0,0,0,1,0,0,0,0,0,0
http://www.orthodonticoffices.com,0,0,0,0,0,0,0,0,1,0,0,0,0,0,0,0,0,0,0,0
https://www.cryptopricewidget.com,0,1,0,0,0,0,0,0,1,1,0,0,0,0,0,0,0,0,1,1
http://www.nld.neaply.naver-active.online,0,0,0,1,0,0,1,0,0,0,0,0,0,0,0,0,0,0,0,0
https://www.flvacationconnection.com,0,1,0,0,0,0,0,0,1,1,1,0,1,1,0,1,1,0,1,1
https://www.nycservice.org,0,1,0,0,0,0,0,0,0,1,1,1,1,0,0,1,1,1,1,1
https://useysend.boxmode.io/,0,1,0,0,0,0,1,0,0,1,1,0,1,1,0,0,0,0,0,0
https://www.digitalmars.com,0,1,0,0,0,0,0,0,1,1,0,0,0,1,0,0,1,0,1,1
https://myclassroom.com.au/outloook?o=2&ea=ocxlbxchisahrlse.com,0,1,0,0,1,1,1,0,0,1,0,0,0,0,0,0,0,0,0,0
https://www.newsaero.info,0,1,0,0,0,0,0,0,0,0,1,1,1,1,0,1,1,1,1,1
https://ipfs.eth.aragon.network/ipfs/bafybeiclwyupysz2js2qac65h5ydmz5u7ljuxjrjmqvsb54dza3mo7lxe4//stop.html,0,1,0,1,0,0,1,0,0,0,0,0,0,0,0,0,0,0,0,0
https://www.rakuteneagles.jp,0,1,0,0,0,0,0,0,0,1,1,1,1,1,0,1,0,0,1,1
http://www.sero-pey.gq,0,0,0,0,0,0,1,0,0,1,0,0,0,0,0,0,0,0,0,0
https://www.aberno.co.uk,0,1,0,1,0,0,1,0,0,1,0,0,1,1,0,1,1,1,1,1
https://darek.iwonacisek.pl/add/email@example.com,0,1,0,0,0,0,1,0,0,1,0,1,1,0,0,0,0,0,0,0
https://www.anaszilagyi.com,0,1,0,0,0,0,0,0,1,1,1,1,1,1,0,1,1,0,0,1
http://www.cover.urlfb.co,0,0,0,1,0,0,1,0,0,1,0,0,0,0,0,0,0,0,0,0
https://s66tcfd-u.firebaseapp.com/,0,1,0,0,0,0,1,0,1,1,0,0,1,0,0,0,0,0,0,0
https://www.funawards.com,0,1,0,0,0,0,0,0,1,1,0,0,1,1,0,1,0,0,1,1
http://www.omwowxisx.cf,0,0,0,0,0,0,0,0,0,1,0,0,0,0,0,0,0,0,0,0
https://www.strataarchitects.com,0,1,0,0,0,0,0,0,1,1,1,1,1,0,0,1,0,0,1,1
https://www.stanley.co.jp,0,1,0,1,0,0,1,0,0,1,0,0,1,1,0,1,1,0,1,1
https://www.mapplethorpefilm.com,0,1,0,0,0,0,0,0,1,1,0,1,1,1,0,0,1,0,0,1
http://dstatisticbot.com/,0,0,0,0,0,0,1,0,1,1,0,0,0,0,0,0,0,0,0,0
http://traditionalmiraclesco.com/,0,0,0,0,0,0,1,0,1,1,0,0,0,0,0,0,1,1,0,0
https://www.top-rider.com,0,1,0,0,0,0,1,0,1,1,0,0,1,1,0,0,1,0,1,1
https://www.cop21paris.org,0,1,0,0,0,0,0,0,0,1,0,0,0,0,0,1,0,0,1,1
http://www.8.igmxw.com,0,0,0,1,0,0,1,0,1,0,0,0,0,0,0,0,0,0,0,0
https://www.iran-bulletin.org,0,1,0,0,0,0,1,0,0,1,1,1,1,1,1,1,1,0,1,1
https://www.boxofficepro.com,0,1,0,0,0,0,0,0,1,1,0,1,1,1,0,1,1,0,1,1
https://jflynn19773.wixsite.com/my-site,0,1,0,0,0,0,1,0,1,1,0,1,1,1,0,0,0,0,0,0
https://www.besttrendingnews.com,0,1,0,0,0,0,0,0,1,1,1,0,1,1,0,1,1,0,1,1
https://www.getstroll.com,0,1,0,0,0,0,0,0,1,1,0,0,1,0,0,1,1,0,1,1
https://www.cursors-4u.com,0,1,0,0,0,0,1,0,1,1,1,0,1,1,0,0,1,0,1,1
https://www.astronomy.org.gg,0,1,0,1,0,0,1,0,0,1,0,0,1,1,0,1,0,0,1,1
https://maildinshaakckjnw488.firebaseapp.com/,0,1,0,0,0,0,1,0,1,1,0,0,1,0,0,0,0,0,0,0
https://www.zilverblauw.nl,0,1,0,0,0,0,0,0,0,1,1,1,0,1,0,1,1,0,1,1
https://www.saisenkasa.tk/jp,0,1,0,0,0,0,1,0,0,1,0,1,1,0,0,0,0,0,0,0
http://www.daxia123.cn,0,0,0,0,0,0,0,0,0,1,0,0,0,1,0,0,0,0,0,0
https://www.futureaudioworkshop.com,0,1,0,0,0,0,0,0,1,1,1,1,0,0,0,1,1,0,1,1
https://www.faktysmolensk.niezniknelo.com,0,1,0,1,0,0,1,0,1,1,0,1,1,1,0,0,1,0,0,1
https://metasupport10009832527835.firebaseapp.com/,0,1,0,0,0,0,1,0,1,1,0,0,1,0,0,0,0,0,0,0
https://www.conasi.eu,0,1,0,0,0,0,0,0,0,1,0,1,1,1,0,1,1,0,0,1
https://www.robmathes.com,0,1,0,0,0,0,0,0,1,1,1,0,1,1,0,1,0,0,1,1
https://www.plrdatabase.net,0,1,0,0,0,0,0,0,0,1,1,1,1,1,0,1,1,1,1,1
https://www.childhood-business.de,0,1,0,0,0,0,1,0,0,1,1,1,1,1,1,1,1,1,1,1
https://www.alumhm.com,0,1,0,0,0,0,0,0,1,1,1,0,1,1,0,1,1,0,1,1
https://www.robertgaskins.com,0,1,0,0,0,0,0,0,1,1,1,0,1,1,0,1,0,0,1,1
http://www.genotecinc.com,0,0,0,0,0,0,0,0,1,1,0,0,0,0,0,0,0,0,0,0
https://www.mikenutterllc.com,0,1,0,0,0,0,0,0,1,1,1,0,1,1,0,1,0,0,0,1
https://www.snhu.edu,0,1,0,0,0,0,0,0,0,1,1,1,1,1,0,1,1,0,1,1
https://www.mychurchwebsite.net,0,1,0,0,0,0,0,0,0,1,1,0,1,1,0,0,1,0,0,1
https://www.theworkerslab.com,0,1,0,0,0,0,0,0,1,1,0,0,1,1,0,1,0,0,0,1
https://conta-de-regularizacao.com/login.php,0,1,0,0,0,0,1,0,1,1,0,0,1,0,0,0,1,1,0,0
https://www.leouieda.com,0,1,0,0,0,0,0,0,1,1,1,0,1,0,0,1,0,0,1,1
https://www.sathersjewelers.com,0,1,0,0,0,0,0,0,1,1,0,0,1,1,0,1,1,0,1,1
https://www.tuckerellis.com,0,1,0,0,0,0,0,0,1,1,1,1,0,1,0,1,1,0,1,1
http://is.gd/4bo4b8,0,0,0,0,0,0,1,0,0,0,0,0,1,0,0,0,0,0,0,0
https://www.sri.com,0,1,0,0,0,0,0,0,1,1,1,1,1,1,1,1,1,0,1,1
http://www.keeblerak.ga,0,0,0,0,0,0,0,0,0,1,0,0,0,0,0,0,0,0,0,0
https://www.ecoenclose.com,0,1,0,0,0,0,0,0,1,1,0,0,1,1,0,1,1,0,1,1
https://www.pressfire.no,0,1,0,0,0,0,0,0,0,1,0,0,0,0,0,0,1,0,1,1
https://www.linuxcenter.ru,0,1,0,0,0,0,0,0,0,1,0,0,1,1,0,1,1,0,1,1
http://oualid-loubiri.ma/service/,0,0,0,0,0,0,1,0,0,0,0,0,0,0,0,0,0,0,0,0
http://www.thruhere.net,0,0,0,0,0,0,0,0,0,0,0,0,0,0,0,0,0,0,0,0
https://www.reapp.io,0,1,0,0,0,0,0,0,0,1,1,0,1,1,0,0,0,0,1,1
https://www.genealogybank.com,0,1,0,0,0,0,0,0,1,1,1,1,1,1,0,1,1,0,1,1
https://291100.daviplatauser.repl.co/,0,1,0,1,0,0,1,0,0,1,0,0,0,0,0,0,0,0,0,0
https://loving-tharp.45-14-165-241.plesk.page/njczntuznzg3otc5mdask/,0,1,0,1,0,0,1,0,0,1,0,0,1,0,0,0,0,0,0,0
https://www.e3g.org,0,1,0,0,0,0,0,0,0,1,1,1,1,1,0,1,1,0,1,1
https://b1aaafa73fd75e.lhr.life/,0,1,0,0,0,0,1,0,0,0,0,0,0,0,0,0,0,0,0,0
https://www.seututorial.com,0,1,0,0,0,0,0,0,1,1,1,0,0,0,0,1,1,0,1,1
https://www.shadygrovefertility.com,0,1,0,0,0,0,0,0,1,1,1,1,1,1,1,1,1,0,1,1
http://www.aksmusicgroup.com,0,0,0,0,0,0,0,0,1,0,0,0,0,0,0,0,0,0,0,0
https://www.eastmountairy.org,0,1,0,0,0,0,0,0,0,1,1,0,1,1,0,1,1,0,1,1
https://maildinshaakckjnw341.firebaseapp.com/,0,1,0,0,0,0,1,0,1,1,0,0,1,0,0,0,0,0,0,0
http://thauthproximus.from-ia.com,0,0,0,0,0,0,1,0,1,1,0,0,0,0,0,0,0,0,0,0
http://79dc729f-6359-4ba8-be42-32cf46095b92.id.repl.co,0,0,0,1,0,0,1,0,0,1,0,0,0,0,0,0,0,0,0,0
https://storageapi.fleek.co/f93bbabc-c9fe-416b-9895-abc3c414d6f4-bucket/tec3/index.html,0,1,0,0,0,0,1,0,0,0,0,0,0,0,0,0,0,0,0,0
https://www.blenheim.surrey.sch.uk,0,1,0,1,0,0,1,0,0,1,1,1,1,1,0,1,0,0,1,1
https://www.biografiadechile.cl,0,1,0,0,0,0,0,0,0,1,0,1,0,1,0,1,1,1,0,1
https://www.naspers.com,0,1,0,0,0,0,0,0,1,1,0,0,1,1,0,1,1,0,1,1
https://www.actualno.com,0,1,0,0,0,0,0,0,1,1,1,1,1,1,0,1,1,0,1,1
https://www.nybabystore.com,0,1,0,0,0,0,0,0,1,1,1,0,1,0,0,1,1,1,1,1
https://www.cc-chapman.com,0,1,0,0,0,0,1,0,1,1,1,0,1,1,0,1,1,0,0,1
http://www.ngllogistics.africa,0,0,0,0,0,0,0,0,0,0,0,0,0,0,0,0,0,0,0,0
https://www.fireflycraft.com,0,1,0,0,0,0,0,0,1,1,1,0,1,1,0,1,1,1,1,1
http://www.v17.com,0,0,0,0,0,0,0,0,1,1,0,0,0,0,0,0,0,0,0,0
http://www.gate.blocktrail.com,0,0,0,1,0,0,1,0,1,1,0,0,0,0,0,0,0,0,0,0
http://www.financialgurus.net,0,0,0,0,0,0,0,0,0,0,0,0,0,0,0,0,0,0,0,0
https://www.grasiemercedes.com,0,1,0,0,0,0,0,0,1,1,1,1,1,1,0,1,1,0,1,1
https://hannah.chat/wp-includes/id3/-/9c70a6061b271d2ec8bb35edd80a6640/execution.html?validation=e1s1,0,1,0,0,1,1,1,0,0,1,1,0,1,1,0,0,0,0,0,0
https://www.faber.co.uk,0,1,0,1,0,0,1,0,0,1,0,1,1,1,0,1,1,0,1,1
https://www.michalpaszkiewicz.co.uk,0,1,0,1,0,0,1,0,0,1,0,0,1,1,0,1,0,0,0,1
https://www.mangust-food.ru,0,1,0,0,0,0,1,0,0,1,1,0,1,1,0,0,0,0,1,1
http://ulnskoeuro.temp.swtest.ru/www.sfr.fr-login-return_url/index.html,0,0,0,1,0,0,1,0,0,1,0,0,1,0,0,0,0,0,0,0
https://attregly.weebly.com/,0,1,0,0,0,0,1,0,1,1,0,1,1,0,0,0,0,0,0,0
https://www.nheconomy.com,0,1,0,0,0,0,0,0,1,1,1,0,1,1,0,1,1,0,1,1
https://www.uniqueworldrecords.com,0,1,0,0,0,0,0,0,1,1,1,0,1,1,0,1,1,0,1,1
https://num1-ink.cc.dvrlists.com/xic/nfx/-en/settings/settings.php?action=paymentaction&,0,1,0,1,1,1,1,0,1,1,0,0,1,0,0,0,1,0,0,0
https://www.stanfieldshutter.com,0,1,0,0,0,0,0,0,1,1,1,1,1,1,0,1,0,0,1,1
https://www.bluefountainmedia.com,0,1,0,0,0,0,0,0,1,1,1,0,1,1,0,1,0,0,1,1
https://www.rtm.fr,0,1,0,0,0,0,0,0,0,1,1,0,1,1,0,1,1,0,0,1
http://eyt-ikramiyeni-hmn-al-tkla.site/,0,0,0,0,0,0,1,0,0,1,0,0,1,0,0,0,0,0,0,0
https://www.centre4activeliving.ca,0,1,0,0,0,0,0,0,0,1,0,1,1,0,0,0,1,0,1,1
https://www.bubisphotography.com,0,1,0,0,0,0,0,0,1,1,1,1,1,1,0,1,0,0,1,1
http://www.pomundayes.ga,0,0,0,0,0,0,0,0,0,1,0,0,0,0,0,0,0,0,0,0
https://login-cgd.com/,0,1,0,0,0,0,1,0,1,0,0,0,0,0,0,0,0,0,0,0
https://outlook-web-fb782.web.app/,0,1,0,0,0,0,1,0,0,1,0,0,1,0,0,0,0,0,0,0
http://www.chengxinjiameng.com,0,0,0,0,0,0,0,0,1,1,0,0,0,0,0,0,0,0,0,0
https://www.nyteknik.se,0,1,0,0,0,0,0,0,0,1,1,0,1,1,0,1,1,1,1,1
http://www.libxqagv.ns.dns3.cf,0,0,0,1,0,0,1,0,0,0,0,0,0,0,0,0,0,0,0,0
http://tinyurl.com/ya2n6z3v,0,0,0,0,0,0,1,0,1,1,0,0,0,0,0,0,0,0,0,0
https://www.everythingmom.com,0,1,0,0,0,0,0,0,1,1,0,1,1,1,0,1,1,0,1,1
https://www.thetemplebar.info,0,1,0,0,0,0,0,0,0,1,0,1,1,1,0,1,1,0,1,1
https://sfr-desactivation-sim.com/verification/login.php,0,1,0,0,0,0,1,0,1,0,0,0,0,0,0,0,0,0,0,0
https://feed6.godaddysites.com/,0,1,0,0,0,0,1,0,1,1,0,0,1,0,0,0,0,0,0,0
http://www.comment2020.com,0,0,0,0,0,0,0,0,1,1,0,0,0,0,0,0,0,0,0,0
https://www.euromanticism.org,0,1,0,0,0,0,0,0,0,1,0,0,1,0,0,1,1,0,1,1
https://www.stourvalleyway.co.uk,0,1,0,1,0,0,1,0,0,1,1,0,1,1,0,1,0,0,0,1
http://www.ns2.us,0,0,0,0,0,0,0,0,0,0,0,0,0,0,0,0,0,0,0,0
https://ipfs.io/ipfs/qmadex6jsdmf98nlzaxfdsjoztym4weztzwkxuuu8weuzs/livebweb.html,0,1,0,0,0,0,1,0,0,0,0,0,0,0,0,0,1,0,1,0
http://www.f0549248.xsph.ru,0,0,0,1,0,0,1,0,0,1,0,0,0,0,0,0,0,0,0,0
https://www.taleek.com,0,1,0,0,0,0,0,0,1,1,1,0,1,1,0,1,0,0,1,1
https://www.anggitaramani.com,0,1,0,0,0,0,0,0,1,1,1,0,0,0,0,1,1,0,1,1
https://ipfs.io/ipfs/qmwnzsfhykwfd7edj78bfmb5z6v5n22swe2z35tnegrbxd?filename=update.html,0,1,0,0,1,1,1,0,0,0,0,0,0,0,0,0,0,0,0,0
https://www.hugr.ca,0,1,0,0,0,0,0,0,0,1,1,0,1,1,0,0,1,0,1,1
http://www.hgnkljn.ga,0,0,0,0,0,0,0,0,0,1,0,0,0,0,0,0,0,0,0,0
https://www.nerdologues.com,0,1,0,0,0,0,0,0,1,1,1,0,1,0,0,1,0,0,1,1
https://www.pizazz.biz,0,1,0,0,0,0,0,0,0,1,0,1,1,1,0,1,1,0,1,1
https://www.kingoftheranges.com.au,0,1,0,1,0,0,1,0,0,1,0,0,1,1,0,1,0,0,0,1
https://www.helloworldlive.com,0,1,0,0,0,0,0,0,1,1,0,1,1,0,0,0,1,0,0,1
https://www.templehealth.org,0,1,0,0,0,0,0,0,0,1,1,0,1,1,0,1,1,0,1,1
http://www.shopbaite.ru,0,0,0,0,0,0,0,0,0,1,0,0,0,0,0,0,0,0,0,0
http://m.t6755.com/,0,0,0,0,0,0,1,0,1,1,0,0,0,0,0,0,0,0,0,0
https://document2-be2c0.firebaseapp.com/,0,1,0,0,0,0,1,0,1,1,1,0,1,0,0,0,0,0,0,0
https://www.citypeopleonline.com,0,1,0,0,0,0,0,0,1,1,1,1,1,1,0,1,1,0,1,1
https://www.ctbirding.org,0,1,0,0,0,0,0,0,0,1,0,0,0,0,0,1,1,0,1,1
https://www.kshvid.com,0,1,0,0,0,0,0,0,1,1,1,1,1,1,0,1,0,0,1,1
https://www.face.eu,0,1,0,0,0,0,0,0,0,1,1,1,1,0,0,1,1,0,0,1
http://www.obokay.com,0,0,0,0,0,0,0,0,1,0,0,0,0,0,0,0,0,0,0,0
https://www.708media.com,0,1,0,0,0,0,0,0,1,1,1,1,1,1,0,0,1,0,0,1
http://www.finmyphone-alert.us/fmicode/codesepteng.php,0,0,0,0,0,0,1,0,0,0,0,0,1,0,0,0,1,0,0,0
https://www.hlsapp.ch,0,1,0,0,0,0,0,0,0,1,1,0,0,0,0,1,1,0,0,1
https://www.navodayatimes.in,0,1,0,0,0,0,0,0,0,1,1,0,1,1,0,1,1,0,1,1
https://www.cqrlog.com,0,1,0,0,0,0,0,0,1,1,0,0,0,0,0,1,1,1,0,1
https://www.jewishvoiceforpeace.org,0,1,0,0,0,0,0,0,0,1,1,0,1,1,0,1,1,0,0,1
https://aiojs.weeblysite.com/,0,1,0,0,0,0,1,0,1,1,0,0,0,0,0,0,0,0,0,0
https://prexver.cardlogin.repl.co/,0,1,0,1,0,0,1,0,0,1,0,0,0,0,0,0,0,0,0,0
http://www.miraclinkcrm.com,0,0,0,0,0,0,0,0,1,0,0,0,0,0,0,0,0,0,0,0
https://www.atelierdelagehoeve.nl,0,1,0,0,0,0,0,0,0,1,1,1,1,1,0,0,1,1,1,1
http://www.server3fi.exodus.connexxa.it,0,0,0,1,0,0,1,0,0,1,0,0,0,0,0,0,0,0,0,0
https://myblog-y3abs9fud9.live-website.com/swiss-post/manage/,0,1,0,0,0,0,1,0,1,1,0,0,1,0,0,0,1,0,0,0
http://191.233.24.116/login/index.php,1,0,0,1,0,0,1,0,0,1,0,0,0,0,0,0,0,0,0,0
http://www.uberveiculos.com.br,0,0,0,1,0,0,1,0,0,1,0,0,0,0,0,0,0,0,0,0
http://43.156.7.24/v3/signin/identifier?dsh=s1997497513:1681451360605739&continue=https://accounts.google.com/?&xrealip=188.232.180.100&followup=https://accounts.google.com/?&xrealip=188.232.180.100&ifkv=aqmjq7qozjlrhfzpqt2jfhzp9ofpwzqqccyqzp1ln34pbmcm3mwbwin5zifsurdd0axsviq8wtel9a&passive=1209600&xrealip=188.232.180.100&flowname=glifwebsignin&flowentry=servicelogin,1,1,0,1,1,1,1,0,0,1,0,1,1,0,0,0,1,0,1,0
https://www.kristikuusk.com,0,1,0,0,0,0,0,0,1,1,0,1,1,0,0,1,0,0,0,1
https://www.weierlaw.com,0,1,0,0,0,0,0,0,1,1,1,1,1,1,0,1,1,0,1,1
https://www.canal10.com.uy,0,1,0,1,0,0,1,0,0,1,0,1,1,1,0,1,1,0,0,1
https://5fgfgfgfgfg4g4gdf.blogspot.com/?m=1,0,1,0,0,1,1,1,0,1,1,1,0,0,0,0,0,1,1,0,0
https://www.josephnicolosi.com,0,1,0,0,0,0,0,0,1,1,1,0,1,1,0,1,0,0,0,1
https://icyfrenchcomputationalscience--gali3453.repl.co/,0,1,0,0,0,0,1,0,0,1,0,0,0,0,0,0,0,0,0,0
https://www.indiacadworks.com,0,1,0,0,0,0,0,0,1,1,0,0,1,1,0,1,1,0,1,1
https://od.lhht.workers.dev/,0,1,0,1,0,0,1,0,0,0,0,0,0,0,0,0,0,0,0,0
http://www.serveftp.org,0,0,0,0,0,0,0,0,0,0,0,0,0,0,0,0,0,0,0,0
https://www.stmga.org,0,1,0,0,0,0,0,0,0,1,0,0,1,0,0,1,1,0,0,1
http://www.kwdd.cehsg.com,0,0,0,1,0,0,1,0,1,0,0,0,0,0,0,0,0,0,0,0
https://www.waskasoopark.ca,0,1,0,0,0,0,0,0,0,1,0,0,1,1,0,1,0,0,1,1
https://www.kilians.com,0,1,0,0,0,0,0,0,1,1,1,1,1,1,0,1,1,0,1,1
https://www.good-cook.ru,0,1,0,0,0,0,1,0,0,1,1,0,1,1,1,0,1,0,1,1
https://www.havrechamber.com,0,1,0,0,0,0,0,0,1,1,1,0,1,1,0,1,0,0,1,1
http://u2004226.plsk.regruhosting.ru/f/,0,0,0,1,0,0,1,0,0,1,1,0,0,0,0,0,1,0,1,0
https://www.hsucares.com,0,1,0,0,0,0,0,0,1,1,1,1,1,1,0,1,0,0,1,1
http://www.vjnghjg.homec.live,0,0,0,1,0,0,1,0,0,1,0,0,0,0,0,0,0,0,0,0
https://www.rfdtv.com,0,1,0,0,0,0,0,0,1,1,1,0,1,0,0,1,1,0,1,1
https://www.cdrlabs.com,0,1,0,0,0,0,0,0,1,1,0,0,1,1,0,1,0,0,1,1
http://www.jiqun.i1mc.xyz,0,0,0,1,0,0,1,0,0,0,0,0,0,0,0,0,0,0,0,0
https://www.arganoilproductreviews.com,0,1,0,0,0,0,0,0,1,1,0,1,1,1,0,1,1,0,1,1
https://mail2.googlle.workers.dev/,0,1,0,1,0,0,1,0,0,0,0,0,0,0,0,0,1,0,0,0
https://www.pincode.net.in,0,1,0,1,0,0,1,0,0,1,0,0,0,1,0,0,0,0,1,1
https://www.emoryhealthcare.org,0,1,0,0,0,0,0,0,0,1,0,0,0,0,0,1,1,0,1,1
https://20-2-82-85.cprapid.com/apphype/,0,1,0,0,0,0,1,0,1,0,1,0,1,0,0,0,1,1,0,0
https://logo.exterous.cyou/,0,1,0,0,0,0,1,0,0,1,0,1,1,0,0,0,0,0,0,0
http://www.inapturst.top,0,0,0,0,0,0,0,0,0,1,0,0,0,0,0,0,0,0,0,0
https://ipfs.io/ipfs/bafkreigr55jzvrhrcsfkuuf7wxsvtwatywfwjyugkvuay4cwoiilhaviue?filename=index.html,0,1,0,0,1,1,1,0,0,1,0,0,0,0,0,0,0,0,0,0
https://www.taino-tribe.org,0,1,0,0,0,0,1,0,0,1,0,0,0,1,0,1,1,0,1,1
https://tribelio.page/ytrytryeyeyt65345rtsgshjv,0,1,0,0,0,0,1,0,0,1,1,0,1,1,0,0,0,0,0,0
http://www.happyslider.com,0,0,0,0,0,0,0,0,1,0,0,0,0,0,0,0,0,0,0,0
http://www.516abc.com,0,0,0,0,0,0,0,0,1,1,0,0,0,1,0,0,0,0,0,0
http://www.sghidrocarburos.com,0,0,0,0,0,0,0,0,1,0,0,0,0,0,0,0,0,0,0,0
https://www.americanhorsepubs.org,0,1,0,0,0,0,0,0,0,1,1,1,1,1,0,1,1,0,1,1
https://www.amazcon-co-jp.amacszan.rrizrw.top/ap/signin,0,1,0,1,0,0,1,0,0,1,0,0,0,0,0,0,0,0,0,0
https://bafybeif2jetcca4km64gis4ccwayrpws3svrmcm7f7vjne6exinbrun2du.ipfs.dweb.link/today.html?email=*@*,0,1,0,1,1,1,1,0,0,0,0,0,0,0,0,0,0,0,0,0
https://94e985af-cae1-491f-bcc8-3a44809bb89f.id.repl.co/,0,1,0,1,0,0,1,0,0,1,0,0,0,0,0,0,0,0,0,0
http://www.mcleansit.com,0,0,0,0,0,0,0,0,1,0,0,0,0,0,0,0,0,0,0,0
https://www.marrymag.de,0,1,0,0,0,0,0,0,0,1,0,1,1,1,0,1,1,0,1,1
https://zxpoifds.top/,0,1,0,0,0,0,0,0,0,1,0,0,0,0,0,0,0,0,0,0
https://www.indiestrader.com,0,1,0,0,0,0,0,0,1,1,0,1,1,1,0,1,1,0,1,1
http://www.filesdownloader.com,0,0,0,0,0,0,0,0,1,0,0,0,0,0,0,0,0,0,0,0
http://www.bbhno.urlfb.co,0,0,0,1,0,0,1,0,0,1,0,0,0,0,0,0,0,0,0,0
https://www.ferro-alloys.cn,0,1,0,0,0,0,1,0,0,1,0,0,0,1,0,0,1,1,1,1
https://f-it-1-siuqnqvuea-as.a.run.app,0,1,0,1,0,0,1,0,0,0,0,0,0,0,0,0,0,0,0,0
https://www.tidytextmining.com,0,1,0,0,0,0,0,0,1,1,0,0,1,1,0,0,0,0,0,1
http://www.zxdev.org,0,0,0,0,0,0,0,0,0,0,0,0,0,0,0,0,0,0,0,0
https://instinct-americain.meduccatacama.cl/#redacted@abuse.ionos.com,0,1,0,0,0,0,1,0,0,1,0,0,0,0,0,0,0,0,0,0
https://www.themotormuseuminminiature.co.uk,0,1,0,1,0,0,1,0,0,1,0,0,0,1,0,1,0,0,0,1
https://www.swiftoilchange.in,0,1,0,0,0,0,0,0,0,1,1,0,1,1,0,1,1,0,1,1
http://www.die-hauensteins.com,0,0,0,0,0,0,1,0,1,0,0,0,0,0,0,0,0,0,0,0
https://www.qucox.com,0,1,0,0,0,0,0,0,1,1,0,1,1,1,0,1,1,0,1,1
http://www.1qingdao.com,0,0,0,0,0,0,0,0,1,1,0,0,0,1,0,0,0,0,1,0
https://www.firsthotels.com,0,1,0,0,0,0,0,0,1,1,1,0,1,1,0,1,1,0,1,1
https://www.llandudno.gov.uk,0,1,0,1,0,0,1,0,0,1,1,0,0,1,0,0,1,0,1,1
http://support.braves.cloud,0,0,0,0,0,0,1,0,0,1,0,0,1,0,0,0,0,0,0,0
http://www.kueronakayaeotn.co.jp.kuerocekayaoato.ppjltg.top/ai/?authenticated=true&amp;openid/gp/signin/x&i=a&oauth=m&i?ie=utf8&ref_=rhf_custrec_signind6549a16667b4d8f54f58ce469d61277c83d5263,0,0,0,1,1,1,1,0,0,1,0,0,1,0,0,0,1,0,1,0
https://www.kupat.org.il,0,1,0,1,0,0,1,0,0,1,0,0,1,1,0,1,1,0,1,1
https://www.tuf.co.jp,0,1,0,1,0,0,1,0,0,1,0,0,1,0,0,1,0,0,0,1
https://s3.amazonaws.com/appforest_uf/f1676480249392x577807469148274200/index.html,0,1,0,0,0,0,1,0,1,0,0,0,0,0,0,0,0,0,0,0
https://www.strudelandcream.com,0,1,0,0,0,0,0,0,1,1,0,1,1,0,0,1,1,0,1,1
http://www.bioanalysis.lt,0,0,0,0,0,0,0,0,0,1,0,0,0,0,0,0,0,0,0,0
http://www.jl.chura.pl,0,0,0,1,0,0,1,0,0,0,0,0,0,0,0,0,0,0,0,0
https://sella.hosting.aruba.20-251-56-192.cprapid.com/it/ala/,0,1,0,1,0,0,1,0,1,0,0,0,0,0,0,0,0,0,0,0
https://www.jengrantham.com,0,1,0,0,0,0,0,0,1,1,0,1,1,0,0,1,1,0,1,1
https://www.cell-auto.com,0,1,0,0,0,0,1,0,1,1,0,0,0,1,0,0,0,0,0,1
https://www.fountainhill.org,0,1,0,0,0,0,0,0,0,1,0,1,1,0,0,1,1,1,1,1
https://caseid100345879345734895.firebaseapp.com/,0,1,0,0,0,0,1,0,1,0,0,0,0,0,0,0,0,0,0,0
https://templeaudiotour.cdigproductions.com/wp-admin,0,1,0,0,0,0,1,0,1,1,0,0,0,0,0,0,0,0,0,0
https://www.managerstats.co.uk,0,1,0,1,0,0,1,0,0,1,0,1,1,1,0,0,1,0,1,1
https://www.nwitimes.com,0,1,0,0,0,0,0,0,1,1,0,1,1,1,0,1,1,0,1,1
https://www.thk.org.tr,0,1,0,1,0,0,1,0,0,1,1,0,1,1,0,1,0,0,1,1
http://www.cloudflane.com,0,0,0,0,0,0,0,0,1,0,0,0,0,0,0,0,0,0,0,0
https://www.fortisalberta.com,0,1,0,0,0,0,0,0,1,1,0,0,1,0,0,1,1,0,1,1
https://www.tomkins.org,0,1,0,0,0,0,0,0,0,1,1,1,1,0,0,1,1,1,0,1
http://www.xn--c37-r63b4bxahj2hh9c3cvxr837fu43b.biewy.com,0,0,0,1,0,0,1,0,1,0,0,0,0,0,0,0,0,0,0,0
http://www.ampcourses.com,0,0,0,0,0,0,0,0,1,0,0,0,0,0,0,0,0,0,0,0
http://www.office832459375934985734895.duckdns.org,0,0,0,1,0,0,1,0,0,1,0,0,0,1,0,0,0,0,0,0
https://www.sidingandwindowsatlanta.com,0,1,0,0,0,0,0,0,1,1,1,0,1,1,0,1,1,0,1,1
http://www.spottherare.com/vendor/spotify/dashboard/8826b553793e7f095b54dd6b71ca4577/,0,0,0,0,0,0,1,0,1,1,0,0,0,0,0,0,0,0,0,0
https://aol-mail-102781.weeblysite.com/,0,1,0,0,0,0,1,0,1,1,1,0,1,0,0,0,0,0,0,0
https://aol-mail-102038.weeblysite.com/,0,1,0,0,0,0,1,0,1,1,1,0,1,0,0,0,0,0,0,0
http://www.simp.cannca.shop,0,0,0,1,0,0,1,0,0,1,0,0,0,0,0,0,0,0,0,0
https://www.gleeclub.com,0,1,0,0,0,0,0,0,1,1,1,0,1,1,0,1,0,0,1,1
https://www.arnflo.se,0,1,0,0,0,0,0,0,0,1,0,0,1,1,0,1,0,0,0,1
https://aol-102335.weeblysite.com/,0,1,0,0,0,0,1,0,1,1,1,0,1,0,0,0,0,0,0,0
https://www.treasuresofalchemy.com,0,1,0,0,0,0,0,0,1,1,1,1,1,0,0,1,1,1,1,1
https://www.medel.com,0,1,0,0,0,0,0,0,1,1,1,0,1,1,0,1,0,0,1,1
http://www.sensationalsecrets.com,0,0,0,0,0,0,0,0,1,0,0,0,0,0,0,0,0,0,0,0
http://www.editor.cannca.shop,0,0,0,1,0,0,1,0,0,1,0,0,0,0,0,0,0,0,0,0
http://www.andreagahuvrauvin.com,0,0,0,0,0,0,0,0,1,1,0,0,0,0,0,0,0,0,0,0
https://law-outlook-drive1-share.web.app/,0,1,0,0,0,0,1,0,0,1,0,0,0,0,0,0,0,0,0,0
https://www.pwc.co.uk,0,1,0,1,0,0,1,0,0,1,1,1,1,1,0,1,1,0,1,1
https://syneos.gsgcloud.net/core5/login.aspx?target=default.aspx%3f,0,1,0,0,1,1,1,0,0,1,0,0,0,0,0,0,1,1,0,0
https://www.permafungi.be,0,1,0,0,0,0,0,0,0,1,0,1,1,0,0,1,1,0,1,1
http://www.gxthanhtam.com,0,0,0,0,0,0,0,0,1,1,0,0,0,0,0,0,0,0,0,0
https://www.shopkeepermovie.com,0,1,0,0,0,0,0,0,1,1,1,0,1,0,0,1,1,0,1,1
https://www.montrealjazzfest.com,0,1,0,0,0,0,0,0,1,1,1,0,1,1,0,1,0,0,1,1
https://www.eljc.org,0,1,0,0,0,0,0,0,0,1,0,0,0,1,0,1,0,0,0,1
http://www.eblagh-55.cf,0,0,0,0,0,0,1,0,0,1,0,0,0,0,0,0,0,0,0,0
https://www.louisvillesports.org,0,1,0,0,0,0,0,0,0,1,0,0,1,1,0,1,0,0,0,1
http://www.sevgikresi.net,0,0,0,0,0,0,0,0,0,0,0,0,0,0,0,0,0,0,0,0
https://www.sema.co.at,0,1,0,1,0,0,1,0,0,1,1,1,1,0,0,1,1,0,1,1
https://asgdshsd.virtalc.repl.co,0,1,0,1,0,0,1,0,0,1,0,0,0,0,0,0,0,0,0,0
https://chckmailabig4.web.app/,0,1,0,0,0,0,1,0,0,1,0,0,1,0,0,0,0,0,0,0
https://www.innova.mu,0,1,0,0,0,0,0,0,0,1,1,0,1,0,0,0,1,0,1,1
https://www.saa.co.uk,0,1,0,1,0,0,1,0,0,1,1,0,1,1,0,1,1,0,1,1
https://faithfulpoorlogins.gueva02.repl.co/,0,1,0,1,0,0,1,0,0,1,0,0,0,0,0,0,0,0,0,0
https://maindoordesigns-1317634057.cos.ap-tokyo.myqcloud.com/maindoordesigns.html,0,1,0,1,0,0,1,0,1,0,0,0,0,0,0,0,0,0,0,0
https://www.attemplate.com/gbr/46f6cbc7-c844-4175-90c4-dd0f275853f1/79b6e268-8866-4670-95f1-b76f3e459e73/aade01e9-ec1c-4fbf-bd75-e43ad4384c8a/login?id=vnjtncthqytqy2zubkcyejivsuk3b1drc3k1b3u4bjvqu2r3c1jpcwhjtjhxu3hxeey2qvyzudf5dmk5vjjjmvvoa2f6b0xsvks5zzr2ogpengr2qngrmwe1qlrpqthmrwfksku0wdu2yzzjmgril1vjbtngnugvvwxwwgxhrw5rm0hymujsnglxbeq3nlbovkjoshzpnnldnkj3y29sddduohvydzlbq1oymu0vb0rdtexsujdotwzrcefzogl6mkfonnb1wmd6rfftrhh0ogzedmtzs0lywkyychluz1llytm4uwsrwnjvwgdnvhlqwjaymhznskqwyxrzb0huug5mnfd1v1pfvex1k09ss1izeg1hbudhsujuzjdtvfjvvjrpemjpediwmetku0xucc9pagjivwpcs3qxqs92a0zicewyywromdzjenhzwwhynkphcm90yth5ulhtwthdyjnwwgrxww15wdnmbhgxnulgmgeroc92r205tmwyrmqx,0,1,0,0,1,1,1,0,1,1,1,1,1,0,0,0,1,0,1,0
https://www.kvkjewelrydesign.com,0,1,0,0,0,0,0,0,1,1,1,0,1,1,0,1,1,1,1,1
https://www.yelmonline.com,0,1,0,0,0,0,0,0,1,1,0,0,1,1,0,1,0,0,1,1
https://micro-file-share-folder-view.firebaseapp.com/,0,1,0,0,0,0,1,0,1,1,0,0,0,0,0,0,0,0,0,0
https://www.ctie.monash.edu.au,0,1,0,1,0,0,1,0,0,1,1,0,0,1,0,0,1,0,1,1
https://www.wordsmyth.net,0,1,0,0,0,0,0,0,0,1,0,0,0,1,0,1,1,0,1,1
http://www.underthesunset.cloud,0,0,0,0,0,0,0,0,0,0,0,0,0,0,0,0,0,0,0,0
https://www.bhbikes.com,0,1,0,0,0,0,0,0,1,1,1,1,1,1,0,1,0,0,0,1
https://cloudflare-ipfs.com/ipfs/bafybeifrt2zpyosrpzi5mkb26tnuujn3so4iwrxg5spw2ncytiu6uiiubu,0,1,0,0,0,0,1,0,1,0,0,0,0,0,0,0,0,0,0,0
http://www.loft2126.dedicatedpanel.com,0,0,0,1,0,0,1,0,1,1,0,0,0,0,0,0,0,0,1,0
http://cy40981.tw1.ru/sg/77432f83b00af2b/index.php?lsg,0,0,0,0,0,1,1,0,0,1,0,0,0,0,0,0,0,0,0,0
http://pasvoroud.icu/,0,0,0,0,0,0,0,0,0,1,0,0,1,0,0,0,0,0,0,0
https://ubank-login-review.com,0,1,0,0,0,0,1,0,1,1,0,0,1,0,0,0,1,0,0,0
http://www.manongrover.com,0,0,0,0,0,0,0,0,1,1,0,0,0,0,0,0,0,0,0,0
https://www.annoyingfreakgames.com,0,1,0,0,0,0,0,0,1,1,1,1,1,1,0,1,0,0,1,1
https://www.ekaterinajeans.ru/alegrospolish/1,0,1,0,0,0,0,1,0,0,1,0,1,0,0,0,0,1,0,1,0
http://www.kleenskinstudio.com,0,0,0,0,0,0,0,0,1,1,0,0,0,0,0,0,0,0,1,0
https://www.theicedsugarcookie.com,0,1,0,0,0,0,0,0,1,1,0,0,1,1,0,0,1,1,1,1
https://www.sfccmo.edu,0,1,0,0,0,0,0,0,0,1,0,1,1,1,0,1,1,0,1,1
https://www.revolutionpermanente.fr,0,1,0,0,0,0,0,0,0,1,1,0,1,1,0,1,1,0,1,1
http://attloginpagemailboxatt.square.site/,0,0,0,0,0,0,1,0,0,1,0,0,0,0,0,0,0,0,0,0
https://adoredsolidconversions1.zullimarmudarra.repl.co/,0,1,0,1,0,0,1,0,0,1,0,0,0,0,0,0,0,0,0,0
https://www.marketplacepromos.com,0,1,0,0,0,0,0,0,1,1,1,1,1,1,0,1,1,0,1,1
http://www.ws029-proxy-ajcryptominer.ajplugins.com,0,0,0,1,0,0,1,0,1,0,0,0,0,0,0,0,0,0,0,0
http://www.whynotworkonit.top,0,0,0,0,0,0,0,0,0,1,1,1,1,1,0,0,0,0,0,0
https://www.tomilho-limao.com,0,1,0,0,0,0,1,0,1,1,0,1,1,0,0,1,1,0,1,1
https://www.ncnrm.com,0,1,0,0,0,0,0,0,1,1,0,0,1,1,0,1,0,0,1,1
https://www.afternoonvoice.com,0,1,0,0,0,0,0,0,1,1,1,1,1,1,0,1,1,0,1,1
https://www.ieft.net,0,1,0,0,0,0,0,0,0,1,0,0,1,1,0,1,0,0,1,1
https://www.coldlaserpainrelief.com,0,1,0,0,0,0,0,0,1,1,0,1,1,1,1,1,1,1,1,1
https://www.inlinehokej.cz,0,1,0,0,0,0,0,0,0,1,1,1,1,1,0,1,1,0,1,1
http://www.dnhji.bnmvg.cf,0,0,0,1,0,0,1,0,0,1,0,0,0,0,0,0,0,0,0,0
https://www.oxnotes.com,0,1,0,0,0,0,0,0,1,1,1,0,1,1,0,0,0,1,1,1
https://www.rebeltwins.com,0,1,0,0,0,0,0,0,1,1,1,0,1,0,0,1,0,0,1,1
https://www.girton.cam.ac.uk,0,1,0,1,0,0,1,0,0,1,1,0,1,0,0,1,0,0,1,1
https://att-107357.weeblysite.com/,0,1,0,0,0,0,1,0,1,1,0,0,0,0,0,0,0,0,0,0
https://maildinshaakckjnw342.firebaseapp.com/,0,1,0,0,0,0,1,0,1,1,0,0,1,0,0,0,0,0,0,0
http://www.toubao.pplink.club,0,0,0,1,0,0,1,0,0,1,0,0,0,0,0,0,0,0,0,0
https://www.portrait-star.fr,0,1,0,0,0,0,1,0,0,1,1,1,1,1,1,0,1,0,1,1
https://www.findspark.com,0,1,0,0,0,0,0,0,1,1,1,1,1,0,0,1,1,1,1,1
https://www.jiocloud.com,0,1,0,0,0,0,0,0,1,1,1,0,1,1,0,0,0,0,0,1
https://www.secure01ae.bill-payments-update.comcast-xfinity.mallboxz.club/,0,1,0,1,0,0,1,0,0,1,0,0,1,0,0,0,0,0,0,0
https://www.htchurch.uk,0,1,0,0,0,0,0,0,0,1,0,1,1,0,0,1,1,0,1,1
https://super-butterfly-9615.xj23b7nf.workers.dev/,0,1,0,1,0,0,1,0,0,0,0,0,0,0,0,0,0,0,0,0
https://www.vectorunit.com,0,1,0,0,0,0,0,0,1,1,1,0,1,1,0,1,1,0,1,1
https://www.bnc.ca,0,1,0,0,0,0,0,0,0,1,1,0,1,1,0,1,0,0,1,1
http://www.pasionportufuturo.pe,0,0,0,0,0,0,0,0,0,1,0,0,0,0,0,0,0,0,0,0
https://in.mt/subper,0,1,0,0,0,0,1,0,0,0,0,0,0,0,0,0,0,0,0,0
https://business-page-violation-case33.firebaseapp.com/,0,1,0,0,0,0,1,0,1,1,0,0,1,0,0,0,0,0,0,0
https://www.hightecheurope.eu,0,1,0,0,0,0,0,0,0,1,0,0,1,0,0,1,1,0,1,1
https://www.plantgoodseed.com,0,1,0,0,0,0,0,0,1,1,0,1,0,1,0,0,1,1,1,1
https://www.meppublishers.com,0,1,0,0,0,0,0,0,1,1,0,1,1,1,0,1,1,0,1,1
https://www.thisisecocide.com,0,1,0,0,0,0,0,0,1,1,0,0,1,1,0,0,1,0,0,1
https://www.ripopmusic.org,0,1,0,0,0,0,0,0,0,1,0,0,0,0,0,0,1,0,1,1
https://www.bls.gov,0,1,0,0,0,0,0,0,0,1,1,0,1,1,0,1,1,0,1,1
https://www.dienchan.org,0,1,0,0,0,0,0,0,0,1,1,1,1,1,0,1,0,0,1,1
http://www.techotechsolution.com,0,0,0,0,0,0,0,0,1,0,0,0,0,0,0,0,0,0,0,0
https://www.yourdesignerdogblog.com,0,1,0,0,0,0,0,0,1,1,0,1,1,0,0,0,1,0,0,1
https://www.columbuszoo.org,0,1,0,0,0,0,0,0,0,1,1,0,1,0,0,1,1,0,1,1
https://www.jcb.dotcombinations.com/,0,1,0,1,0,0,1,0,1,1,0,0,0,0,0,0,0,0,0,0
http://www.barotechf.ga,0,0,0,0,0,0,0,0,0,1,0,0,0,0,0,0,0,0,0,0
http://www.blog.eduelects.com,0,0,0,1,0,0,1,0,1,0,0,0,0,0,0,0,0,0,0,0
https://itaupontoscard114.z5.web.core.windows.net/,0,1,0,1,0,0,1,0,0,1,0,0,0,0,0,0,0,0,0,0
https://www.xrefer.com,0,1,0,0,0,0,0,0,1,1,1,0,1,1,0,0,1,0,1,1
https://www.hamiltonproject.org,0,1,0,0,0,0,0,0,0,1,1,0,1,1,0,1,1,0,1,1
https://ipfs.eth.aragon.network/ipfs/bafybeidvnscpg4et53tdvs4iel5cxua2j4ffcjoyupkyymkgjl2rpywxq4,0,1,0,1,0,0,1,0,0,0,0,0,0,0,0,0,0,0,0,0
https://sif-5ba.firebaseapp.com/,0,1,0,0,0,0,1,0,1,1,0,0,1,0,0,0,0,0,0,0
http://www.venteypunto.com,0,0,0,0,0,0,0,0,1,0,0,0,0,0,0,0,0,0,0,0
https://www.bookaflower.com,0,1,0,0,0,0,0,0,1,1,1,1,1,1,0,1,1,0,1,1
https://www.webcare4all.nl,0,1,0,0,0,0,0,0,0,1,0,1,1,1,0,1,1,0,1,1
https://bafybeicnxdyhpyg7iovsexql4mywarhxqv4pyy45qvwpkypetr3q2sqrmm.ipfs.dweb.link/jhfdfghjk.html,0,1,0,1,0,0,1,0,0,1,0,0,1,0,0,0,1,1,0,0
https://energeticunimportantcareware--galinet.repl.co/,0,1,0,0,0,0,1,0,0,1,0,0,0,0,0,0,0,0,0,0
http://www.wendyc.cf,0,0,0,0,0,0,0,0,0,1,0,0,0,0,0,0,0,0,0,0
https://www.avaresearch.com,0,1,0,0,0,0,0,0,1,1,1,0,1,0,0,0,1,1,1,1
https://www.eevblog.com,0,1,0,0,0,0,0,0,1,1,1,0,1,0,0,1,1,0,1,1
http://www.dp-womenbasket.com,0,0,0,0,0,0,1,0,1,0,0,0,0,0,0,0,0,0,0,0
https://fleek.ipfs.io/ipfs/bafybeiaiaug3pws4p5ebajirmjvxx2zydcy2gf5myr3kpeluq6r3rkp64a,0,1,0,0,0,0,1,0,0,1,0,1,0,0,0,0,0,1,0,0
https://qpyv5v.webwave.dev/,0,1,0,0,0,0,1,0,0,1,0,0,0,1,0,0,0,0,0,0
https://www.haring.com,0,1,0,0,0,0,0,0,1,1,0,0,1,0,0,1,0,0,1,1
https://www.portevergladeswebcam.com,0,1,0,0,0,0,0,0,1,1,1,0,1,1,0,1,0,0,1,1
https://banres-com-do.jimdosite.com/,0,1,0,0,0,0,1,0,1,1,0,1,1,0,0,0,0,0,0,0
https://www.ncl.ucar.edu,0,1,0,1,0,0,1,0,0,1,0,0,0,0,0,0,0,0,0,1
https://www.instituteofcaninebiology.org,0,1,0,0,0,0,0,0,0,1,0,0,1,1,0,1,1,1,1,1
https://amzpmn.com/,0,1,0,0,0,0,1,0,1,1,0,1,1,0,0,0,0,0,0,0
https://www.stocker.jp,0,1,0,0,0,0,0,0,0,1,1,0,0,1,0,1,1,0,1,1
https://www.indiepoprock.fr,0,1,0,0,0,0,0,0,0,1,1,0,1,1,0,1,0,1,1,1
http://www.sss.fbcode.co,0,0,0,1,0,0,1,0,0,1,0,0,0,0,0,0,0,0,0,0
https://www.bee-hexagon.net,0,1,0,0,0,0,1,0,0,1,0,1,1,1,0,0,1,0,0,1
https://qrco.de/bdslme?trackid=q9hl5nt8ye40ikcjq4ecj3pdcunrci0s1erfj85izp0,0,1,0,0,1,1,1,0,0,0,0,0,0,0,0,0,0,0,0,0
https://www.yourhrworld.com,0,1,0,0,0,0,0,0,1,1,0,0,0,1,0,1,0,0,1,1
https://sp21962.sitebeat.crazydomains.com/,0,1,0,1,0,0,1,0,1,0,0,0,1,0,0,0,1,0,0,0
https://docs.google.com/presentation/d/e/2pacx-1vtglqw0usctluhjmqtx0_n7o7dqzfrqfe0xemhzissdefj-j1azhigcfj-saxczz61noeiqcmdfjwbn/pub?start=false&loop=false&delayms=3000,0,1,0,0,1,1,1,0,1,1,1,0,1,0,0,0,0,0,1,0
https://load-delay-wait.web.app/,0,1,0,0,0,0,1,0,0,0,0,0,0,0,0,0,0,0,0,0
https://244.33.109.208.host.secureserver.net/bill-swisscomz/bluewinspz/fcfb959f71ad3bd3dd22a823daee4bef/smserror.php,1,1,0,1,0,0,1,0,0,1,1,0,1,0,0,0,1,0,0,0
https://tribelio.page/apremconfirmation?report,0,1,0,0,0,1,1,0,0,1,1,0,1,1,0,0,0,0,0,0
https://www.hopskipdrive.com,0,1,0,0,0,0,0,0,1,1,1,0,1,1,0,1,0,0,1,1
https://www.milehichurch.org,0,1,0,0,0,0,0,0,0,1,1,1,1,0,1,1,0,0,1,1
http://www.gmxio-org.com/,0,0,0,0,0,0,1,0,1,0,0,0,0,0,0,0,0,0,0,0
http://pancakeswapv3.finance,0,0,0,0,0,0,0,0,0,0,0,0,0,0,0,0,0,0,0,0
https://alldomainupdates00880.firebaseapp.com/,0,1,0,0,0,0,1,0,1,1,0,0,1,0,0,0,0,0,0,0
https://www.malakye.com,0,1,0,0,0,0,0,0,1,1,1,1,1,1,0,1,0,0,1,1
https://www.calorgas.ie,0,1,0,0,0,0,0,0,0,1,1,1,1,1,0,1,0,0,1,1
https://www.thelondoncorsetcompany.co.uk,0,1,0,1,0,0,1,0,0,1,1,0,1,1,0,1,1,0,1,1
http://www.micahlinacero.com,0,0,0,0,0,0,0,0,1,1,0,0,0,0,0,0,0,0,0,0
https://www.rogueguitarshop.com,0,1,0,0,0,0,0,0,1,1,1,0,1,1,0,1,1,1,1,1
http://www.opdn.cannca.shop,0,0,0,1,0,0,1,0,0,1,0,0,0,0,0,0,0,0,0,0
https://www.robeks.com,0,1,0,0,0,0,0,0,1,1,0,0,1,0,0,1,0,0,1,1
https://www.nanog.org,0,1,0,0,0,0,0,0,0,1,1,0,1,1,0,1,1,0,1,1
https://www.quebecgetaways.com,0,1,0,0,0,0,0,0,1,1,1,1,0,1,0,1,1,0,1,1
https://file-share-from-christopher-open-view.web.app/,0,1,0,0,0,0,1,0,0,1,0,0,0,0,0,0,0,0,0,0
http://www.zayc.club,0,0,0,0,0,0,0,0,0,0,0,0,0,0,0,0,0,0,0,0
http://u1995202.cp.regruhosting.ru/,0,0,0,1,0,0,1,0,0,1,0,0,0,0,0,0,0,0,0,0
https://www.preliber.com,0,1,0,0,0,0,0,0,1,1,1,1,1,1,0,1,1,0,1,1
https://www.civil.org.mk,0,1,0,1,0,0,1,0,0,1,0,1,1,0,1,1,1,0,1,1
https://www.findurings.com,0,1,0,0,0,0,0,0,1,1,1,1,1,1,0,1,1,0,1,1
https://www.rapmusicguide.com,0,1,0,0,0,0,0,0,1,1,1,0,0,1,0,1,1,0,1,1
https://www.bakewithstork.com,0,1,0,0,0,0,0,0,1,1,0,0,1,1,0,1,1,0,1,1
https://www.foodrockett.com,0,1,0,0,0,0,0,0,1,1,0,1,1,1,0,1,0,0,1,1
https://verify-trustwallet.iclm-int.org/,0,1,0,0,0,0,1,0,0,1,0,0,1,0,0,0,0,0,0,0
https://www.popdoggie.com,0,1,0,0,0,0,0,0,1,1,1,1,1,1,0,0,1,1,1,1
https://www.newkaliningrad.ru,0,1,0,0,0,0,0,0,0,1,1,1,1,1,0,1,1,0,1,1
https://helpcenter391647094929733.web.app/,0,1,0,0,0,0,1,0,0,1,0,0,1,0,0,0,0,0,0,0
http://www.zhulianwl.com,0,0,0,0,0,0,0,0,1,1,0,0,0,1,0,0,0,0,0,0
https://dabakoig.firebaseapp.com/,0,1,0,0,0,0,1,0,1,1,0,0,1,0,0,0,0,0,0,0
https://www.chefsemporium.net,0,1,0,0,0,0,0,0,0,1,0,0,1,1,0,1,1,1,1,1
http://www.crackling123.appspot.com,0,0,0,1,0,0,1,0,1,1,0,0,0,0,0,0,0,0,0,0
https://www.sk-gaming.com,0,1,0,0,0,0,1,0,1,1,0,0,1,1,0,1,0,0,1,1
https://www.sotapolku.fi,0,1,0,0,0,0,0,0,0,1,1,0,1,0,1,0,1,0,0,1
https://www.abvp.org,0,1,0,0,0,0,0,0,0,1,1,0,1,0,0,1,1,0,1,1
https://jposdiu.com/,0,1,0,0,0,0,1,0,1,1,0,1,1,0,0,0,0,0,0,0
https://www.caab.co.bw,0,1,0,1,0,0,1,0,0,1,1,0,1,0,0,1,1,0,1,1
https://ebanking-ch3-ubs-a3ab0.web.app/login.html?session=4whnd21atruhfi6g8oprsejszy6inglarwnptvtlralldtt0qdqelqmlo0492q2jjth7qvkow62wxpt4611tkg0o6apnv5lml1%5cu0026amp;auth=c7df4609-7819-4ab6-b43a-409f4f077478,0,1,0,0,1,1,1,0,0,1,1,0,1,0,0,0,1,0,1,0
https://helpme120312421312412.web.app/,0,1,0,0,0,0,1,0,0,0,0,0,0,0,0,0,0,0,0,0
http://www.nca-usa.com,0,0,0,0,0,0,1,0,1,0,0,0,0,0,0,0,0,0,0,0
https://rackspcemondy004.firebaseapp.com/,0,1,0,0,0,0,1,0,1,1,0,1,0,0,0,0,1,1,0,0
https://helpdesksupport3838.web.app/,0,1,0,0,0,0,1,0,0,1,0,0,1,0,0,0,0,0,0,0
https://www.dlrect-smtb.jp.ap1.ib.polaroidtablet.com/,0,1,0,1,0,0,1,0,1,0,0,0,0,0,0,0,0,0,0,0
https://www.mifiestadepapel.com,0,1,0,0,0,0,0,0,1,1,1,1,1,1,0,1,1,1,1,1
https://www.worldlearning.org,0,1,0,0,0,0,0,0,0,1,1,1,1,0,0,1,1,0,1,1
https://ipfs.io/ipfs/qmqgujctpaowwuexeb7rbegmk7xexetuvwjh3drycpsdpv?filename=root.html,0,1,0,0,1,1,1,0,0,1,0,0,0,0,0,0,0,0,0,0
https://s.amazenru-jp.com/,0,1,0,0,0,0,1,0,1,1,0,0,0,0,0,0,0,0,0,0
https://www.deluci.be,0,1,0,0,0,0,0,0,0,1,0,0,1,0,0,1,1,0,1,1
http://uph0ldlgin.mystrikingly.com/,0,0,0,0,0,0,1,0,1,1,0,0,0,0,0,0,0,0,0,0
https://www.visitrhodeisland.com,0,1,0,0,0,0,0,0,1,1,0,0,1,1,0,1,0,0,1,1
http://www.cortanazone.com,0,0,0,0,0,0,0,0,1,1,0,0,0,0,0,0,0,0,0,0
http://www.vip3659a.com,0,0,0,0,0,0,0,0,1,0,0,0,0,0,0,0,0,0,0,0
https://www.sclhealth.org,0,1,0,0,0,0,0,0,0,1,1,0,1,1,0,1,1,0,1,1
https://aol-102365.weeblysite.com/,0,1,0,0,0,0,1,0,1,1,1,0,1,0,0,0,0,0,0,0
http://www.ubuixsiox.ga,0,0,0,0,0,0,0,0,0,1,0,0,0,0,0,0,0,0,0,0
https://www.fortunebusinessinsights.com,0,1,0,0,0,0,0,0,1,1,1,0,1,1,0,1,1,0,1,1
https://www.vixra.org,0,1,0,0,0,0,0,0,0,1,0,0,0,0,0,1,1,0,0,1
https://www.prosci-inc.com,0,1,0,0,0,0,1,0,1,1,1,1,1,1,1,1,1,0,1,1
https://ipfs.io/ipfs/bafybeib5jvxytzbcnp7cw4u7zysib2l7ad7qbc2cdqipcm7gpjssfhka54/index.html,0,1,0,0,0,0,1,0,0,1,0,0,0,0,0,0,0,0,0,0
https://www.skippress.com,0,1,0,0,0,0,0,0,1,1,0,0,0,0,0,0,0,0,1,1
https://www.museudocafe.org.br,0,1,0,1,0,0,1,0,0,1,1,1,0,1,0,1,1,0,1,1
https://www.globalfundforwomen.org,0,1,0,0,0,0,0,0,0,1,1,1,1,1,0,1,1,0,1,1
https://www.nab.com.au,0,1,0,1,0,0,1,0,0,1,1,1,1,1,0,1,0,0,1,1
https://www.radiomaria.ph,0,1,0,0,0,0,0,0,0,1,1,1,1,0,0,1,1,1,1,1
http://www.feiyang163.com,0,0,0,0,0,0,0,0,1,1,0,0,1,0,0,0,0,0,1,0
https://www.vizcayaswimwear.com,0,1,0,0,0,0,0,0,1,1,1,0,1,1,0,1,1,1,0,1
https://www.hellohomeroom.com,0,1,0,0,0,0,0,0,1,1,1,0,0,0,0,0,1,0,0,1
https://www.youcanplayproject.org,0,1,0,0,0,0,0,0,0,1,0,1,0,0,1,1,1,1,1,1
http://www.intesa.santereva.com,0,0,0,1,0,0,1,0,1,1,0,0,0,0,0,0,0,0,0,0
http://tinyurl.com/bper-blocca-pagamento,0,0,0,0,0,0,1,0,1,1,0,0,0,0,0,0,0,0,0,0
http://www.jiemao.welco.live,0,0,0,1,0,0,1,0,0,1,0,0,0,0,0,0,0,0,0,0
https://ressource-connexion.firebaseapp.com/,0,1,0,0,0,0,1,0,1,1,0,0,0,0,0,0,0,0,0,0
http://vpn287980672.softether.net/~pc119/anz/securityquestions.html,0,0,0,0,0,0,1,0,0,1,0,0,0,0,0,0,0,0,0,0
https://maildinshaakckjnw218.firebaseapp.com/,0,1,0,0,0,0,1,0,1,1,0,0,1,0,0,0,0,0,0,0
https://www.amazing-holland.nl,0,1,0,0,0,0,1,0,0,1,1,0,0,0,0,1,0,0,1,1
http://www.garstel.github.io,0,0,0,1,0,0,1,0,0,1,0,0,0,0,0,0,0,0,0,0
https://www.papelesvip.com,0,1,0,0,0,0,0,0,1,1,0,1,1,1,0,1,1,0,0,1
https://www.catbreedslist.com,0,1,0,0,0,0,0,0,1,1,1,0,1,1,0,0,0,0,1,1
https://beuah--erickcalderon3.repl.co/,0,1,0,0,0,0,1,0,0,1,0,0,0,0,0,0,0,0,0,0
https://www.mofald.gov.np,0,1,0,1,0,0,1,0,0,1,0,0,1,0,0,1,1,0,1,1
https://www.henandstagsligo.ie,0,1,0,0,0,0,0,0,0,1,1,1,1,1,0,1,0,0,1,1
https://ipfs.io/ipfs/bafybeicutxzvtvif5o2g4qlckdsn2i42sjylqwqbndcoafq7z5dpbfqbqy/fitchreginal_owa40nu.html#abcdef@outlook.com,0,1,0,0,0,0,1,0,0,1,0,0,0,0,0,0,0,0,0,0
https://www.via.dk,0,1,0,0,0,0,0,0,0,1,1,1,1,1,0,1,0,0,0,1
http://www.name.vg,0,0,0,0,0,0,0,0,0,1,0,0,0,0,0,0,0,0,0,0
https://www.tillyandthebuttons.com,0,1,0,0,0,0,0,0,1,1,1,0,0,0,0,1,1,0,0,1
http://www.beautifulrus.com,0,0,0,0,0,0,0,0,1,1,0,0,0,0,0,0,0,0,0,0
https://www.ibdmdb.org,0,1,0,0,0,0,0,0,0,1,1,0,1,1,0,0,1,0,0,1
https://www.bridal-garden.com,0,1,0,0,0,0,1,0,1,1,1,0,1,1,0,1,1,0,0,1
https://accreviewid10029385971.firebaseapp.com/,0,1,0,0,0,0,1,0,1,1,0,0,1,0,0,0,0,0,0,0
https://wispy-poetry-2d2b.kpedhgrt.workers.dev/,0,1,0,1,0,0,1,0,0,0,0,0,0,0,0,0,0,0,0,0
https://www.unicomstarker.com,0,1,0,0,0,0,0,0,1,1,0,0,0,0,0,1,0,0,1,1
https://www.5miles.com,0,1,0,0,0,0,0,0,1,1,0,0,1,1,0,0,0,1,0,1
https://ariasina.com/region/caisse-ca.html,0,1,0,0,0,0,1,0,1,0,0,0,0,0,0,0,0,0,0,0
https://www.bracke.se,0,1,0,0,0,0,0,0,0,1,0,0,1,1,0,1,0,0,0,1
https://www.aquahabitat.com,0,1,0,0,0,0,0,0,1,1,0,0,1,1,0,1,0,0,0,1
https://www.destimap.com,0,1,0,0,0,0,0,0,1,1,0,0,1,1,0,1,0,0,1,1
https://www.comune.arenzano.ge.it,0,1,0,1,0,0,1,0,0,1,1,1,1,1,0,0,1,0,0,1
https://www.sdelaysam-svoimirukami.ru,0,1,0,0,0,0,1,0,0,1,1,0,1,1,0,1,1,1,1,1
https://www.whitemountainart.com,0,1,0,0,0,0,0,0,1,1,0,0,1,0,0,0,1,0,1,1
https://www.ekni-nct.ekint.qprttq.top,0,1,0,1,0,0,1,0,0,1,0,0,0,0,0,0,0,0,0,0
https://www.biwahaku.jp,0,1,0,0,0,0,0,0,0,1,1,1,1,1,0,1,0,0,1,1
https://gospolum.firebaseapp.com/,0,1,0,0,0,0,1,0,1,1,0,0,0,0,0,0,0,0,0,0
http://www.dst.1dumb.com,0,0,0,1,0,0,1,0,1,1,0,0,0,0,0,0,0,0,0,0
http://www.connetedtheworld.cloud,0,0,0,0,0,0,0,0,0,0,0,0,0,0,0,0,0,0,0,0
https://frbarmenorlding.firebaseapp.com/,0,1,0,0,0,0,1,0,1,1,0,0,0,0,0,0,0,0,0,0
http://www.selfiee.cannca.shop,0,0,0,1,0,0,1,0,0,1,0,0,0,0,0,0,0,0,0,0
https://www.amnestyshop.org.uk,0,1,0,1,0,0,1,0,0,1,1,1,1,1,0,1,1,0,1,1
https://www.yuyushiki.net,0,1,0,0,0,0,0,0,0,1,0,1,0,1,0,0,0,0,1,1
https://www.inposdom.gob.do,0,1,0,1,0,0,1,0,0,1,1,0,0,0,0,0,0,0,0,1
https://www.themoonexports.com,0,1,0,0,0,0,0,0,1,1,1,0,1,1,0,1,1,0,1,1
https://beho.it/xgxltuy,0,1,0,0,0,0,1,0,0,0,0,0,0,0,0,0,0,0,0,0
https://www.tissotwatches.com,0,1,0,0,0,0,0,0,1,1,1,1,1,1,0,1,1,0,1,1
https://www.icit-digital.org,0,1,0,0,0,0,1,0,0,1,1,0,1,0,0,1,1,1,1,1
https://www.burgenland.info,0,1,0,0,0,0,0,0,0,1,1,0,1,1,0,1,1,0,1,1
https://www.doublemoss.com,0,1,0,0,0,0,0,0,1,1,1,0,1,1,0,1,1,1,1,1
https://www.harpercollinschristian.com,0,1,0,0,0,0,0,0,1,1,0,1,1,0,0,1,1,0,1,1
https://www.visitluzernecounty.com,0,1,0,0,0,0,0,0,1,1,1,0,1,1,0,1,0,0,1,1
http://www.angleegg.ddns.us,0,0,0,1,0,0,1,0,0,1,0,0,0,0,0,0,0,0,0,0
http://www.otyfuwyz.ml,0,0,0,0,0,0,0,0,0,1,0,0,0,0,0,0,0,0,0,0
https://up2sites.firebaseapp.com/,0,1,0,0,0,0,1,0,1,1,0,0,1,0,0,0,0,0,0,0
https://sprintcourierltd.com//wb-admin/#redacted@abuse.ionos.com,0,1,0,0,0,0,1,0,1,0,0,0,0,0,0,0,0,0,0,0
https://aol-mail-103103.weeblysite.com/,0,1,0,0,0,0,1,0,1,1,1,0,1,0,0,0,0,0,0,0
http://www.hacks.2download.eu,0,0,0,1,0,0,1,0,0,0,0,0,0,0,0,0,0,0,0,0
https://blt-kub.blogspot.com/,0,1,0,0,0,0,1,0,1,1,0,0,0,0,0,0,0,0,0,0
https://www.civiceducationproject.org,0,1,0,0,0,0,0,0,0,1,1,1,1,0,0,0,1,0,0,1
http://www.thecropok.com,0,0,0,0,0,0,0,0,1,1,0,0,0,0,0,0,0,0,0,0
http://1636365.com/assets/40popperjs.36402333.js/assets/40element-plus.48bbde93.js/assets/assets/@element-plus.48bbde93.js/assets/,0,0,0,0,0,0,1,0,1,1,1,0,1,0,0,0,0,0,0,0
https://www.meophams.co.uk,0,1,0,1,0,0,1,0,0,1,1,1,1,1,0,1,1,0,1,1
https://www.truwhip.com,0,1,0,0,0,0,0,0,1,1,0,1,1,1,1,1,1,1,1,1
https://www.habitsv2.com,0,1,0,0,0,0,0,0,1,1,0,0,1,0,0,1,0,0,1,1
https://www.kreatywna.pl,0,1,0,0,0,0,0,0,0,1,1,1,1,0,0,1,1,0,1,1
https://www.bjpeters.com,0,1,0,0,0,0,0,0,1,1,1,1,0,1,0,0,1,0,0,1
https://www.ubm.org.uk,0,1,0,1,0,0,1,0,0,1,1,0,1,1,0,1,1,0,0,1
https://www.antipode-sales.biz,0,1,0,0,0,0,1,0,0,1,1,0,1,0,0,1,0,0,1,1
https://www.flag.de,0,1,0,0,0,0,0,0,0,1,0,1,1,1,0,1,1,0,1,1
https://www.otteng.com,0,1,0,0,0,0,0,0,1,1,1,1,1,1,0,1,1,0,1,1
https://www.greencleandesigns.com,0,1,0,0,0,0,0,0,1,1,0,1,1,1,0,1,1,0,1,1
http://www.ferreteriassolano.com,0,0,0,0,0,0,0,0,1,0,0,0,0,0,0,0,0,0,0,0
http://www.webchain.beeppool.org,0,0,0,1,0,0,1,0,0,0,0,0,0,0,0,0,0,0,0,0
https://www.dlrect-smtb.jp.ap1.ib.tbtmskr.com/ibg/client/index_pc.php,0,1,0,1,0,0,1,0,1,0,0,0,0,0,0,0,0,0,0,0
https://bafkreieh5nz7ltylylek5ifkxjcvrwisxk3odv3u2ypi2febtapexkuef4.ipfs.infura-ipfs.io/,0,1,0,1,0,0,1,0,0,0,0,0,0,0,0,0,0,0,0,0
https://dkbtan.com/de_de/banking,0,1,0,0,0,0,1,0,1,1,0,0,0,0,0,0,0,0,0,0
https://www.pariopportunita.gov.it,0,1,0,1,0,0,1,0,0,1,1,1,1,0,0,1,1,0,0,1
https://www.endehors.org,0,1,0,0,0,0,0,0,0,1,0,1,1,0,0,0,1,0,1,1
https://www.nutboltgames.com,0,1,0,0,0,0,0,0,1,1,0,0,1,1,0,0,1,0,1,1
https://www.truhealthusa.com,0,1,0,0,0,0,0,0,1,1,0,0,1,1,0,0,1,1,1,1
https://baidireectoactualiza.wixsite.com/my-site,0,1,0,0,0,0,1,0,1,1,0,1,1,1,0,0,0,0,0,0
https://www.hakes.com,0,1,0,0,0,0,0,0,1,1,0,0,1,1,0,1,1,0,1,1
http://cc50934.tw1.ru/login/ologin.php,0,0,0,0,0,0,1,0,0,1,0,0,0,0,0,0,0,0,0,0
https://www.awb.com.au,0,1,0,1,0,0,1,0,0,1,1,0,1,1,0,1,0,0,1,1
https://www.hotel-edelweiss.com,0,1,0,0,0,0,1,0,1,1,1,0,1,0,0,1,0,0,1,1
https://urlzs.com/iaiyl,0,1,0,0,0,0,1,0,1,0,0,0,0,0,0,0,0,0,0,0
http://www.a0461492.xsph.ru,0,0,0,1,0,0,1,0,0,1,0,0,0,0,0,0,0,0,0,0
http://www.naver4.info,0,0,0,0,0,0,0,0,0,0,0,0,0,0,0,0,0,0,0,0
https://citizens1service.web.app/,0,1,0,0,0,0,1,0,0,0,0,0,0,0,0,0,0,0,0,0
http://www.pencakefistaking.com/,0,0,0,0,0,0,0,0,1,0,0,0,0,0,0,0,0,0,0,0
http://www.wd.blocktrail.com,0,0,0,1,0,0,1,0,1,1,0,0,0,0,0,0,0,0,0,0
https://www.badabits.com,0,1,0,0,0,0,0,0,1,1,1,0,1,1,0,1,0,0,1,1
https://sncm.i0821.cn/,0,1,0,0,0,0,1,0,0,1,1,0,1,0,0,0,0,0,0,0
https://www.le-pays.fr,0,1,0,0,0,0,1,0,0,1,1,1,1,1,0,1,0,0,1,1
https://www.gambolthemes.net/wp-admin/mi/,0,1,0,0,0,0,1,0,0,1,0,0,1,0,0,0,0,0,0,0
https://www.theberryteashop.com.au,0,1,0,1,0,0,1,0,0,1,0,0,1,1,0,0,1,1,1,1
https://69d63a20-16b8-414a-a02e-f650f409515d.id.repl.co,0,1,0,1,0,0,1,0,0,1,0,0,0,0,0,0,0,0,0,0
https://www.thepensionsregulator.gov.uk,0,1,0,1,0,0,1,0,0,1,0,1,1,1,0,1,1,0,1,1
http://www.bafybeidfzvsso63ckgxeyfag5fay4yz7mdepkr5nhrkv7ga4hes5nepwnq.ipfs.w3s.link,0,0,0,1,0,0,1,0,0,0,0,0,0,0,0,0,0,0,0,0
https://www.checkonsite.com,0,1,0,0,0,0,0,0,1,1,1,0,0,0,0,1,1,0,1,1
https://www.tiska.com,0,1,0,0,0,0,0,0,1,1,1,0,1,0,0,0,0,0,0,1
https://www.pencomputing.com,0,1,0,0,0,0,0,0,1,1,0,0,0,1,0,1,1,0,0,1
https://aol-107171.weeblysite.com/,0,1,0,0,0,0,1,0,1,1,1,0,1,0,0,0,0,0,0,0
https://www.programia.cz,0,1,0,0,0,0,0,0,0,1,1,1,1,1,0,1,0,0,0,1
https://www.ryanishungry.com,0,1,0,0,0,0,0,0,1,1,0,0,1,0,0,1,1,0,1,1
https://www.federalwaymirror.com,0,1,0,0,0,0,0,0,1,1,1,1,1,1,0,1,1,0,1,1
http://www.interacti3ve.xyz,0,0,0,0,0,0,0,0,0,0,0,0,0,0,0,0,0,0,0,0
https://www.n-tv.de,0,1,0,0,0,0,1,0,0,1,1,1,1,1,0,1,1,0,1,1
https://securerc.ink/mail02.orange.fr/index.php,0,1,0,0,0,0,1,0,0,0,0,1,1,0,0,0,0,0,0,0
https://www.seasidemulch.com,0,1,0,0,0,0,0,0,1,1,1,1,0,1,0,1,0,0,1,1
http://www.shafarack.ga,0,0,0,0,0,0,0,0,0,1,0,0,0,0,0,0,0,0,0,0
https://www.somerset.gov.uk,0,1,0,1,0,0,1,0,0,1,0,1,1,1,0,1,1,0,0,1
http://lonestarinterior.com/,0,0,0,0,0,0,0,0,1,0,0,0,0,0,0,0,0,0,0,0
https://www.saraniemietz.com,0,1,0,0,0,0,0,0,1,1,1,1,1,1,0,1,0,0,1,1
http://www.1asphost.com,0,0,0,0,0,0,0,0,1,1,0,0,0,0,0,0,0,0,0,0
https://www.mechini.com,0,1,0,0,0,0,0,0,1,1,0,1,1,1,1,1,0,0,1,1
https://energeticunimportantcareware.galinet.repl.co/,0,1,0,1,0,0,1,0,0,1,0,0,0,0,0,0,0,0,0,0
https://eilop-vuines.firebaseapp.com/,0,1,0,0,0,0,1,0,1,1,0,0,1,0,0,0,0,0,0,0
https://www.spa-francorchamps.be,0,1,0,0,0,0,1,0,0,1,1,0,1,1,0,1,1,0,1,1
https://www.evangelicalfellowship.ca,0,1,0,0,0,0,0,0,0,1,0,1,1,0,0,1,1,0,1,1
http://us-robinhaodlog.gitbook.io/,0,0,0,0,0,0,1,0,0,0,0,0,0,0,0,0,0,0,0,0
https://www.productfrom.com,0,1,0,0,0,0,0,0,1,1,1,0,1,1,0,0,0,0,1,1
https://www.sei-ind.com,0,1,0,0,0,0,1,0,1,1,0,1,1,1,0,1,1,0,1,1
https://www.garethdavidstudio.com,0,1,0,0,0,0,0,0,1,1,0,0,0,0,0,1,0,0,1,1
http://www.m7.qxywa.com,0,0,0,1,0,0,1,0,1,0,0,0,0,0,0,0,0,0,0,0
"https://tvasiatelugu.com/amazon.co.jp/user_verification/jp/?cmd=_identifier_demarrer_id=8103239398986+_time:tue,mar,28,2023-1:58pm",0,1,0,0,1,1,1,0,1,1,0,0,0,0,0,0,1,1,1,0
https://sbx1-a8.web.app/,0,1,0,0,0,0,1,0,0,1,0,0,1,0,0,0,0,0,0,0
https://www.rapidcitydiocese.org,0,1,0,0,0,0,0,0,0,1,0,1,1,1,0,1,1,0,1,1
https://www.falmouthvet.com,0,1,0,0,0,0,0,0,1,1,1,0,1,1,0,1,0,0,1,1
http://www.bendigo-verification.com,0,0,0,0,0,0,1,0,1,0,0,0,0,0,0,0,0,0,0,0
https://accounts-centre-656421.firebaseapp.com/,0,1,0,0,0,0,1,0,1,0,0,0,0,0,0,0,0,0,0,0
http://www.ery.eiwagggg.com,0,0,0,1,0,0,1,0,1,1,0,0,0,0,0,0,0,0,0,0
https://www.binaryoptionsarmy.com,0,1,0,0,0,0,0,0,1,1,0,1,1,1,1,1,1,0,1,1
https://www.batfa.com,0,1,0,0,0,0,0,0,1,1,0,1,0,1,0,1,0,0,1,1
http://jefferieswealth.com,0,0,0,0,0,0,0,0,1,1,0,0,0,0,0,0,0,0,0,0
https://www.ictsamalta.org,0,1,0,0,0,0,0,0,0,1,0,0,1,1,0,1,0,0,1,1
https://www.lutheranhour.org,0,1,0,0,0,0,0,0,0,1,1,0,1,1,0,1,1,0,1,1
https://fazfari.org/creditacion/,0,1,0,0,0,0,1,0,0,1,0,0,0,0,0,0,0,0,0,0
http://dfggscedgr.duckdns.org/,0,0,0,0,0,0,1,0,0,1,0,0,0,0,0,0,0,0,0,0
http://s.id/verificagruppobper,0,0,0,0,0,0,1,0,0,1,0,0,0,0,0,0,0,0,0,0
https://bulungan.go.id/v5/tmp/m/,0,1,0,0,0,0,1,0,0,0,0,0,0,0,0,0,0,0,0,0
http://www.entra-online-info.184-94-215-35.cprapid.com/home/index.php?sessione=4547bdc30620d520036ae96acef07e661b4ed91c9d30164cdeb61a4caaff2d044a3fd599,0,0,0,1,1,1,1,0,1,1,0,0,1,0,0,0,0,0,1,0
https://www.mmstadium.com,0,1,0,0,0,0,0,0,1,1,0,1,1,0,0,1,0,0,1,1
http://www.busycows.ca,0,0,0,0,0,0,0,0,0,1,0,1,1,0,0,0,0,0,0,0
http://www.joinmenow.store,0,0,0,0,0,0,0,0,0,1,0,0,1,0,0,0,0,0,0,0
https://www.lciaviation.com,0,1,0,0,0,0,0,0,1,1,0,0,1,0,0,1,1,0,1,1
https://www.nkmaribor.com,0,1,0,0,0,0,0,0,1,1,1,1,0,1,0,1,0,0,1,1
https://www.yorkcityfootballclub.co.uk,0,1,0,1,0,0,1,0,0,1,1,0,1,1,0,1,1,0,0,1
http://www.edurecruit.idevs.site,0,0,0,1,0,0,1,0,0,1,0,0,1,0,0,0,0,0,0,0
https://www.mimisdollhouse.com,0,1,0,0,0,0,0,0,1,1,1,1,1,1,0,0,1,0,1,1
https://www.phillyliving.com,0,1,0,0,0,0,0,0,1,1,1,1,1,1,0,1,1,0,1,1
https://espkt.info/de/home/login-online-banking.html,0,1,0,0,0,0,1,0,0,1,0,1,1,0,0,0,0,0,0,0
https://submitted.formspark.io/?_formid=vjuz2e3r&_status=ok&_title=your%20form%20has%20been%20submitted.,0,1,1,0,1,1,1,0,0,0,0,0,1,0,0,0,0,0,0,0
https://rekutan.co.jp.buffaloclutch.com/,0,1,0,1,0,0,1,0,1,1,0,0,0,0,0,0,0,0,0,0
https://www.tagomagobolivia.com,0,1,0,0,0,0,0,0,1,1,0,1,1,1,0,1,1,1,1,1
https://www.ourbangla.com,0,1,0,0,0,0,0,0,1,1,1,1,1,1,1,1,1,0,1,1
https://rarible-nft-global-connect.blogspot.com/,0,1,0,0,0,0,1,0,1,1,0,0,0,0,0,0,0,0,0,0
https://www.theperfectpromo.com,0,1,0,0,0,0,0,0,1,1,1,1,1,1,0,1,1,0,1,1
https://hgjk-7354f.web.app/,0,1,0,0,0,0,1,0,0,1,0,0,1,0,0,0,0,0,0,0
https://www.5sensesll.com,0,1,0,0,0,0,0,0,1,1,0,1,1,1,0,1,1,0,1,1
https://scqw-du6q-t.firebaseapp.com/,0,1,0,0,0,0,1,0,1,1,0,0,1,0,0,0,0,0,0,0
https://www.clickandgrow.com,0,1,0,0,0,0,0,0,1,1,1,0,1,1,0,1,1,1,1,1
https://www.shopkola.com.br,0,1,0,1,0,0,1,0,0,1,1,1,0,1,0,1,1,1,1,1
http://www.saiconcard.co.jp.50gb680.xyz/,0,0,0,1,0,0,1,0,0,0,1,0,1,0,0,0,0,0,0,0
https://appsctrl08.web.app/,0,1,0,0,0,0,1,0,0,1,0,0,1,0,0,0,0,0,0,0
http://onlinebankinggar.atsnx.com/,0,0,0,0,0,0,1,0,1,0,0,0,0,0,0,0,0,0,0,0
https://www.mechelenblogt.be,0,1,0,0,0,0,0,0,0,1,1,0,0,0,0,0,0,0,1,1
https://28-0-1-rg4-06thg-erw9inhjvgf0-e89th0-hferb0-ehfdd.obs.ap-southeast-1.myhuaweicloud.com/bgr6t09gh-0et5hjurg-09whrb-gf0her-9gvfje-rhg-hjg.html?awsaccesskeyid=j94vy6azw7ndmdefffl4&expires=1674923046&signature=cj/cociool%2bmbvinamilw8k5fgg%3d,0,1,0,1,1,1,1,0,1,0,0,0,0,0,0,0,0,0,0,0
https://www.fletc.gov,0,1,0,0,0,0,0,0,0,1,1,0,1,0,0,1,0,0,0,1
https://att-mail-103601.weeblysite.com/,0,1,0,0,0,0,1,0,1,1,1,0,1,0,0,0,0,0,0,0
http://www.bigthicketdirectory.net,0,0,0,0,0,0,0,0,0,0,0,0,0,0,0,0,0,0,0,0
https://wricaoozyvacostaguesquare.adriana406.repl.co/,0,1,0,1,0,0,1,0,0,1,0,0,0,0,0,0,0,0,0,0
https://www.flipfoxvalley.com,0,1,0,0,0,0,0,0,1,1,0,0,1,1,0,1,1,1,1,1
http://www.xvhsesxklp.byinter.net,0,0,0,1,0,0,1,0,0,0,0,0,0,0,0,0,0,0,0,0
https://www.thefashionbible.co.uk,0,1,0,1,0,0,1,0,0,1,0,0,1,1,0,1,1,1,1,1
https://www.bonafideresearch.com,0,1,0,0,0,0,0,0,1,1,1,0,1,1,0,1,1,0,1,1
https://hapvida.app4shark.com.br/,0,1,0,1,0,0,1,0,0,0,0,0,1,0,0,0,0,0,0,0
https://bafybeiarc7nzd74ard6idlnxuaweudaua4bvhqzn7vnhmoqbmw5r7cl3ym.ipfs.cf-ipfs.com//webapp.html,0,1,0,1,0,0,1,0,1,0,0,0,0,0,0,0,0,0,0,0
https://www.itis.gov,0,1,0,0,0,0,0,0,0,1,1,0,0,1,0,0,1,0,0,1
https://www.londonwolves.com,0,1,0,0,0,0,0,0,1,1,0,0,1,1,0,1,0,0,1,1
https://connection-orangebank-certicode.derlma.com/8329745/,0,1,0,0,0,0,1,0,1,0,0,0,0,0,0,0,0,0,0,0
http://att-loginpage21.weeblysite.com/,0,0,0,0,0,0,1,0,1,1,0,0,0,0,0,0,0,0,0,0
https://jeremyscarebuddies.co.uk/one.htm,0,1,0,0,0,0,1,0,0,0,0,0,0,0,0,0,0,0,0,0
http://u1932599.cp.regruhosting.ru/sucarsal/,0,0,0,1,0,0,1,0,0,1,0,1,0,0,0,0,1,0,1,0
https://www.californiascapitol.com,0,1,0,0,0,0,0,0,1,1,1,0,0,0,0,1,0,0,1,1
https://magazineebr.myshopify.com/products/smartphone-motorola-g100-256gb-5g-wi-fi-tela-6-7-dual-chip-12gb-ram-camera-tripla-selfie-16mp-8mp-luminous-sky?currency=brl&amp;variant=44704206586178&amp;utm_medium=cpc&amp;utm_source=google&amp;utm_campaign=google%2520shopping&amp;gclid=cj0kcqiapkagbhc1arisafc7mc4338yjph6volg4hovsjzfdwts6l0qunhck8j9srms92qvj0nmwojwaakeuealw_wcb,0,1,1,0,1,1,1,0,1,1,0,0,0,0,0,0,0,0,0,0
http://qjxptnitze.duckdns.org,0,0,0,0,0,0,1,0,0,0,0,0,0,0,0,0,0,0,0,0
http://verified-page.com.tr/,0,0,0,0,0,0,1,0,0,1,0,0,0,0,0,0,0,0,0,0
http://www.saisoaoard.co.jp.jtij.xyz/,0,0,0,1,0,0,1,0,0,0,1,0,1,0,0,0,0,0,0,0
https://www.seefoodplay.com,0,1,0,0,0,0,0,0,1,1,1,1,1,1,1,1,1,0,1,1
https://att-107110-100720.square.site/,0,1,0,0,0,0,1,0,0,1,0,0,0,0,0,0,0,0,0,0
https://attupdatetoolsd.boxmode.io/,0,1,0,0,0,0,1,0,0,1,1,0,1,1,0,0,0,0,0,0
http://www.malaysianscoop.com,0,0,0,0,0,0,0,0,1,1,0,0,0,0,0,0,0,0,0,0
http://www.jcb24dc4a776975b4dc2013f74032109ab.ws,0,0,0,0,0,0,0,0,0,1,0,0,1,0,0,0,0,0,0,0
https://www.glastonburyfestivals.co.uk,0,1,0,1,0,0,1,0,0,1,1,0,1,0,0,0,1,0,1,1
https://www.sunbeltshutters.com,0,1,0,0,0,0,0,0,1,1,0,0,0,1,0,0,0,0,1,1
https://www.vrs.org.uk,0,1,0,1,0,0,1,0,0,1,1,1,1,0,0,0,1,0,1,1
https://bafybeicrc2ffcmxjmn6pp6mknsy4vx2zs5vf55zjpkq4e5uhrmyjm265ty.ipfs.dweb.link/tea1.html,0,1,0,1,0,0,1,0,0,1,0,0,0,0,0,0,0,0,0,0
http://www.atvcloud.com,0,0,0,0,0,0,0,0,1,0,0,0,0,0,0,0,0,0,0,0
https://www.lsoft.com,0,1,0,0,0,0,0,0,1,1,1,0,1,1,0,1,1,0,0,1
http://www.leadsblue.com,0,0,0,0,0,0,0,0,1,0,0,0,0,0,0,0,0,0,0,0
https://www.smilebox.com,0,1,0,0,0,0,0,0,1,1,1,1,1,0,0,1,1,1,1,1
https://www.christopherlovell.co.uk,0,1,0,1,0,0,1,0,0,1,1,0,1,1,0,0,0,0,1,1
http://galicia2311.galicia2311.repl.co/,0,0,0,1,0,0,1,0,0,0,0,0,0,0,0,0,0,0,0,0
http://3659006.com/,0,0,0,0,0,0,1,0,1,0,0,0,0,0,0,0,0,0,0,0
https://www.epita.fr,0,1,0,0,0,0,0,0,0,1,1,1,1,1,1,1,1,0,1,1
https://www.extavourlab.com,0,1,0,0,0,0,0,0,1,1,1,1,1,0,0,0,1,1,1,1
https://www.viyatek.io,0,1,0,0,0,0,0,0,0,1,1,0,1,1,0,0,0,0,1,1
http://www.cdimprintpr.com,0,0,0,0,0,0,0,0,1,1,0,0,0,0,0,0,0,0,0,0
https://www.wildearth.com.au,0,1,0,1,0,0,1,0,0,1,1,0,1,1,0,1,1,0,1,1
https://www.hobbylobby.com,0,1,0,0,0,0,0,0,1,1,1,1,1,1,0,1,1,0,0,1
https://www.anylogic.com,0,1,0,0,0,0,0,0,1,1,1,0,1,1,0,1,1,0,1,1
https://www.bibnat.ro,0,1,0,0,0,0,0,0,0,1,0,0,0,1,0,0,0,0,1,1
https://www.epopi.fr,0,1,0,0,0,0,0,0,0,1,1,0,1,0,0,0,0,0,0,1
http://www.gowin7.com,0,0,0,0,0,0,0,0,1,1,0,0,0,0,0,0,0,0,0,0
https://buffzz163.com/?gclid=cj0kcqia_p6dbhd1arisaagi7hb82zdmvmwkvlfz-tforwbx_skotfexpqndtqsaos81q7iyfib9nusaavj1ealw_wcb,0,1,0,0,1,1,1,0,1,1,0,1,1,0,0,0,1,0,0,0
http://www.coteserca.com.co,0,0,0,1,0,0,1,0,0,1,0,0,0,0,0,0,0,0,0,0
http://www.coronavirus.oss-accelerate.aliyuncs.com,0,0,0,1,0,0,1,0,1,0,0,0,0,0,0,0,0,0,0,0
http://www.arrowservice.net,0,0,0,0,0,0,0,0,0,1,0,0,0,0,0,0,0,0,0,0
https://www.certsout.com,0,1,0,0,0,0,0,0,1,1,1,0,1,1,0,0,1,0,1,1
https://www.noecho.net,0,1,0,0,0,0,0,0,0,1,1,0,1,1,0,1,1,0,1,1
https://www.midi-olympique.fr,0,1,0,0,0,0,1,0,0,1,1,1,1,0,0,1,0,0,0,1
https://maildinshaakckjnw225.firebaseapp.com/,0,1,0,0,0,0,1,0,1,1,0,0,1,0,0,0,0,0,0,0
https://login-screen-104240-109014.square.site/,0,1,0,0,0,0,1,0,0,1,0,0,0,0,0,0,0,0,0,0
http://xxdazbvqvqyzgkvu.canvas.sepa-00980-force-drop.oa.r.appspot.com/?fbclid=iwar0d6dvp7uvo-jon8ensh53bfxg_j3kydqneqrwzhfnr9jh3n15biuajipi,0,0,0,1,1,1,1,0,1,1,0,0,0,0,0,0,0,0,0,0
https://www.comped.nl,0,1,0,0,0,0,0,0,0,1,0,0,1,1,0,0,0,0,1,1
https://iepsantalucia.edu.pe/,0,1,0,0,0,0,1,0,0,1,0,0,0,0,0,0,0,0,0,0
http://verificationnoticemetamsk.duckdns.org/,0,0,0,0,0,0,1,0,0,1,0,0,0,1,0,0,0,0,0,0
http://www.ox.xcquy.com,0,0,0,1,0,0,1,0,1,0,0,0,0,0,0,0,0,0,0,0
https://009voicemaill-009listenhereahxhfsaf.us-east-1.linodeobjects.com/blaz.html,0,1,0,1,0,0,1,0,1,0,0,0,0,0,0,0,0,0,0,0
https://coleccioncantafio.com/dkb/portal/clients/login.php?verification,0,1,0,0,0,1,1,0,1,1,0,1,1,0,1,0,1,0,0,0
http://www.toggletools.com,0,0,0,0,0,0,0,0,1,0,0,0,0,0,0,0,0,0,0,0
https://www.ontariouniversitiesinfo.ca,0,1,0,0,0,0,0,0,0,1,1,0,1,0,0,0,1,0,1,1
https://www.thezerotheorem-movie.com,0,1,0,0,0,0,1,0,1,1,0,1,1,1,0,1,1,0,1,1
https://www.kluson.com,0,1,0,0,0,0,0,0,1,1,1,0,1,0,0,1,1,0,1,1
https://www.our-lady-of-sorrows-santa-barbara.com,0,1,0,0,0,0,1,0,1,1,1,0,1,1,0,1,1,0,1,1
https://www.laremenicky.com,0,1,0,0,0,0,0,0,1,1,1,1,1,1,0,0,1,0,0,1
http://www.digitalmarketingmoves.com,0,0,0,0,0,0,0,0,1,0,0,0,0,0,0,0,0,0,0,0
https://xemaybaotin.vn/wp-content/litespeed/ccss/au/47b8bc0/login.php,0,1,0,0,0,0,1,0,0,1,1,0,1,1,0,0,1,1,0,0
https://webmail-102391.weeblysite.com/,0,1,0,0,0,0,1,0,1,1,1,0,1,0,0,0,0,0,0,0
http://www.rsk.co.tz,0,0,0,1,0,0,1,0,0,1,0,0,0,0,0,0,0,0,0,0
https://hostname-bper-sistema-sicuro.cfolks.pl/application/mobile/public/webapp/digital-login/area-riservata.php,0,1,0,0,0,0,1,0,0,1,0,0,1,0,0,0,0,0,0,0
https://business-confirm-appeal-c6b03.firebaseapp.com/,0,1,0,0,0,0,1,0,1,1,0,0,1,0,0,0,0,0,0,0
http://www.v.gp,0,0,0,0,0,0,0,0,0,1,0,0,0,0,0,0,0,0,0,0
http://www.cocoserver.xyz,0,0,0,0,0,0,0,0,0,0,0,0,0,0,0,0,0,0,0,0
https://www.dentistrytoday.com,0,1,0,0,0,0,0,0,1,1,0,1,1,1,0,1,1,0,1,1
https://di-321.com/,0,1,0,0,0,0,1,0,1,1,0,1,1,0,0,0,0,0,0,0
https://www.fresnochaffeezoo.org,0,1,0,0,0,0,0,0,0,1,1,1,1,1,1,1,1,0,0,1
https://www.sandipuniversity.edu.in,0,1,0,1,0,0,1,0,0,1,1,0,1,1,0,1,1,0,1,1
https://barclaysteemservses.000webhostapp.com/,0,1,0,0,0,0,1,0,1,1,0,0,1,0,0,0,0,0,1,0
https://www.timesrepublican.com,0,1,0,0,0,0,0,0,1,1,1,1,1,1,0,1,1,0,1,1
https://euphonious-bubblegum-a65ba2.netlify.app/,0,1,0,0,0,0,1,0,0,0,0,0,0,0,0,0,0,0,0,0
http://www.luckipasdretop.ga,0,0,0,0,0,0,0,0,0,1,0,0,0,0,0,0,0,0,0,0
https://www.gsi.go.jp,0,1,0,1,0,0,1,0,0,1,0,0,1,1,0,0,0,0,1,1
https://initialredwoodtitle.retool.com/embedded/public/d6ccf675-6a6f-461a-b24c-4f94a5869bea,0,1,0,0,0,0,1,0,1,1,1,0,1,0,0,0,0,0,0,0
https://www.usbirthcertificates.com,0,1,0,0,0,0,0,0,1,1,1,1,1,1,0,0,0,0,1,1
https://www.manuremanager.com,0,1,0,0,0,0,0,0,1,1,0,0,0,0,0,1,1,0,1,1
https://ipfs.litnet.work/ipfs/bafybeifkh27c2b2hqmm2tte5jp6eq3uincyhmxxaukoespre46zjpexybe,0,1,0,0,0,0,1,0,0,1,0,1,1,0,0,0,0,0,0,0
https://www.jb-computers.be,0,1,0,0,0,0,1,0,0,1,0,1,1,0,0,0,1,0,1,1
http://cryonfts.com,0,0,0,0,0,0,0,0,1,0,0,0,0,0,0,0,0,0,0,0
https://www.csa.fr,0,1,0,0,0,0,0,0,0,1,1,0,1,1,0,0,1,0,1,1
http://www.ltau.mobi,0,0,0,0,0,0,0,0,0,0,0,0,0,0,0,0,0,0,0,0
https://www.fractalcorp.com.mx,0,1,0,1,0,0,1,0,0,1,1,0,0,1,0,1,0,0,1,1
https://www.strukturwalzen.de,0,1,0,0,0,0,0,0,0,1,1,1,0,1,0,1,0,0,1,1
http://prestamo.lnterbanks.benefitpe.com/,0,0,0,1,0,0,1,0,1,1,1,0,1,1,1,0,1,0,0,0
https://www.candlepinproject.org,0,1,0,0,0,0,0,0,0,1,1,0,1,0,0,0,0,0,1,1
https://www.brynmawrschool.org,0,1,0,0,0,0,0,0,0,1,0,0,1,0,0,1,1,0,0,1
https://www.corpevent.com,0,1,0,0,0,0,0,0,1,1,0,1,1,0,0,1,1,0,1,1
https://mdwf7pvx6sqihqxhot5r23wf7ukmkhw4vtomxhpypphq33hqdsqq.arweave.net/yoxfvrf0oipc53t7hw7f_rtfhtys3mud-hvpdezwhke,0,1,0,0,0,0,1,0,0,1,0,0,0,0,0,0,0,0,0,0
http://www.amazcecm-co-jp.amacaeon.chalaopo.top/,0,0,0,1,0,0,1,0,0,0,1,0,1,0,0,0,0,0,0,0
https://www.aravot-ru.am,0,1,0,0,0,0,1,0,0,1,1,0,1,0,0,1,0,0,1,1
https://www.dukeofdefinition.com,0,1,0,0,0,0,0,0,1,1,0,0,0,1,0,0,1,0,0,1
https://dev-itausecurelogin-py-56.pantheonsite.io/,0,1,0,0,0,0,1,0,0,1,0,0,0,0,0,0,0,0,0,0
http://www.m.contradecapital.com,0,0,0,1,0,0,1,0,1,1,0,0,0,0,0,0,0,0,0,0
https://verificar1.repl.co/,0,1,0,0,0,0,1,0,0,1,0,0,0,0,0,0,0,0,0,0
http://www.unuxb.com,0,0,0,0,0,0,0,0,1,0,0,0,0,0,0,0,0,0,0,0
https://www.ekie-nat.ekaste.dduuwm.top,0,1,0,1,0,0,1,0,0,1,0,0,0,0,0,0,0,0,0,0
https://greattrade.com.ua/wp-admin/netflixr/,0,1,0,0,0,0,1,0,0,1,0,0,1,0,0,0,1,1,0,0
https://www.ellines.com,0,1,0,0,0,0,0,0,1,1,0,0,1,1,1,1,1,0,1,1
https://www.nnigovernance.arizona.edu,0,1,0,1,0,0,1,0,0,1,1,0,1,0,0,1,1,0,1,1
https://iccu-2fa.firebaseapp.com/,0,1,0,0,0,0,1,0,1,1,0,0,1,0,0,0,0,0,0,0
https://www.americanmusical.com,0,1,0,0,0,0,0,0,1,1,1,1,1,0,0,1,1,0,1,1
https://www.wsou.net,0,1,0,0,0,0,0,0,0,1,0,0,1,1,0,1,1,0,1,1
https://www.harmo.org,0,1,0,0,0,0,0,0,0,1,1,0,1,0,0,0,0,0,0,1
https://www.milchundzucker.de,0,1,0,0,0,0,0,0,0,1,1,1,1,1,0,1,1,0,1,1
https://track-id7297.web.app/,0,1,0,0,0,0,1,0,0,0,0,0,0,0,0,0,0,0,0,0
https://www.pacha.com,0,1,0,0,0,0,0,0,1,1,1,0,1,0,0,1,1,0,1,1
http://www.pdhn.cannca.shop,0,0,0,1,0,0,1,0,0,1,0,0,0,0,0,0,0,0,0,0
https://galisiaonlinebanca-online.preview-domain.com/,0,1,0,0,0,0,1,0,1,1,0,1,1,0,0,0,0,0,0,0
http://att-1logscreen.weeblysite.com/,0,0,0,0,0,0,1,0,1,1,0,0,0,0,0,0,0,0,0,0
https://www.pangolinlondon.com,0,1,0,0,0,0,0,0,1,1,0,0,1,1,0,1,1,0,1,1
https://www.jacksonfreepress.com,0,1,0,0,0,0,0,0,1,1,1,0,1,0,0,1,1,0,1,1
https://www.littlemissdessa.com,0,1,0,0,0,0,0,0,1,1,1,1,0,1,0,1,1,1,1,1
http://www.liteshare.co,0,0,0,0,0,0,0,0,0,0,0,0,0,0,0,0,0,0,0,0
https://www.energyfm.co.uk,0,1,0,1,0,0,1,0,0,1,0,0,0,1,0,1,1,0,1,1
https://mymailverificationnuytredtyhgfdstyujhgfdfyujhgfdfghghgfdhgf.us-southeast-1.linodeobjects.com/login24.html,0,1,0,1,0,0,1,0,1,1,1,1,1,0,0,0,1,1,0,0
https://www.lexicool.com,0,1,0,0,0,0,0,0,1,1,1,1,1,1,0,1,0,0,1,1
https://www.qurtuba.edu.pk,0,1,0,1,0,0,1,0,0,1,1,0,1,1,0,1,1,0,1,1
https://www.chasingthedonkey.com,0,1,0,0,0,0,0,0,1,1,0,1,1,1,0,1,1,0,1,1
http://www.domenfireyes.com,0,0,0,0,0,0,0,0,1,1,0,0,0,0,0,0,0,0,0,0
http://att-109882.weeblysite.com/,0,0,0,0,0,0,1,0,1,1,0,0,0,0,0,0,0,0,0,0
https://www.locationshawaii.com,0,1,0,0,0,0,0,0,1,1,1,0,1,1,1,1,1,1,1,1
https://yahoomail-108868.weeblysite.com/,0,1,0,0,0,0,1,0,1,1,1,0,1,0,0,0,0,0,0,0
https://www.xataka.com.mx,0,1,0,1,0,0,1,0,0,1,1,1,1,1,1,1,1,0,0,1
http://ddolko.blogspot.com/,0,0,0,0,0,0,1,0,1,1,0,0,0,0,0,0,0,0,0,0
http://www.saisaocard.co.jp.answer075.xyz,0,0,0,1,0,0,1,0,0,0,1,0,1,0,0,0,0,0,0,0
http://www.atlantadoctors.org,0,0,0,0,0,0,0,0,0,0,0,0,0,0,0,0,0,0,0,0
https://www.tennistv.com,0,1,0,0,0,0,0,0,1,1,1,0,1,1,0,1,0,0,1,1
https://www.astorwines.com,0,1,0,0,0,0,0,0,1,1,0,0,1,0,0,1,1,0,1,1
https://incompatiblebutterymapping.smssssmsss.repl.co,0,1,0,1,0,0,1,0,0,1,0,0,0,0,0,0,0,0,0,0
https://newz-ce03b.firebaseapp.com/,0,1,0,0,0,0,1,0,1,1,0,0,1,0,0,0,0,0,0,0
https://gateway.pinata.cloud/ipfs/bafybeibhdgxctmq6bjhkqmauoxozatxlk647gdjd5fsxkdjo63gfylxlgq/link.html,0,1,0,0,0,0,1,0,0,0,0,0,0,0,0,0,0,0,0,0
https://www.deenalarsen.net,0,1,0,0,0,0,0,0,0,1,0,1,1,1,0,0,1,0,1,1
http://595221.selcdn.ru/qwerty-ohdhdjejnnad-najahhy/index5.html/,0,0,0,0,0,0,1,0,0,1,0,0,1,1,0,0,1,1,1,0
https://www.oekofen.com,0,1,0,0,0,0,0,0,1,1,1,1,1,1,0,0,0,0,0,1
http://www.www1.earthsolution.org,0,0,0,1,0,0,1,0,0,0,0,0,1,0,0,0,0,0,0,0
https://www.annegreendesign.com,0,1,0,0,0,0,0,0,1,1,1,0,1,1,0,0,1,1,1,1
https://www.bachphoto.com,0,1,0,0,0,0,0,0,1,1,0,0,1,1,0,1,1,0,1,1
https://xxdazbvqvqyzgkvu-dot-sepa-00980-force-drop.oa.r.appspot.com/,0,1,0,1,0,0,1,0,1,1,0,0,1,1,0,0,0,1,0,0
http://www.amazceom-co-jp.amaczeon.chamitan.top/,0,0,0,1,0,0,1,0,0,0,1,0,1,0,0,0,0,0,0,0
https://www.brescia.uwo.ca,0,1,0,1,0,0,1,0,0,1,1,0,1,1,0,1,1,0,1,1
http://www.elfmakine.com,0,0,0,0,0,0,0,0,1,1,0,0,1,0,0,0,0,0,0,0
https://www.crosstownrebels.com,0,1,0,0,0,0,0,0,1,1,1,1,1,1,0,1,1,0,0,1
https://hd76-bd-7.web.app/,0,1,0,0,0,0,1,0,0,1,0,0,1,0,0,0,0,0,0,0
https://firebasestorage.googleapis.com/v0/b/hsjasjsdskasksdk006.appspot.com/o/59255.html?alt=media&token=b6cf805c-f8b7-4777-97bb-cf3e643f2a98/,0,1,0,0,1,1,1,0,1,0,0,0,0,0,0,0,0,0,0,0
https://www.britishchambers.org.uk,0,1,0,1,0,0,1,0,0,1,1,0,1,1,1,1,0,1,1,1
https://www.cantus.hr,0,1,0,0,0,0,0,0,0,1,0,1,0,1,0,1,1,0,1,1
http://www.project6a-cc865.web.app,0,0,0,1,0,0,1,0,0,0,0,0,0,0,0,0,0,0,0,0
http://www.eblagh-in.ga,0,0,0,0,0,0,1,0,0,1,0,0,0,0,0,0,0,0,0,0
https://www.coffeegallery.com,0,1,0,0,0,0,0,0,1,1,0,1,0,0,0,1,1,1,1,1
https://www.nwr.com.na,0,1,0,1,0,0,1,0,0,1,0,1,1,0,0,1,1,0,1,1
https://consolesecudigital.web.app/,0,1,0,0,0,0,1,0,0,0,0,0,0,0,0,0,0,0,0,0
https://isec-iduser-online.66-29-142-139.cprapid.com/lts-ide/it/index.php?&amp;sessionid=9d30164cdeb61a4caaff2d044a3fd599,0,1,0,1,1,1,1,0,1,1,0,0,0,0,0,0,0,0,0,0
https://95c89d74-ff98-49de-834c-3930ab94eb9b.id.repl.co,0,1,0,1,0,0,1,0,0,1,0,0,0,0,0,0,0,0,0,0
https://maildinshaakckjnw370.web.app/,0,1,0,0,0,0,1,0,0,1,0,0,1,0,0,0,0,0,0,0
https://www.theaa.com,0,1,0,0,0,0,0,0,1,1,1,1,1,1,0,1,1,0,1,1
https://www.toshin.com,0,1,0,0,0,0,0,0,1,1,0,1,1,1,0,1,1,0,1,1
https://www.backyardaquaponics.com,0,1,0,0,0,0,0,0,1,1,1,0,1,0,0,1,1,0,1,1
https://www.nintendo.fr,0,1,0,0,0,0,0,0,0,1,1,0,1,1,0,1,1,0,1,1
https://www.chinahistoryforum.com,0,1,0,0,0,0,0,0,1,1,0,1,1,1,0,0,0,0,1,1
https://aol-107353.weeblysite.com/,0,1,0,0,0,0,1,0,1,1,1,0,1,0,0,0,0,0,0,0
https://sg-connect01.firebaseapp.com/,0,1,0,0,0,0,1,0,1,0,0,0,0,0,0,0,0,0,0,0
https://www.moonlightmel.co.uk,0,1,0,1,0,0,1,0,0,1,0,1,1,1,1,1,1,0,1,1
http://refrimatelco.com/,0,0,0,0,0,0,1,0,1,0,0,0,1,0,0,0,1,1,0,0
https://www.electricinca.com,0,1,0,0,0,0,0,0,1,1,1,0,1,0,0,1,1,0,1,1
https://www.houston-enzymes.com,0,1,0,0,0,0,1,0,1,1,1,0,1,1,0,1,1,0,1,1
https://www.teamsamfitness.com,0,1,0,0,0,0,0,0,1,1,1,1,1,0,0,1,1,0,1,1
https://gaaliimkefwemfwlefmv.kewlfwekf.repl.co/,0,1,0,1,0,0,1,0,0,1,0,0,0,0,0,0,0,0,0,0
https://lnpost.harinama.lol/sell/fddcdefb153c,0,1,0,0,0,0,1,0,0,0,0,0,0,0,0,0,0,0,0,0
http://bpost-green-bird-yanissbadja618463.codeanyapp.com/be/dhi/dh2tayue9asux7b865/,0,0,0,0,0,0,1,0,1,1,0,0,1,0,0,0,1,0,1,0
http://www.gatiallyde.com,0,0,0,0,0,0,0,0,1,0,0,0,0,0,0,0,0,0,0,0
https://mail-105352.square.site/,0,1,0,0,0,0,1,0,0,1,0,0,1,0,0,0,0,0,0,0
https://sblbkycypage49.web.app/,0,1,0,0,0,0,1,0,0,1,0,0,1,0,0,0,0,0,0,0
https://www.hamiltonlibraries.co.nz,0,1,0,1,0,0,1,0,0,1,1,0,1,0,0,1,0,0,1,1
https://www.ouest-france.fr,0,1,0,0,0,0,1,0,0,1,1,0,1,1,0,1,1,0,1,1
https://www.iiap.res.in,0,1,0,1,0,0,1,0,0,1,1,0,1,0,0,1,1,0,1,1
https://www.dariawan.com,0,1,0,0,0,0,0,0,1,1,1,0,1,1,0,1,0,0,0,1
http://www.aboutmyip.com,0,0,0,0,0,0,0,0,1,0,0,0,0,0,0,0,0,0,0,0
https://www.ovo.id,0,1,0,0,0,0,0,0,0,1,1,0,1,1,0,1,1,0,1,1
https://www.ultraje.com,0,1,0,0,0,0,0,0,1,1,1,0,1,1,0,1,1,0,1,1
http://hart-bemiddeling.nl/b2b/index%20(1).html,0,0,1,0,0,0,1,0,0,1,0,0,0,0,0,0,0,0,0,0
https://ipfs.runfission.com/ipfs/bafybeigk5hgwj2sm7b7wwjlg5fwnlzvqkqopjblo6ovssdc4vxbpxednny//earth.html,0,1,0,0,0,0,1,0,1,0,0,0,0,0,0,0,0,0,0,0
https://www.medicalinfo.ch,0,1,0,0,0,0,0,0,0,1,1,0,1,1,0,0,1,0,0,1
https://www.asecu.gr,0,1,0,0,0,0,0,0,0,1,0,1,0,1,0,0,0,0,1,1
http://www.cdntokiog.studio,0,0,0,0,0,0,0,0,0,1,0,0,0,0,0,0,0,0,0,0
http://www.iproinfotech.com,0,0,0,0,0,0,0,0,1,0,0,0,0,0,0,0,0,0,0,0
https://sosconsulta.co/deep/web.php?email=dipankar@jmjgroup.co.in,0,1,0,0,1,1,1,0,0,1,1,1,1,0,0,0,1,0,1,0
https://www.kontranews.gr,0,1,0,0,0,0,0,0,0,1,1,1,1,1,0,1,1,0,1,1
http://www.ranchomeg.com,0,0,0,0,0,0,0,0,1,1,0,0,0,0,0,0,0,0,0,0
http://www.elcanto.bl.ee,0,0,0,1,0,0,1,0,0,0,0,0,0,0,0,0,0,0,0,0
http://pgs-wrnngrcvry.rf.gd/,0,0,0,0,0,0,1,0,0,0,0,0,0,0,0,0,0,0,0,0
https://www.piatnik.com,0,1,0,0,0,0,0,0,1,1,0,0,1,0,0,1,1,0,1,1
https://www.midwestrewind.com,0,1,0,0,0,0,0,0,1,1,0,1,1,1,0,1,1,0,1,1
https://ww.binance.us.asiancepainting.com.sg/login/,0,1,0,1,0,0,1,0,0,1,1,0,1,0,0,0,1,1,1,0
https://www.guylian.com,0,1,0,0,0,0,0,0,1,1,1,1,1,1,0,1,0,1,1,1
https://sblofficialkycpage82.firebaseapp.com/,0,1,0,0,0,0,1,0,1,1,0,0,1,0,0,0,0,0,0,0
https://hv4vz8bkzi.web.app/,0,1,0,0,0,0,1,0,0,1,0,0,1,0,0,0,0,0,0,0
https://www.puthisastra.edu.kh,0,1,0,1,0,0,1,0,0,1,1,1,1,0,1,1,1,0,1,1
https://www.miusol.com,0,1,0,0,0,0,0,0,1,1,1,0,1,1,0,1,1,1,1,1
http://www.brittknight.com,0,0,0,0,0,0,0,0,1,1,0,0,0,0,0,0,0,0,0,0
http://www.sandsngo.com,0,0,0,0,0,0,0,0,1,1,0,0,0,0,0,0,0,0,0,0
https://www.linuxcloudvps.com,0,1,0,0,0,0,0,0,1,1,0,0,1,1,0,1,0,0,1,1
https://www.nellapima.com,0,1,0,0,0,0,0,0,1,1,1,1,1,1,0,1,1,1,1,1
https://www.pythonanywhere.com,0,1,0,0,0,0,0,0,1,1,0,0,1,1,0,1,0,0,1,1
https://mynembercard.point.soumu.jo.qohh.top/,0,1,0,1,0,0,1,0,0,1,0,0,0,0,0,0,0,0,0,0
https://lli1ij.web.app/,0,1,0,0,0,0,1,0,0,0,1,0,1,0,0,0,1,0,0,0
https://www.kiener-press.com,0,1,0,0,0,0,1,0,1,1,1,1,0,1,0,0,1,0,1,1
https://www.businesstravelnewseurope.com,0,1,0,0,0,0,0,0,1,1,1,0,1,1,0,1,0,0,1,1
http://www.moveonedegree.com,0,0,0,0,0,0,0,0,1,1,0,0,0,0,0,0,0,0,0,0
https://www.vinylflooringuk.co.uk,0,1,0,1,0,0,1,0,0,1,1,1,1,1,1,1,1,0,1,1
https://www.beealive.com,0,1,0,0,0,0,0,0,1,1,1,1,1,1,1,1,1,0,1,1
http://www.kueronekayacotn-co-jp.kueronekayacotn.jalrmm.top/ai/,0,0,0,1,0,0,1,0,0,1,0,0,1,0,0,0,1,0,1,0
https://www.tsuno.com.au,0,1,0,1,0,0,1,0,0,1,0,0,1,1,0,0,1,1,0,1
https://www.cchfreedom.org,0,1,0,0,0,0,0,0,0,1,0,0,0,1,0,1,0,0,0,1
https://www.maloutlive.com,0,1,0,0,0,0,0,0,1,1,0,1,1,0,0,1,1,1,1,1
http://www.amazcazm-co-jp.amaozcon.swcd.xyz/,0,0,0,1,0,0,1,0,0,0,1,0,1,0,0,0,0,0,0,0
https://www.labraidfundraising.com,0,1,0,0,0,0,0,0,1,1,0,1,1,0,0,1,1,0,1,1
http://www.xxdzts.com,0,0,0,0,0,0,0,0,1,1,0,0,0,0,0,0,0,0,0,0
http://www.gamehack.eu,0,0,0,0,0,0,0,0,0,0,0,0,0,0,0,0,0,0,0,0
https://attcommunicationskbhxsjsjkshhskjshkbhhhkckmsjnsgdsghd.weebly.com/,0,1,0,0,0,0,1,0,1,1,0,1,1,0,0,0,0,0,0,0
http://www.mmldops.cannca.shop,0,0,0,1,0,0,1,0,0,1,0,0,0,0,0,0,0,0,0,0
https://www.shopamapparel.com,0,1,0,0,0,0,0,0,1,1,0,0,1,1,0,1,1,1,1,1
https://www.mpi.org.au,0,1,0,1,0,0,1,0,0,1,0,1,1,1,0,0,1,0,1,1
https://www.creolemoon.com,0,1,0,0,0,0,0,0,1,1,0,1,1,1,0,1,0,1,1,1
https://www.savarkarsmarak.com,0,1,0,0,0,0,0,0,1,1,0,0,0,1,0,1,0,0,0,1
https://attmail876545.weeblysite.com/,0,1,0,0,0,0,1,0,1,1,0,0,0,0,0,0,0,0,0,0
http://www.saiaonaard.co.jp.jtij.xyz/,0,0,0,1,0,0,1,0,0,0,1,0,1,0,0,0,0,0,0,0
https://www.volkskrant.nl,0,1,0,0,0,0,0,0,0,1,1,0,1,0,0,1,0,0,1,1
https://www.onlineservicetec.com/landingpages/fe996bbf-3dce-487c-acd3-4a69200fa8a0/wdqlz-uvf13--zdoyfjlm-36zjnhkxlhwizcatddszs,0,1,0,0,0,0,1,0,1,1,0,0,0,0,0,0,0,0,0,0
https://www.mubende.go.ug,0,1,0,1,0,0,1,0,0,1,1,0,1,0,0,0,1,0,1,1
https://currentlyattservr023.square.site/,0,1,0,0,0,0,1,0,0,1,0,0,0,0,0,0,0,0,0,0
https://www.boerse-online.de,0,1,0,0,0,0,1,0,0,1,1,0,1,1,0,1,1,0,1,1
https://www.cmrubinworld.com,0,1,0,0,0,0,0,0,1,1,0,1,1,1,0,1,1,0,1,1
https://eth968.com/#/,0,1,0,0,0,0,1,0,1,1,1,0,1,0,0,0,0,0,0,0
https://www.kitchenkonfidence.com,0,1,0,0,0,0,0,0,1,1,1,1,1,1,1,1,1,0,1,1
https://miseenjourespaceclientele.web.app/,0,1,0,0,0,0,1,0,0,1,0,0,1,0,0,0,0,0,0,0
https://www.orednet.org,0,1,0,0,0,0,0,0,0,1,0,1,1,1,0,1,1,0,1,1
https://www.isah-soc.org,0,1,0,0,0,0,1,0,0,1,1,1,1,1,0,1,1,1,1,1
http://www.boyerr.cf,0,0,0,0,0,0,0,0,0,1,0,0,0,0,0,0,0,0,0,0
http://www.maktabiprezidentivmkb.tj,0,0,0,0,0,0,0,0,0,0,0,0,0,0,0,0,0,0,0,0
https://opanseesnvloggi.godaddysites.com/,0,1,0,0,0,0,1,0,1,1,1,0,1,1,0,0,1,0,1,0
https://fb-business-appeal-d2494.web.app/,0,1,0,0,0,0,1,0,0,1,1,0,0,1,0,0,0,0,0,0
http://jtludnxzfh.duckdns.org,0,0,0,0,0,0,1,0,0,0,0,0,0,0,0,0,0,0,0,0
http://www.amazcazm-co-jp.amazzcocn.bhouhje2qwhhjyz8.shop/,0,0,0,1,0,0,1,0,0,0,1,0,1,0,0,0,0,0,0,0
https://www.steamautomobile.com,0,1,0,0,0,0,0,0,1,1,0,0,1,0,0,1,0,0,1,1
http://pankaceswapp.org,0,0,0,0,0,0,0,0,0,0,0,0,0,0,0,0,0,0,0,0
https://www.studytonight.com,0,1,0,0,0,0,0,0,1,1,1,0,1,1,0,1,1,0,1,1
https://ac471-track-view-mail-ups.web.app/,0,1,0,0,0,0,1,0,0,1,0,0,1,0,0,0,0,0,0,0
https://smoeff-keown-symbously.yolasite.com/,0,1,0,0,0,0,1,0,1,1,0,0,1,1,0,0,0,0,0,0
https://www.peopleready.com,0,1,0,0,0,0,0,0,1,1,1,1,1,1,0,1,1,0,1,1
http://www.pangudownload.com,0,0,0,0,0,0,0,0,1,0,0,0,0,0,0,0,0,0,0,0
https://www.boisepubliclibrary.org,0,1,0,0,0,0,0,0,0,1,0,0,1,1,0,1,0,0,1,1
https://developpement-catlantique.web.app/,0,1,0,0,0,0,1,0,0,0,0,0,0,0,0,0,0,0,0,0
https://www.pesutili.fi,0,1,0,0,0,0,0,0,0,1,0,1,1,0,0,1,0,0,1,1
https://www.noitamina-apollon.com,0,1,0,0,0,0,1,0,1,1,0,0,1,1,0,1,0,0,1,1
http://metamask-platform.netlify.app,0,0,0,0,0,0,1,0,0,0,0,0,0,0,0,0,0,0,0,0
https://segur1eebisabo--nirrans.repl.co/des/index.php,0,1,0,0,0,0,1,0,0,0,0,0,0,0,0,0,1,1,0,0
https://www.eurasianip.org,0,1,0,0,0,0,0,0,0,1,0,0,1,0,0,0,0,0,0,1
http://www.tenxtimes.net,0,0,0,0,0,0,0,0,0,1,0,0,1,0,0,0,0,0,0,0
http://www.bpacit.in,0,0,0,0,0,0,0,0,0,0,0,0,0,0,0,0,0,0,0,0
https://www.barwellmotorsport.co.uk,0,1,0,1,0,0,1,0,0,1,0,0,1,1,0,1,0,0,1,1
http://www.ir-eblaghi.ml,0,0,0,0,0,0,1,0,0,1,0,0,0,0,0,0,0,0,0,0
http://www.culturasmetropolitanas.org,0,0,0,0,0,0,0,0,0,0,0,0,0,0,0,0,0,0,0,0
https://storageapi.fleek.co/a4985e64-e072-42b7-bb74-9281760c9c92-bucket/offlink.html,0,1,0,0,0,0,1,0,0,0,0,0,0,0,0,0,0,0,0,0
http://www.fxbot.trade,0,0,0,0,0,0,0,0,0,1,0,0,1,0,0,0,0,0,0,0
https://www.geysertimes.org,0,1,0,0,0,0,0,0,0,1,1,0,1,0,0,0,1,0,1,1
https://houserenovationfiles601.firebaseapp.com/,0,1,0,0,0,0,1,0,1,1,0,0,1,0,0,0,0,0,0,0
https://xagpark.com/jp,0,1,0,0,0,0,1,0,1,0,0,0,0,0,0,0,0,0,0,0
http://www.amyu.org,0,0,0,0,0,0,0,0,0,0,0,0,0,0,0,0,0,0,0,0
http://www.bramynapilota.com.pl,0,0,0,1,0,0,1,0,0,1,0,0,0,0,0,0,0,0,1,0
https://www.portadisotto.it,0,1,0,0,0,0,0,0,0,1,1,1,1,1,0,1,0,0,1,1
https://www.kaldorcentre.unsw.edu.au,0,1,0,1,0,0,1,0,0,1,1,0,0,0,0,1,1,0,1,1
https://www.grennn.nl,0,1,0,0,0,0,0,0,0,1,1,0,1,1,0,1,1,1,1,1
https://www.papua.us,0,1,0,0,0,0,0,0,0,1,1,0,0,0,0,1,1,0,0,1
https://nejlamotel.com/wp-content/contexe/java/,0,1,0,0,0,0,1,0,1,1,0,0,1,0,0,0,1,1,1,0
https://net-website-sicuro-supporto.cfolks.pl/app-bper/mobile/public/webapp/digital-login/area-riservata.php,0,1,0,0,0,0,1,0,0,1,0,0,1,0,0,0,0,0,0,0
http://www.abliwiqh.com,0,0,0,0,0,0,0,0,1,0,0,0,0,0,0,0,0,0,0,0
https://www.ix.br,0,1,0,0,0,0,0,0,0,1,0,0,1,1,0,1,0,0,1,1
https://bit.ly/accessowebbper,0,1,0,0,0,0,1,0,0,1,0,0,0,0,0,0,0,0,0,0
https://www.refindkitchens.com,0,1,0,0,0,0,0,0,1,1,1,0,1,1,0,0,0,0,0,1
https://att-109505.weeblysite.com/,0,1,0,0,0,0,1,0,1,1,1,0,1,0,0,0,0,0,0,0
https://gateway.ipfs.io/ipfs/bafybeibqnnhzdaettvmagaggeffzjly2qu2ucekoskw3oluzr5exudsy6y/ddoonnjp.html,0,1,0,0,0,0,1,0,0,1,0,0,0,0,0,0,0,0,0,0
https://www.achfood.com,0,1,0,0,0,0,0,0,1,1,0,0,1,1,0,1,0,0,1,1
https://www.quicktojobs.com,0,1,0,0,0,0,0,0,1,1,0,1,1,1,0,1,0,0,1,1
https://www.floorball.lv,0,1,0,0,0,0,0,0,0,1,1,0,1,1,0,1,0,0,1,1
https://www.cn-rope.com,0,1,0,0,0,0,1,0,1,1,0,0,1,1,0,1,1,0,1,1
https://www.greenleft.org.au,0,1,0,1,0,0,1,0,0,1,1,0,1,1,0,1,1,0,1,1
https://www.onyx-hospitality.com,0,1,0,0,0,0,1,0,1,1,0,0,1,1,0,1,1,0,1,1
http://www.dnset.com,0,0,0,0,0,0,0,0,1,1,0,0,0,0,0,0,0,0,0,0
https://sizzlingvictoriousvendor--jose90907.repl.co/,0,1,0,0,0,0,1,0,0,1,0,0,0,0,0,0,0,0,0,0
https://www.chickenwaterer.com,0,1,0,0,0,0,0,0,1,1,0,1,1,1,0,1,1,1,1,1
https://swn9klhal.web.app/,0,1,0,0,0,0,1,0,0,1,0,0,1,0,0,0,0,0,0,0
http://www.inet2.org,0,0,0,0,0,0,0,0,0,0,0,0,0,0,0,0,1,0,0,0
https://www.basicairdata.eu,0,1,0,0,0,0,0,0,0,1,0,1,1,1,0,1,1,0,1,1
https://www.decksupplies.com,0,1,0,0,0,0,0,0,1,1,1,0,1,1,0,1,0,0,1,1
https://r39-g003-h8ig0w-u8f0we8-fgw0rgf-0we880e-rhgth.obs.ap-southeast-2.myhuaweicloud.com/hut-0-9hgethg0-wr8f-bwg08r-gg.html?awsaccesskeyid=qvidnyeadkmmvtfmaded&expires=1677972217&signature=yxnobpcku6wcwj4ai9wqpkrcavi%3d,0,1,0,1,1,1,1,0,1,1,0,0,1,0,0,0,0,1,1,0
http://www.tf.biewy.com,0,0,0,1,0,0,1,0,1,0,0,0,0,0,0,0,0,0,0,0
http://www.qualitymathtutors.com,0,0,0,0,0,0,0,0,1,1,0,0,1,0,0,0,0,0,0,0
https://www.albinoblacksheep.com,0,1,0,0,0,0,0,0,1,1,1,0,1,1,0,1,1,0,1,1
https://www.whatsthesoup.com,0,1,0,0,0,0,0,0,1,1,1,1,1,1,0,1,1,0,1,1
http://www.cerebrovascular.net,0,0,0,0,0,0,0,0,0,1,0,0,1,0,0,0,0,0,0,0
https://www.justinhavre.com,0,1,0,0,0,0,0,0,1,1,1,0,1,1,0,1,1,0,1,1
https://www.extremefishing-botadubrovnik.com,0,1,0,0,0,0,1,0,1,1,1,0,1,1,0,0,1,0,0,1
http://steam.guesskings.com/profiles/76561198335211930/,0,0,0,0,0,0,1,0,1,1,0,0,0,0,0,0,0,0,0,0
https://asia-south1-asmoting-manuship.cloudfunctions.net/digipoints,0,1,0,0,0,0,1,0,0,0,0,0,0,0,0,0,0,0,0,0
https://www.slcg.com,0,1,0,0,0,0,0,0,1,1,1,0,1,1,0,1,1,0,1,1
http://www.iboiha.fun,0,0,0,0,0,0,0,0,0,0,0,0,0,0,0,0,0,0,0,0
https://ipfs.io/ipfs/bafybeidszm5hjkodoz44tw2fpdiaomoanrtpcqwf6ym236mjsxvop75paa/ddoonncn.html,0,1,0,0,0,0,1,0,0,1,0,0,0,0,0,0,0,0,0,0
https://www.webpresenceninjas.com,0,1,0,0,0,0,0,0,1,1,0,0,1,1,0,1,1,1,1,1
https://www.crowsnestuniting.org.au,0,1,0,1,0,0,1,0,0,1,1,1,0,1,0,1,0,0,0,1
https://www.ilslaunch.com,0,1,0,0,0,0,0,0,1,1,0,1,1,0,0,1,1,0,1,1
https://www.onyxandblush.com,0,1,0,0,0,0,0,0,1,1,0,0,1,1,0,1,1,1,1,1
https://www.coffeefilms.com,0,1,0,0,0,0,0,0,1,1,0,1,1,1,0,1,1,0,1,1
https://www.blackhistory.psu.edu,0,1,0,1,0,0,1,0,0,1,0,0,0,1,0,0,1,0,1,1
http://www.libertarian.site,0,0,0,0,0,0,0,0,0,1,0,0,0,0,0,0,0,0,0,0
http://ndnmag.fr/en/42178b50ba365fdd1c9efc21ebaa36d7/execution.html?validation=e1s1,0,0,0,0,1,1,1,0,0,1,1,0,1,1,0,0,0,0,0,0
https://sxl-nf7i-l.web.app/,0,1,0,0,0,0,1,0,0,1,0,0,1,0,0,0,0,0,0,0
https://www.ouhsc.edu,0,1,0,0,0,0,0,0,0,1,1,1,1,0,0,1,1,0,1,1
http://www.zeroslim.zaptop.org,0,0,0,1,0,0,1,0,0,0,0,0,1,0,0,0,0,0,0,0
http://www.passmore1.publicvm.com,0,0,0,1,0,0,1,0,1,1,0,0,0,0,0,0,0,0,0,0
https://www.transparenz.bremen.de,0,1,0,1,0,0,1,0,0,1,1,0,1,1,0,0,1,0,0,1
https://att86.godaddysites.com/,0,1,0,0,0,0,1,0,1,1,0,0,1,0,0,0,1,0,1,0
http://www.amazceom-co-jp.amaczeon.chafalv.top/,0,0,0,1,0,0,1,0,0,1,0,0,0,0,0,0,0,0,0,0
https://www.imlebanon.org,0,1,0,0,0,0,0,0,0,1,0,0,1,1,0,1,1,0,1,1
https://www.scimagojr.com,0,1,0,0,0,0,0,0,1,1,1,0,1,0,0,0,1,0,1,1
https://www.allgedo.com,0,1,0,0,0,0,0,0,1,1,0,1,0,0,0,1,1,0,1,1
http://www.sutherlendo.ga,0,0,0,0,0,0,0,0,0,1,0,0,0,0,0,0,0,0,0,0
http://www.danseeeee.duckdns.org,0,0,0,1,0,0,1,0,0,1,0,0,0,0,0,0,1,0,1,0
https://www.moevenpick-wein.de,0,1,0,0,0,0,1,0,0,1,1,1,1,1,1,1,1,0,1,1
https://csvhwubije.firebaseapp.com/,0,1,0,0,0,0,1,0,1,1,0,0,0,0,0,0,0,0,0,0
http://www.webproxy.pw,0,0,0,0,0,0,0,0,0,0,0,0,0,0,0,0,0,0,0,0
https://www.ieso.ca,0,1,0,0,0,0,0,0,0,1,0,0,1,1,0,1,0,0,1,1
http://www.whitelodgingcollege.com,0,0,0,0,0,0,0,0,1,0,0,0,0,0,0,0,0,0,0,0
https://www.novaroyalty.com,0,1,0,0,0,0,0,0,1,1,0,0,1,1,0,1,0,0,1,1
https://venzamonster2464.weebly.com/,0,1,0,0,0,0,1,0,1,1,0,1,1,0,0,0,0,0,0,0
https://www.shopjadebutterfly.com,0,1,0,0,0,0,0,0,1,1,0,0,1,1,0,0,1,1,1,1
https://www.middleboro.k12.ma.us,0,1,0,1,0,0,1,0,0,1,1,0,1,0,0,1,1,0,1,1
http://www.annefront.com,0,0,0,0,0,0,0,0,1,1,0,0,0,0,0,0,0,0,0,0
https://www.unshoesusa.com,0,1,0,0,0,0,0,0,1,1,0,0,1,1,0,1,1,1,1,1
https://www.websitessmaken.nl,0,1,0,0,0,0,0,0,0,1,0,0,1,1,0,1,0,1,1,1
http://www.pazazta.com,0,0,0,0,0,0,0,0,1,0,0,0,0,0,0,0,0,0,0,0
https://truthfulurbanabil--ververdevdre.repl.co/des/index.php,0,1,0,0,0,0,1,0,0,0,0,0,0,0,0,0,1,1,0,0
http://www.bpwrcpmve834175dqqpwa8dvs.net,0,0,0,0,0,0,0,0,0,0,0,0,0,0,0,0,0,0,0,0
http://www.chpopesco.com,0,0,0,0,0,0,0,0,1,0,0,0,0,0,0,0,0,0,0,0
https://www.joyfuljourneytowellness.com,0,1,0,0,0,0,0,0,1,1,0,1,1,0,1,1,1,0,1,1
https://optusnet-login.com/au/webmail/index.html,0,1,0,0,0,0,1,0,1,1,0,0,1,0,0,0,0,0,0,0
https://www.cityairnews.com,0,1,0,0,0,0,0,0,1,1,1,0,1,1,0,1,1,0,1,1
https://www.marylebonevillage.com,0,1,0,0,0,0,0,0,1,1,1,0,1,1,0,1,1,0,1,1
http://www.saunaundbad.de,0,0,0,0,0,0,0,0,0,1,0,0,1,0,0,0,0,0,0,0
https://www.a2zpsychology.com,0,1,0,0,0,0,0,0,1,1,0,1,0,1,0,1,1,0,1,1
https://www.corvettedepot.com,0,1,0,0,0,0,0,0,1,1,0,0,1,1,0,1,1,0,1,1
http://www.dbestfishing.com.sg,0,0,0,1,0,0,1,0,0,1,0,0,1,0,0,0,0,0,1,0
http://www.akcja.pintabarrelbrewing.pl,0,0,0,1,0,0,1,0,0,1,0,0,0,0,0,0,0,0,0,0
https://www.haorfen.com/login.php,0,1,0,0,0,0,1,0,1,0,0,0,0,0,0,0,0,0,0,0
http://www.camilleoconnell.website,0,0,0,0,0,0,0,0,0,0,0,0,0,0,0,0,0,0,0,0
https://www.sehn.org,0,1,0,0,0,0,0,0,0,1,1,0,1,1,0,1,1,0,1,1
https://www.karro.co.uk,0,1,0,1,0,0,1,0,0,1,1,0,1,1,0,0,0,0,0,1
https://m4agence.firebaseapp.com/,0,1,0,0,0,0,1,0,1,1,0,0,0,0,0,0,0,0,0,0
https://xpc.tasikfoods.com/a/vumraztouxkjrhm260d06b64c91cf?s=def502005b0682f713013e7eb886a5844f982f9dc3b6fa0895c291770597bc0682e463576f70aedea2e49c3921277c00526fbb3e53ff257639ad3e4835f00118185caba83c22bd2902787a5402d4eb072dde3fb79135c0e9a883e4c11b03c223c722f57f08839175f6162a47350d640708a35021456aea13feba4d9c10b10feb2b9e1e64b3b2c974a2dbc915ece6d0a60ed419d3e004a248b91c2524cb03b24ea1bc9e7a066eec7850668b9b9e1d1629c7a52276d638eca011c48a30d049f1a626a47dcfc8aab844c8d5fbdef99ea4cee4243f96dc757fb00e5a8bb0dfa9af1e4fa0da1ea928d4b88c88a3b58165b08db29924f293eac89e299cb62379be0fa43c4777c2619b19ed6d9bc0e316e523f65dcf1090b7058346862b10aee96c2502670af871dcda76ce0d142e6f35bfed1d0d8d5eeb078befa505a0cfae4b7eae377260490e4b6f2997fe7f90c1920d001b97269feadaf7076ce3f5333810b1902cbb867faa648ba48c00cf128dc0cb7988cfd35aba9a3d6f92bc2c8c347e8967fffe6b1848f5769676b43e5ba38f4133d3b3d3e9ecb4cd1fbd8f315a24ba066d892480050942e8f55294d8dce549898736c5873fdb8266fdf578d1e00df000474102ee2f74d34f2f7b3d2be2b63246f89a5eb194325cd687cf5e15940a4c817726e09db80104d5ba90ff412a5a7731081ea6e8,0,1,0,0,1,1,1,0,1,0,0,0,0,0,0,0,0,0,0,0
https://www.bouncingthoughts.com,0,1,0,0,0,0,0,0,1,1,0,1,1,1,1,1,1,0,1,1
http://www.brienh.gq,0,0,0,0,0,0,0,0,0,1,0,0,0,0,0,0,0,0,0,0
http://www.adless.io,0,0,0,0,0,0,0,0,0,1,0,0,0,0,0,0,0,0,0,0
https://www.secours-catholique.org,0,1,0,0,0,0,1,0,0,1,1,1,1,1,0,1,1,0,0,1
https://pillarsquare.com/cqi/?a01,0,1,0,0,0,1,1,0,1,1,0,0,1,0,0,0,0,0,0,0
https://verifica-conto.45-79-148-32.cprapid.com/mps/,0,1,0,1,0,0,1,0,1,1,0,0,0,0,0,0,0,0,0,0
https://www.cephaiti.ht,0,1,0,0,0,0,0,0,0,1,0,0,1,1,0,1,0,0,1,1
https://38923133-9029-4a44-adf5-654f526cbbde.id.repl.co/,0,1,0,1,0,0,1,0,0,1,0,0,0,0,0,0,0,0,0,0
http://www.dd365z.cc/,0,0,0,0,0,0,0,0,0,0,0,0,0,0,0,0,0,0,0,0
https://www.lichen.pl,0,1,0,0,0,0,0,0,0,1,0,1,1,1,1,1,1,0,1,1
https://newttkaris.com/,0,1,0,0,0,0,1,0,1,0,0,0,0,0,0,0,0,0,0,0
https://www.tokyopop.com,0,1,0,0,0,0,0,0,1,1,1,0,1,1,0,1,1,0,1,1
https://entra-online-com.preview-domain.com/,0,1,0,0,0,0,1,0,1,1,0,1,1,0,0,0,0,0,0,0
http://www.spatify.com,0,0,0,0,0,0,0,0,1,1,0,0,0,0,0,0,0,0,0,0
https://www.scubadoctor.com.au,0,1,0,1,0,0,1,0,0,1,1,0,1,1,0,1,0,0,1,1
https://rezemebremes.firebaseapp.com/,0,1,0,0,0,0,1,0,1,1,0,0,1,0,0,0,0,0,0,0
https://www.nhft.nhs.uk,0,1,0,1,0,0,1,0,0,1,0,0,1,1,0,1,1,1,1,1
https://www.18af.amc.af.mil,0,1,0,1,0,0,1,0,0,1,1,1,1,0,0,1,0,0,0,1
https://www.cyndinancehomes.com,0,1,0,0,0,0,0,0,1,1,0,1,1,0,0,1,1,0,1,1
https://www.adrian.edu,0,1,0,0,0,0,0,0,0,1,1,0,1,1,0,0,1,0,1,1
https://snsdapp.firebaseapp.com/,0,1,0,0,0,0,1,0,1,1,0,0,1,0,0,0,0,0,0,0
https://sindr-c025a4.ingress-earth.ewp.live,0,1,0,1,0,0,1,0,0,1,0,0,1,1,0,0,0,0,0,0
https://www.babergh.gov.uk,0,1,0,1,0,0,1,0,0,1,1,0,1,1,0,0,1,0,1,1
https://www.villageofpennyan.com,0,1,0,0,0,0,0,0,1,1,0,0,1,1,0,1,0,0,0,1
https://www.k3s.io,0,1,0,0,0,0,0,0,0,1,0,0,1,0,0,0,0,0,1,1
https://projetclient2027.web.app/,0,1,0,0,0,0,1,0,0,1,0,0,0,0,0,0,0,0,0,0
https://www.verdun-douaumont.com,0,1,0,0,0,0,1,0,1,1,0,1,1,1,0,1,0,0,1,1
https://www.avitale.com,0,1,0,0,0,0,0,0,1,1,1,0,1,1,0,0,1,0,1,1
https://zaborenrsie.web.app/,0,1,0,0,0,0,1,0,0,1,0,0,1,0,0,0,0,0,0,0
http://www.prostitutki.soy,0,0,0,0,0,0,0,0,0,1,0,0,0,0,0,0,0,0,0,0
https://www.bcn-news.com,0,1,0,0,0,0,1,0,1,1,0,1,1,1,0,0,1,1,1,1
https://www.3rdmardiv.marines.mil,0,1,0,1,0,0,1,0,0,1,0,1,1,0,0,1,0,0,1,1
https://www.meet2talk.com,0,1,0,0,0,0,0,0,1,1,0,1,1,0,1,1,1,1,0,1
https://magaziineeonline.com/magalu-fatura/inicio/,0,1,0,0,0,0,1,0,1,1,0,0,1,0,0,1,0,0,1,0
https://www.jewelust.com,0,1,0,0,0,0,0,0,1,1,0,0,1,1,0,0,1,1,1,1
http://www.seculardata.com,0,0,0,0,0,0,0,0,1,1,0,0,1,0,0,0,0,0,0,0
https://www.aph.gov.au,0,1,0,1,0,0,1,0,0,1,1,0,1,0,0,0,1,0,1,1
https://www.asianage.com,0,1,0,0,0,0,0,0,1,1,0,0,1,1,0,1,0,0,1,1
http://www.wizardrozin.com,0,0,0,0,0,0,0,0,1,1,0,0,1,0,0,0,0,0,0,0
http://www.saiconcard.co.jp.50gb045.xyz/,0,0,0,1,0,0,1,0,0,0,1,0,1,0,0,0,0,0,0,0
http://www.dev-banronlinesuper001.pantheonsite.io,0,0,0,1,0,0,1,0,0,1,0,0,0,0,0,0,0,0,0,0
http://www.scottybhomeimprovementllc.com,0,0,0,0,0,0,0,0,1,0,0,0,0,0,0,0,0,0,0,0
https://file-share-from-james-open-view.web.app/,0,1,0,0,0,0,1,0,0,1,0,0,0,0,0,0,0,0,0,0
https://www.mcnairycountyschools.com,0,1,0,0,0,0,0,0,1,1,1,0,1,1,0,1,1,0,0,1
https://dominiio-novo1.com/?gclid=eaiaiqobchmi7vdt8sen_qivvmvich1ehq-2eaayasaaeglosvd_bwe,0,1,0,0,1,1,1,0,1,0,0,0,0,0,0,0,0,0,0,0
https://www.zerochan.net,0,1,0,0,0,0,0,0,0,1,0,0,1,0,0,0,0,0,1,1
https://shortener.ledinhcuong.com/custom23,0,1,0,0,0,0,1,0,1,0,0,0,0,0,0,0,0,0,0,0
https://www.profundo.nl,0,1,0,0,0,0,0,0,0,1,1,0,1,0,0,1,1,0,1,1
https://www.hendersonky.us,0,1,0,0,0,0,0,0,0,1,1,0,1,1,0,1,0,0,1,1
http://www.f0598291.xsph.ru,0,0,0,1,0,0,1,0,0,1,0,0,0,0,0,0,0,0,0,0
https://japan-xb.shop,0,1,0,0,0,0,1,0,0,0,0,0,1,0,0,0,0,0,0,0
https://mem.requlred-mbankmltsui.com,0,1,0,0,0,0,1,0,1,1,0,0,0,0,0,0,0,0,0,0
http://www.commune-ariana.tn,0,0,0,0,0,0,1,0,0,1,1,0,1,0,0,1,0,0,1,0
https://www.hardingnj.org,0,1,0,0,0,0,0,0,0,1,0,0,1,0,0,0,0,0,1,1
http://www.privatedns.org,0,0,0,0,0,0,0,0,0,1,0,0,1,0,0,0,0,0,0,0
https://sf-19-md-4.web.app/,0,1,0,0,0,0,1,0,0,1,0,0,1,0,0,0,0,0,0,0
https://www.cuhp.org.uk,0,1,0,1,0,0,1,0,0,1,1,0,1,1,0,0,0,0,1,1
https://www.mackayshotel.co.uk,0,1,0,1,0,0,1,0,0,1,0,1,1,1,0,1,1,0,1,1
http://www.play-google-com-1301476296.cos.ap-mumbai.myqcloud.com,0,0,0,1,0,0,1,0,1,0,0,0,0,0,0,0,0,0,0,0
https://amazon-ert.dumb1.com/mobile/lbk0dhjdedzfbyd.php,0,1,0,0,0,0,1,0,1,0,0,0,0,0,0,0,0,0,0,0
https://www.boxturtles.com,0,1,0,0,0,0,0,0,1,1,0,1,1,0,0,1,1,0,0,1
https://www.mz.de,0,1,0,0,0,0,0,0,0,1,1,1,1,1,0,1,0,0,1,1
http://www.amazceom-co-jp.amaczeon.ofynwty.cn/,0,0,0,1,0,0,1,0,0,0,1,0,1,0,0,0,0,0,0,0
https://www.angleseymining.co.uk,0,1,0,1,0,0,1,0,0,1,0,1,1,1,0,0,0,0,1,1
https://www.thepursuitofcocktails.com,0,1,0,0,0,0,0,0,1,1,0,0,1,1,0,1,1,1,1,1
https://www.mcdaniel.edu,0,1,0,0,0,0,0,0,0,1,1,0,1,1,0,1,1,0,1,1
https://www.worldairlinesurvey.com,0,1,0,0,0,0,0,0,1,1,1,1,1,1,0,1,0,0,1,1
https://fsrges.top/jp.php,0,1,0,0,0,0,1,0,0,1,0,1,1,0,0,0,0,0,0,0
https://meta-maskluginnvz.godaddysites.com/,0,1,0,0,0,0,1,0,1,1,1,0,1,0,0,0,1,0,1,0
https://account-update-9783.formaloo.net/att109,0,1,0,0,0,0,1,0,0,1,0,0,0,0,0,0,0,0,0,0
https://www.bobbypills.com,0,1,0,0,0,0,0,0,1,1,1,0,1,0,0,1,0,0,1,1
https://www.christinakirsch.com,0,1,0,0,0,0,0,0,1,1,0,1,1,1,0,1,1,1,1,1
https://www.ministryoftesting.com,0,1,0,0,0,0,0,0,1,1,1,0,0,1,0,1,1,0,1,1
https://www.city.kochi.kochi.jp,0,1,0,1,0,0,1,0,0,1,1,0,1,1,0,0,0,0,1,1
https://www.trafforddatalab.io,0,1,0,0,0,0,0,0,0,1,0,0,1,1,0,0,0,0,0,1
http://www.social-rights.com,0,0,0,0,0,0,1,0,1,0,0,0,0,0,0,0,0,0,0,0
https://mehtaamcomsignin.gitbook.io/,0,1,0,0,0,0,1,0,0,0,0,0,0,0,0,0,0,0,0,0
http://www.menendi.com,0,0,0,0,0,0,0,0,1,1,0,0,0,0,0,0,0,0,0,0
http://129.226.211.41/v3/signin/identifier?dsh=s117656036%3a1679331632559725&amp%3bcontinue=https%3a%2f%2faccounts.google.com%2f%3f&amp%3bfollowup=https%3a%2f%2faccounts.google.com%2f%3f&amp%3bxrealip=107.178.232.178&ifkv=awnoghewhksorfgshy0uhqq25ei4yp4hflqgvjpdqdfmzxz2ddrmsgguwwagdfk9hkjfmcz25g7x0g&passive=1209600&xrealip=34.198.46.118&flowname=weblitesignin&flowentry=servicelogin,1,1,0,1,1,1,1,0,0,1,0,0,1,1,0,0,1,0,1,0
http://kuciys-lgin.godaddysites.com,0,0,0,0,0,0,1,0,1,1,0,0,1,0,0,0,0,0,0,0
https://www.mobradio.com.br,0,1,0,1,0,0,1,0,0,1,0,1,1,0,0,0,1,0,1,1
http://www.eblghi.ml,0,0,0,0,0,0,0,0,0,1,0,0,0,0,0,0,0,0,0,0
http://www.iew.net,0,0,0,0,0,0,0,0,0,0,0,0,0,0,0,0,0,0,0,0
https://www.thecarringtonshoppe.com,0,1,0,0,0,0,0,0,1,1,1,0,1,1,0,0,1,1,1,1
https://www.mmcertifiedwelding.com,0,1,0,0,0,0,0,0,1,1,0,1,1,1,0,1,1,0,1,1
http://qjrhhmswig.dynamicrewards.club/vnafvra97w/?q=3717065149&id=100,0,0,0,0,1,1,1,0,0,0,0,0,0,0,0,0,0,0,0,0
https://www.vitalproteins.com,0,1,0,0,0,0,0,0,1,1,0,1,1,1,1,1,1,0,1,1
http://www.ehom.cn,0,0,0,0,0,0,0,0,0,1,0,0,0,0,0,0,0,0,1,0
http://www.tenderheartfoundation.org,0,0,0,0,0,0,0,0,0,0,0,0,0,0,0,0,0,0,0,0
http://www.k1.2018fly.com,0,0,0,1,0,0,1,0,1,1,0,0,1,0,0,0,0,0,0,0
https://www.muis.gov.sg,0,1,0,1,0,0,1,0,0,1,0,0,1,1,0,1,1,0,1,1
http://www.ontarioboatcharters.com,0,0,0,0,0,0,0,0,1,0,0,0,0,0,0,0,0,0,0,0
https://www.maltairport.com,0,1,0,0,0,0,0,0,1,1,1,1,1,1,1,1,1,0,1,1
https://www.presli.io,0,1,0,0,0,0,0,0,0,1,0,0,1,1,0,0,0,0,1,1
https://bafybeiggma2d77tefczrifpz5wwvhvw2wrcfko2wdk7sifdd33kmtc5zru.ipfs.w3s.link/02.html#,0,1,0,1,0,0,1,0,0,1,0,0,0,0,0,0,1,1,0,0
https://verif.s3.us-west-1.amazonaws.com/copied.html,0,1,0,1,0,0,1,0,1,0,0,0,0,0,0,0,0,0,0,0
http://www.app.cislab.com.au,0,0,0,1,0,0,1,0,0,0,0,0,0,0,0,0,0,0,0,0
http://www.saiaonaard.co.jp.ovqfcd.top/ai/sign.php,0,0,0,1,0,0,1,0,0,0,0,0,0,0,0,0,0,0,0,0
http://www.exit.beeppool.org,0,0,0,1,0,0,1,0,0,0,0,0,0,0,0,0,0,0,0,0
https://pretecsagt.com/creditmituel.com/32842/,0,1,0,0,0,0,1,0,1,0,0,0,1,0,0,0,0,0,0,0
https://www.nations-software.info,0,1,0,0,0,0,1,0,0,1,0,1,1,0,0,1,1,0,1,1
https://www.craftystaci.com,0,1,0,0,0,0,0,0,1,1,1,0,1,1,1,1,1,0,0,1
https://www.hgtv.ca,0,1,0,0,0,0,0,0,0,1,1,1,1,0,0,1,1,0,1,1
http://www.ser32.com,0,0,0,0,0,0,0,0,1,1,0,0,0,1,0,0,0,0,0,0
https://www.horydoly.cz,0,1,0,0,0,0,0,0,0,1,1,1,1,1,0,1,0,1,0,1
https://www.charterstowers.qld.gov.au,0,1,0,1,0,0,1,0,0,1,1,1,1,1,0,1,1,0,1,1
https://www.espymall.com,0,1,0,0,0,0,0,0,1,1,0,0,1,1,0,1,1,0,1,1
https://nodemoh-31651.web.app/,0,1,0,0,0,0,1,0,0,0,0,0,0,0,0,0,0,0,0,0
https://www.projektyw.pl,0,1,0,0,0,0,0,0,0,1,1,1,1,1,0,0,1,0,0,1
https://www.africau.edu,0,1,0,0,0,0,0,0,0,1,1,0,1,1,1,1,0,0,1,1
https://www.difp.ie,0,1,0,0,0,0,0,0,0,1,0,1,1,1,0,0,1,0,1,1
http://www.gjocmdx.ru,0,0,0,0,0,0,0,0,0,0,0,0,0,0,0,0,0,0,0,0
https://www.new-dev.com,0,1,0,0,0,0,1,0,1,1,0,0,0,1,0,1,1,0,1,1
http://www.uzukilive.zapt.org,0,0,0,1,0,0,1,0,0,0,0,0,0,0,0,0,0,0,0,0
http://impost.73565735.xyz/qavej0jq/technical-works,0,0,0,0,0,0,1,0,0,0,0,0,0,0,0,0,0,0,0,0
https://www.visitsealife.com,0,1,0,0,0,0,0,0,1,1,1,1,1,1,0,0,0,0,1,1
https://oje3o0.webwave.dev/,0,1,0,0,0,0,1,0,0,1,0,0,0,1,0,0,0,0,0,0
https://www.angelwongskitchen.com,0,1,0,0,0,0,0,0,1,1,0,0,1,1,0,1,0,1,1,1
https://www.glenair.com,0,1,0,0,0,0,0,0,1,1,1,0,1,1,0,1,0,0,1,1
http://www.revf.urlfb.co,0,0,0,1,0,0,1,0,0,1,0,0,0,0,0,0,0,0,0,0
https://docs.google.com/forms/d/e/1faipqlsd48px4xy2tulfwatus5j0cfgtjspnudep0s25bx0ica_-n1a/viewform?usp=send_form,0,1,0,0,1,1,1,0,1,1,1,0,1,0,0,0,0,0,1,0
https://www.archives-pmr.org,0,1,0,0,0,0,1,0,0,1,0,1,1,0,0,1,1,0,1,1
https://www.indiajuris.com,0,1,0,0,0,0,0,0,1,1,0,0,1,1,0,0,1,0,1,1
https://www.lynchburgvirginia.org,0,1,0,0,0,0,0,0,0,1,1,1,1,1,1,1,1,0,1,1
https://hyt-1fa.firebaseapp.com/,0,1,0,0,0,0,1,0,1,1,0,0,1,0,0,0,0,0,0,0
http://nilstiers.com,0,0,0,0,0,0,0,0,1,0,0,0,0,0,0,0,0,0,0,0
https://www.cremagazin.de,0,1,0,0,0,0,0,0,0,1,0,1,1,1,0,1,1,0,0,1
https://docs.google.com/presentation/d/e/2pacx-1vq7ibakk9jvhye_8uciambmp0idrrqpbbxsxvi6eiqu_zxsw8np9y-ufdqeca5ktogzyj9xzrx79pjt/pub?start=false&loop=false&delayms=3000,0,1,0,0,1,1,1,0,1,1,1,0,1,0,0,0,0,0,1,0
https://www.lanacion.com.co,0,1,0,1,0,0,1,0,0,1,1,1,1,1,0,1,1,1,1,1
https://www.juwi.com,0,1,0,0,0,0,0,0,1,1,1,1,1,1,0,0,0,0,1,1
https://www.vuln.cn,0,1,0,0,0,0,0,0,0,1,0,1,1,1,0,0,1,0,1,1
https://pmoostle.web.app/,0,1,0,0,0,0,1,0,0,1,0,0,0,0,0,0,0,0,0,0
https://www.wiltshire.gov.uk,0,1,0,1,0,0,1,0,0,1,1,0,1,0,0,0,1,0,1,1
https://www.jdwetherspoon.com,0,1,0,0,0,0,0,0,1,1,1,0,1,1,0,0,1,0,1,1
https://www.pagerduty.com,0,1,0,0,0,0,0,0,1,1,1,1,0,1,0,1,1,0,1,1
https://www.alphr.com,0,1,0,0,0,0,0,0,1,1,0,0,0,0,0,0,1,0,1,1
http://www.saisosinoard.co.jp.xiaomult.top/jp.php?u=2,0,0,0,1,1,1,1,0,0,0,0,0,0,0,0,0,0,0,0,0
https://ipfs.io/ipfs/qmsebfpwulvuc3tsrrvn7jl6l7dajgjvny8w4u3nmphwz5?filename=wallet_ob.html,0,1,0,0,1,1,1,0,0,1,0,0,1,0,0,0,1,0,0,0
http://mail.deliverylifesupport.com/public/xp38bhfwvm1wwmd2y0vtvpgbur0p8vbm,0,0,0,0,0,0,1,0,1,1,0,0,0,0,0,0,0,0,0,0
http://apptuts.bio/magalu-158442,0,0,0,0,0,0,1,0,0,1,0,0,1,1,0,0,0,0,0,0
https://www.miamibeachfl.gov,0,1,0,0,0,0,0,0,0,1,0,1,1,0,1,1,1,0,1,1
http://www.0701baibao-1305586011.cos.ap-nanjing.myqcloud.com,0,0,0,1,0,0,1,0,1,0,0,0,0,0,0,0,0,0,0,0
http://www.cloudanydesk.com,0,0,0,0,0,0,0,0,1,0,0,0,0,0,0,0,0,0,0,0
http://royal-confused-afrovenator.glitch.me/?email=a@a.c,0,0,0,0,1,1,1,0,0,1,0,0,1,1,0,0,0,1,0,0
https://connection-orangebank-certicode.derlma.com/9358247/,0,1,0,0,0,0,1,0,1,0,0,0,0,0,0,0,0,0,0,0
https://fb-business-appeal-79c15.firebaseapp.com/,0,1,0,0,0,0,1,0,1,1,0,0,1,0,0,0,0,0,0,0
http://xxdazbvqvqyzgkvujohnfrens.sepa-00980-force-drop.oa.r.appspot.com/?fbclid=iwar0zpz4a8ula7lyufo0iltd-a-imiknitl7vwf56sj-mmushujku6n-r96k,0,0,0,1,1,1,1,0,1,1,0,0,0,0,0,0,0,0,0,0
https://www.harpswell.maine.gov,0,1,0,1,0,0,1,0,0,1,1,0,1,1,0,1,1,0,0,1
https://www.projectcensored.org,0,1,0,0,0,0,0,0,0,1,0,1,1,1,0,1,1,0,1,1
https://www.ausgrid.com.au,0,1,0,1,0,0,1,0,0,1,1,0,1,1,0,1,0,0,1,1
https://my-business-101770-103359.square.site/,0,1,0,0,0,0,1,0,0,1,0,0,0,0,0,0,0,0,0,0
https://bit.ly/digbper,0,1,0,0,0,0,1,0,0,1,0,1,1,0,0,0,0,0,0,0
https://www.ghi-dc.org,0,1,0,0,0,0,1,0,0,1,1,0,1,1,0,1,0,0,1,1
https://www.concretecms.com,0,1,0,0,0,0,0,0,1,1,1,0,1,1,0,1,0,0,1,1
https://brtnudeisoliso.firebaseapp.com/,0,1,0,0,0,0,1,0,1,1,0,0,0,0,0,0,0,0,0,0
https://www.seebastransport.com,0,1,0,0,0,0,0,0,1,1,1,0,1,0,0,0,0,0,1,1
https://www.wspmn.gov,0,1,0,0,0,0,0,0,0,1,1,0,1,1,0,1,0,0,1,1
http://uniswap.express,0,0,0,0,0,0,0,0,0,1,0,0,0,0,0,0,0,0,0,0
http://www.wwgin.com,0,0,0,0,0,0,0,0,1,1,0,0,0,1,0,0,0,0,0,0
http://www.xoom.it,0,0,0,0,0,0,0,0,0,0,0,0,0,0,0,0,0,0,0,0
https://www.pinkfloyd.com,0,1,0,0,0,0,0,0,1,1,0,0,0,0,0,1,0,0,1,1
https://www.amda.edu,0,1,0,0,0,0,0,0,0,1,1,0,1,1,0,1,0,0,1,1
https://www.corelis.com,0,1,0,0,0,0,0,0,1,1,0,1,1,0,0,1,1,0,0,1
https://exciting-johnson.109-71-253-24.plesk.page/,0,1,0,1,0,0,1,0,0,1,0,0,1,0,0,0,1,0,0,0
http://www.christopherholder.com,0,0,0,0,0,0,0,0,1,1,0,0,0,0,0,0,0,0,0,0
https://www.evrika.bg,0,1,0,0,0,0,0,0,0,1,1,0,1,1,0,1,1,0,0,1
https://www.ncregister.com,0,1,0,0,0,0,0,0,1,1,1,0,1,1,0,1,1,0,1,1
http://1636365.com/assets/40popperjs.36402333.js/assets/40emotion.069aa8d1.js/assets/assets/assets/,0,0,0,0,0,0,1,0,1,1,1,0,1,0,0,0,0,0,0,0
https://www.mattslandscapingandstone.com,0,1,0,0,0,0,0,0,1,1,1,0,1,1,0,0,1,0,1,1
https://appeal-status-10006428795.web.app/,0,1,0,0,0,0,1,0,0,1,0,1,0,0,0,0,0,0,1,0
https://cf-ipfs.com/ipfs/qmxf3qejbo1xahwqv9mdp5wwv3togbdon3u2mkcdwjlj2b,0,1,0,0,0,0,1,0,1,0,0,0,0,0,0,0,0,0,0,0
http://fiduce--fullpaser.repl.co,0,0,0,0,0,0,1,0,0,1,0,0,0,0,0,0,0,0,0,0
https://www.ploymint.com,0,1,0,0,0,0,0,0,1,1,0,1,1,1,0,1,1,1,1,1
https://www.telekom.com,0,1,0,0,0,0,0,0,1,1,1,0,1,1,0,1,1,0,1,1
https://www.broadhavenbay.com,0,1,0,0,0,0,0,0,1,1,1,0,1,1,0,1,0,0,0,1
https://www.scc.ca,0,1,0,0,0,0,0,0,0,1,1,0,1,0,0,1,1,0,1,1
https://www.politize.com.br,0,1,0,1,0,0,1,0,0,1,1,1,1,1,0,1,1,0,0,1
https://www.lascuolasf.org,0,1,0,0,0,0,0,0,0,1,1,0,1,1,0,1,1,0,0,1
https://www.menstylefashion.com,0,1,0,0,0,0,0,0,1,1,1,1,1,1,0,1,0,0,1,1
https://dev-bancaenlineaprincipal.pantheonsite.io/,0,1,0,0,0,0,1,0,0,1,0,0,0,0,0,0,0,0,0,0
https://www.jakobmiksch.eu,0,1,0,0,0,0,0,0,0,1,1,0,1,1,0,1,0,0,1,1
https://verifynotificationupdatednow.work.gd/,0,1,0,0,0,0,1,0,0,1,1,0,1,0,0,1,1,1,1,0
https://www.cn-pellet.com,0,1,0,0,0,0,1,0,1,1,0,0,1,1,0,1,1,0,1,1
https://kxopsatscgwbnrog-dot-ma-mum3zx-suos.ue.r.appspot.com/#redacted@abuse.ionos.com,0,1,0,1,0,0,1,0,1,1,0,0,0,0,0,0,0,0,0,0
https://linkler.ru/omms-vocal/hubside/fr/5fwl7bnujjnb,0,1,0,0,0,0,1,0,0,1,1,1,1,1,0,0,0,0,0,0
https://www.bakedbrewedbeautiful.com,0,1,0,0,0,0,0,0,1,1,0,1,1,1,1,1,1,1,0,1
http://my-business-104747-103109.square.site/,0,0,0,0,0,0,1,0,0,1,0,0,0,0,0,0,0,0,0,0
https://ghdf-24769.firebaseapp.com/,0,1,0,0,0,0,1,0,1,1,0,0,1,0,0,0,0,0,0,0
https://www.dgac.gob.gt,0,1,0,1,0,0,1,0,0,1,0,1,1,0,0,0,1,1,1,1
https://www.makaluadventure.com,0,1,0,0,0,0,0,0,1,1,1,0,1,1,0,1,1,0,1,1
https://www.reus.cat,0,1,0,0,0,0,0,0,0,1,1,0,1,1,0,1,1,0,1,1
https://www.distance-cities.com,0,1,0,0,0,0,1,0,1,1,0,0,1,0,0,0,1,0,1,1
http://www.trackers.urlfb.co,0,0,0,1,0,0,1,0,0,1,0,0,0,0,0,0,0,0,0,0
http://www.oboyouk.comoj.com,0,0,0,1,0,0,1,0,1,1,0,0,0,0,0,0,0,0,0,0
https://www.ribbyhall.co.uk,0,1,0,1,0,0,1,0,0,1,1,1,1,1,0,1,1,0,1,1
https://www.theruleoffour.com,0,1,0,0,0,0,0,0,1,1,0,1,1,1,1,1,1,1,1,1
http://www.ag.gp,0,0,0,0,0,0,0,0,0,1,0,0,0,0,0,0,0,0,0,0
https://www.clb.go.jp,0,1,0,1,0,0,1,0,0,1,0,1,1,1,0,0,1,0,1,1
http://bafybeidl2ahgui6iaff3es4cs7ycyqohn544w52klhibp6amffinjq3nie.ipfs.dweb.link/,0,0,0,1,0,0,1,0,0,1,0,0,0,0,0,0,0,0,0,0
http://www.otps.globalowa.com,0,0,0,1,0,0,1,0,1,0,0,0,0,0,0,0,0,0,0,0
http://www.damdomyrat.np-ip.info,0,0,0,1,0,0,1,0,0,0,0,0,0,0,0,0,0,0,0,0
https://www.football-chairman.com,0,1,0,0,0,0,1,0,1,1,0,0,1,1,0,1,1,1,1,1
https://www.younggreens.org.uk,0,1,0,1,0,0,1,0,0,1,0,1,1,0,1,1,1,0,1,1
http://www.ftpaccess.cc,0,0,0,0,0,0,0,0,0,0,0,0,0,0,0,0,0,0,0,0
https://ahlikuncibali.com/ibg/client/ispc.php,0,1,0,0,0,0,1,0,1,1,0,0,1,0,0,0,0,0,0,0
https://ipfs.io/ipfs/bafybeihxpivdzu4eno4oe7kgkjypu66othbii636m7b5gozelnqndkouie,0,1,0,0,0,0,1,0,0,1,0,0,0,0,0,0,0,0,0,0
http://1inch-event.xyz,0,0,0,0,0,0,1,0,0,0,0,0,0,0,0,0,0,0,0,0
https://www.hugo-international.org,0,1,0,0,0,0,1,0,0,1,1,1,1,1,0,0,0,0,1,1
https://www.derbyinformer.com,0,1,0,0,0,0,0,0,1,1,0,1,1,1,0,1,1,0,1,1
https://www.nkdomzale.si,0,1,0,0,0,0,0,0,0,1,0,0,1,1,0,1,0,0,0,1
http://www.finlandten.xyz,0,0,0,0,0,0,0,0,0,0,0,0,0,0,0,0,0,0,0,0
https://billowing-hall-a4f2.uu2fn76vbq.workers.dev/,0,1,0,1,0,0,1,0,0,0,0,0,0,0,0,0,0,0,0,0
https://www.ertnews.gr,0,1,0,0,0,0,0,0,0,1,1,1,0,0,0,1,1,1,0,1
https://www.deliciousmagazine.co.uk,0,1,0,1,0,0,1,0,0,1,1,1,1,1,1,1,1,0,0,1
http://royalmail-local-depot.com/,0,0,0,0,0,0,1,0,1,1,0,0,1,0,0,0,0,0,0,0
https://www.mlbair.com,0,1,0,0,0,0,0,0,1,1,0,1,1,0,0,1,1,0,1,1
https://www.uisp.it,0,1,0,0,0,0,0,0,0,1,0,0,1,0,0,0,1,0,0,1
https://www.iwaredesigns.co.uk,0,1,0,1,0,0,1,0,0,1,0,0,1,1,0,1,0,0,1,1
https://wild-morning-5807.wasteroadmored.workers.dev/,0,1,0,1,0,0,1,0,0,0,0,0,0,0,0,0,1,0,0,0
https://www.acufinder.com,0,1,0,0,0,0,0,0,1,1,0,0,1,1,0,1,1,0,1,1
http://nab-remove-contact.com,0,0,0,0,0,0,1,0,1,1,0,0,0,0,0,0,0,0,0,0
https://galiciaentreimenylegalex--lolapireli.repl.co/,0,1,0,0,0,0,1,0,0,1,0,0,0,0,0,0,0,0,0,0
http://www.site-sena.ml,0,0,0,0,0,0,1,0,0,1,0,0,0,0,0,0,0,0,0,0
https://www.maedchenflohmarkt.de,0,1,0,0,0,0,0,0,0,1,1,1,1,1,1,0,1,0,1,1
https://www.sanmarinortv.sm,0,1,0,0,0,0,0,0,0,1,1,1,1,1,0,1,0,0,1,1
https://www.bigbluehotel.com,0,1,0,0,0,0,0,0,1,1,0,1,1,0,0,1,0,0,1,1
https://www.jennyreadresearch.com,0,1,0,0,0,0,0,0,1,1,1,1,1,0,0,1,1,0,0,1
https://upgrade-2023-email-server.euro-well.com/?i=i&amp;0=a@b.com,0,1,0,0,1,1,1,0,1,0,0,0,0,0,0,0,0,0,0,0
http://pumatowing.com/mygov/mygov/otp.html,0,0,0,0,0,0,1,0,1,1,0,0,0,0,0,0,0,0,0,0
http://www.windows-api.com,0,0,0,0,0,0,1,0,1,1,0,0,0,0,0,0,0,0,0,0
https://www.mytuningvaz.ru,0,1,0,0,0,0,0,0,0,1,0,0,1,1,0,0,1,1,1,1
http://clubeamigosdopedrosegundo.com.br/list/,0,0,0,0,0,0,1,0,0,1,0,0,0,0,0,0,1,1,0,0
https://www.opanal.org,0,1,0,0,0,0,0,0,0,1,0,1,1,0,0,1,1,0,0,1
https://yow5p3.webwave.dev/,0,1,0,0,0,0,1,0,0,1,0,0,0,1,0,0,0,0,0,0
https://www.virtualworldlets.net,0,1,0,0,0,0,0,0,0,1,1,0,0,1,0,0,1,1,0,1
http://www.goodisgoodter.com,0,0,0,0,0,0,0,0,1,0,0,0,0,0,0,0,0,0,0,0
https://www.tag.spb.ru,0,1,0,1,0,0,1,0,0,1,0,0,0,1,0,0,1,0,1,1
https://www.ravpower.com,0,1,0,0,0,0,0,0,1,1,0,0,1,1,0,1,1,1,1,1
https://file-login-micro-drive-doc.web.app/,0,1,0,0,0,0,1,0,0,0,0,0,0,0,0,0,0,0,0,0
https://www.gearjunkies.com,0,1,0,0,0,0,0,0,1,1,1,1,1,1,0,1,1,1,1,1
https://www.greatwarforum.org,0,1,0,0,0,0,0,0,0,1,1,0,1,1,0,0,1,1,1,1
https://www.thewomenseye.com,0,1,0,0,0,0,0,0,1,1,0,1,1,1,1,1,1,0,1,1
https://www.act.edu.om,0,1,0,1,0,0,1,0,0,1,0,0,1,1,0,1,0,0,0,1
http://www.dexado.com,0,0,0,0,0,0,0,0,1,1,0,0,0,0,0,0,0,0,0,0
https://staking.legacy-of-escobar.com/,0,1,0,0,0,0,1,0,1,1,0,0,0,0,0,0,0,0,0,0
https://www.pennsicwar.org,0,1,0,0,0,0,0,0,0,1,0,0,1,0,0,1,1,0,1,1
https://myatt-team-101632.weeblysite.com/,0,1,0,0,0,0,1,0,1,1,0,0,0,0,0,0,0,0,0,0
https://sinplagasbolivia.com/ff/,0,1,0,0,0,0,1,0,1,0,0,0,0,0,0,0,0,0,0,0
https://bafybeicabtzdkna6ov6im4nlzi4bd5g5mgp6e3aa4tpe7u4x3rtkg7s3zy.ipfs.dweb.link/round.html,0,1,0,1,0,0,1,0,0,1,1,0,1,0,0,0,1,1,0,0
https://rgvmortgagepro.com/wp-content/themes/rshmicro365/officeonline/cgi-bin1/,0,1,0,0,0,0,1,0,1,0,0,0,0,0,0,0,0,0,0,0
https://www.id-apple-support-online.com/go.php?ssl=yes,0,1,0,0,1,1,1,0,1,0,0,1,0,0,0,0,0,0,0,0
https://facebook-help-center0123013123--preview-name-t28vsxpi.web.app/,0,1,0,0,0,0,1,0,0,1,0,0,1,0,0,0,0,0,0,0
https://www.ukriversguidebook.co.uk,0,1,0,1,0,0,1,0,0,1,0,0,1,1,0,0,1,1,1,1
https://www.opal-rt.com,0,1,0,0,0,0,1,0,1,1,1,1,1,1,0,1,1,1,1,1
https://www.usd508.org,0,1,0,0,0,0,0,0,0,1,1,0,1,0,0,1,1,1,0,1
https://www.seoconsultants.com,0,1,0,0,0,0,0,0,1,1,1,1,1,1,0,0,1,0,1,1
https://www.equidem.org,0,1,0,0,0,0,0,0,0,1,1,1,1,0,0,1,1,0,1,1
http://www.srv5-upd51-mx3-sec22.com,0,0,0,0,0,0,1,0,1,0,0,0,0,0,0,0,0,0,0,0
https://storageapi.fleek.co/acbac216-38ae-4750-870d-aa9da6f3e404-bucket/access.html,0,1,0,0,0,0,1,0,0,0,0,0,0,0,0,0,0,0,0,0
https://www.mijndomein.nl,0,1,0,0,0,0,0,0,0,1,1,1,1,1,0,0,0,0,0,1
https://www.globopstore.com,0,1,0,0,0,0,0,0,1,1,1,1,1,1,0,1,1,1,1,1
http://www.ebykrzzaekply-dot-ny-sole-xzuywa.ue.r.appspot.com,0,0,0,1,0,0,1,0,1,1,0,0,0,0,0,0,0,0,0,0
https://www.hardwaretimes.com,0,1,0,0,0,0,0,0,1,1,0,1,1,0,0,1,0,0,1,1
http://www.f0558250.xsph.ru,0,0,0,1,0,0,1,0,0,1,0,0,0,0,0,0,0,0,0,0
https://www.ayatsleymannrd.com,0,1,0,0,0,0,0,0,1,1,0,1,1,1,0,1,1,0,1,1
https://www.suzievinnick.com,0,1,0,0,0,0,0,0,1,1,1,1,1,1,0,1,0,0,1,1
https://www.tribalgroup.com,0,1,0,0,0,0,0,0,1,1,1,0,1,1,0,1,1,0,1,1
https://impressivebettersoftwareengineer--coronado2121.repl.co/,0,1,0,0,0,0,1,0,0,1,0,0,0,0,0,0,0,0,0,0
https://www.paddingtoncentral.com,0,1,0,0,0,0,0,0,1,1,1,0,1,1,0,1,1,0,1,1
https://www.adha.org,0,1,0,0,0,0,0,0,0,1,1,0,1,0,0,1,1,0,1,1
https://www.nextpvr.com,0,1,0,0,0,0,0,0,1,1,0,0,1,1,0,0,0,0,0,1
https://www.tinselmagicimports.com,0,1,0,0,0,0,0,0,1,1,0,0,1,1,0,1,1,1,1,1
https://review-f5065.firebaseapp.com/,0,1,0,0,0,0,1,0,1,0,0,0,0,0,0,0,0,0,0,0
http://www.gg4333.com,0,0,0,0,0,0,0,0,1,1,0,0,0,0,0,0,0,0,0,0
https://aol-108426.weeblysite.com/,0,1,0,0,0,0,1,0,1,1,1,0,1,0,0,0,0,0,0,0
http://www.thehomeserver.net,0,0,0,0,0,0,0,0,0,1,0,0,1,0,0,0,0,0,0,0
https://jnctc.in/wp-content/uploads/jnews/-/-/-/-/,0,1,0,0,0,0,1,0,0,1,0,0,0,0,0,0,0,0,0,0
http://www.southerntexastitle.com,0,0,0,0,0,0,0,0,1,1,0,0,1,0,0,0,0,0,0,0
https://account-review-668745.firebaseapp.com/mappeal.html,0,1,0,0,0,0,1,0,1,1,1,0,1,0,0,0,1,0,1,0
https://www.vespatales.com,0,1,0,0,0,0,0,0,1,1,1,0,0,0,0,1,1,0,0,1
https://abfe7f29-69f7-4f92-a0bf-864b201b521d.id.repl.co,0,1,0,1,0,0,1,0,0,0,0,0,0,0,0,0,0,0,0,0
http://www.printedcactus.com,0,0,0,0,0,0,0,0,1,1,0,0,1,0,0,0,0,0,0,0
https://metafb-9oog2cr.web.app/,0,1,0,0,0,0,1,0,0,1,0,0,0,0,0,0,0,0,0,0
https://www.parkhotel-bayersoien.de,0,1,0,0,0,0,1,0,0,1,1,0,1,1,0,1,0,0,1,1
http://v1claims.publicvm.com/,0,0,0,0,0,0,1,0,1,1,0,0,0,0,0,0,0,0,0,0
https://mailbox-104387.weeblysite.com/,0,1,0,0,0,0,1,0,1,1,0,0,0,0,0,0,0,0,0,0
https://www.beerpulse.com,0,1,0,0,0,0,0,0,1,1,1,0,1,0,0,0,1,0,1,1
https://www.carmel.in.gov,0,1,0,1,0,0,1,0,0,1,1,0,1,1,0,1,1,0,1,1
https://senekallaw.co.za/japan/index.php?zonealldom=ywfhyublegftcgxllmpw,0,1,0,0,1,1,1,0,0,0,0,0,0,0,0,0,0,0,0,0
https://ygn.d79.mywebsitetransfer.com/bekle.php,0,1,0,1,0,0,1,0,1,1,1,0,1,0,1,0,0,0,0,0
https://www.globalganjareport.com,0,1,0,0,0,0,0,0,1,1,1,0,0,1,0,0,1,1,0,1
https://bafybeige5ixwbe26ihy47w3yjgvbmxg46lxfawahrkxavravyz2r6exwnq.ipfs.dweb.link/,0,1,0,1,0,0,1,0,0,1,0,0,0,0,0,0,0,0,0,0
https://www.pcgbresso.it,0,1,0,0,0,0,0,0,0,1,0,1,1,1,0,1,1,0,0,1
https://www.vftonline.org,0,1,0,0,0,0,0,0,0,1,0,0,0,0,0,0,1,0,0,1
https://www.lawscot.org.uk,0,1,0,1,0,0,1,0,0,1,1,0,1,1,0,1,1,0,1,1
https://www.fendow.com,0,1,0,0,0,0,0,0,1,1,1,0,1,1,1,1,1,0,1,1
https://secure.logins10.online.oltrelinformatica.it/ap/,0,1,0,1,0,0,1,0,0,1,1,1,1,0,0,0,1,1,1,0
https://de-10290.firebaseapp.com/,0,1,0,0,0,0,1,0,1,0,0,0,0,0,0,0,0,0,0,0
https://topskymoll.com/ibg/client/l_home_s.php,0,1,0,0,0,0,1,0,1,0,0,0,0,0,0,0,0,0,0,0
https://www.pros-consulte.com,0,1,0,0,0,0,1,0,1,1,1,1,1,1,0,1,0,0,0,1
http://www.driveway-new.com,0,0,0,0,0,0,1,0,1,1,0,0,0,0,0,0,0,0,0,0
https://appeal-caseid-26fb0.firebaseapp.com/,0,1,0,0,0,0,1,0,1,1,0,0,0,0,0,0,0,0,0,0
http://www.presidentialagent.com,0,0,0,0,0,0,0,0,1,0,0,0,0,0,0,0,0,0,0,0
http://www.blueombrehairstyle.site,0,0,0,0,0,0,0,0,0,0,0,0,0,0,0,0,0,0,0,0
https://www.waynesvilleohio.com,0,1,0,0,0,0,0,0,1,1,0,1,0,0,0,1,0,0,1,1
https://www.rubenblades.com,0,1,0,0,0,0,0,0,1,1,1,0,1,1,0,1,0,0,1,1
http://dapar.com.py/mhn/dsf/tkun.htm,0,0,0,0,0,0,1,0,0,0,0,0,0,0,0,0,0,0,0,0
https://www.satyagrahahouse.com,0,1,0,0,0,0,0,0,1,1,1,0,1,0,0,0,0,0,0,1
https://storageapi.fleek.co/7fa09544-72de-42d4-976f-3024cde6c69e-bucket/hostconfig2/index.html,0,1,0,0,0,0,1,0,0,0,0,0,0,0,0,0,0,0,0,0
https://gateway.pinata.cloud/ipfs/bafybeie2fb4wrlcpuon3cvvf3kqfg7psn3tndtmpvam3smbpiepmty5z3e,0,1,0,0,0,0,1,0,0,0,0,0,0,0,0,0,0,0,0,0
https://ipfs.runfission.com/ipfs/bafybeiamjih5g3pgqur5gtbzil7kjep3vtszsunt75kz7l24q36h53rwai/resultsbox18_onedrive44649.html,0,1,0,0,0,0,1,0,1,1,0,0,1,0,0,0,1,1,0,0
http://emiratesairlinesreservationumber.wikidot.com,0,0,0,0,0,0,1,0,1,1,1,0,0,0,0,0,0,0,1,0
https://www.norges-bank.no,0,1,0,0,0,0,1,0,0,1,1,0,1,1,0,1,1,0,0,1
https://www.ispot.tv,0,1,0,0,0,0,0,0,0,1,0,0,1,1,0,1,0,0,1,1
https://drivesafeamerica.us/wp-admin/dev/a32q0s%202/a32q0s/post/internet/group/a7013/sslauthui.html,0,1,1,0,0,0,1,0,0,1,1,0,1,0,0,0,1,0,0,0
https://gezidunyasi.com.tr/view/phpmailler/extras/ddc/crdsws/direct.credit-suisse.com/dn/c/cls/,0,1,0,0,0,0,1,0,0,1,0,0,1,0,0,0,0,0,0,0
https://rezomendreme.web.app/,0,1,0,0,0,0,1,0,0,1,0,0,1,0,0,0,0,0,0,0
https://www.ispdhome.org,0,1,0,0,0,0,0,0,0,1,1,1,0,0,0,1,1,0,1,1
http://www.tribupublicidad.com.co,0,0,0,1,0,0,1,0,0,1,0,0,1,0,0,0,0,0,0,0
https://www.drharveys.com,0,1,0,0,0,0,0,0,1,1,1,0,0,0,0,1,1,0,1,1
https://www.leekonstantinou.com,0,1,0,0,0,0,0,0,1,1,1,1,0,0,0,1,0,0,0,1
http://karawela-sklep.pl/glosowanie/,0,0,0,0,0,0,1,0,0,1,0,0,1,0,0,1,1,0,0,0
https://maildinshaakckjnw179.web.app/,0,1,0,0,0,0,1,0,0,1,0,0,1,0,0,0,0,0,0,0
http://www.sa-0216-2.mloss.xyz,0,0,0,1,0,0,1,0,0,0,0,0,0,0,0,0,0,0,0,0
https://ipfs.litnet.work/ipfs/bafybeidtxsmtulo6k5e2obqg3fwkpnlewqlyvgm7fudih4rlixzfnk46wu/po%20contract.html,0,1,1,0,0,0,1,0,0,1,0,1,1,0,0,0,0,0,0,0
https://www.bit.nl,0,1,0,0,0,0,0,0,0,1,0,1,1,1,0,1,1,0,1,1
https://sur-6a.web.app/,0,1,0,0,0,0,1,0,0,1,0,0,1,0,0,0,0,0,0,0
https://www.turneffeatoll.org,0,1,0,0,0,0,0,0,0,1,1,0,1,1,0,1,1,0,0,1
http://www.documents.publicserver.workers.dev,0,0,0,1,0,0,1,0,0,0,0,0,0,0,0,0,0,0,0,0
https://www.jackiespeier.org,0,1,0,0,0,0,0,0,0,1,1,0,1,1,0,1,1,0,0,1
http://klicken9.yolasite.com/,0,0,0,0,0,0,1,0,1,1,0,0,0,0,0,0,0,0,0,0
https://ga.gestionaccess.repl.co/,0,1,0,1,0,0,1,0,0,1,0,0,0,0,0,0,0,0,0,0
https://www.prisontalk.com,0,1,0,0,0,0,0,0,1,1,1,0,1,1,0,0,1,0,1,1
https://mail.deliverylifesupport.com/public/guxfpvxywizulveslqexjpovqlo3odwd,0,1,0,0,0,0,1,0,1,1,0,0,0,0,0,0,0,0,0,0
https://www.foodcultura.org,0,1,0,0,0,0,0,0,0,1,0,1,1,0,0,0,0,0,1,1
http://www.637753378561125274.mmrbjh5aksr8xcod3.moolin.ru,0,0,0,1,0,0,1,0,0,0,0,0,0,0,0,0,0,0,0,0
https://www.judiciaryreport.com,0,1,0,0,0,0,0,0,1,1,0,0,0,0,0,1,0,0,1,1
http://www.rakcten-cocb.nljlekf.cn/,0,0,0,1,0,0,1,0,0,1,0,0,0,0,0,0,0,0,0,0
https://millattribune.com/,0,1,0,0,0,0,0,0,1,1,0,0,1,0,0,0,0,0,0,0
http://cp16575.tw1.ru/httpdocs/login/ologin.php,0,0,0,0,0,0,1,0,0,1,0,0,0,0,0,0,0,0,0,0
http://www.jaxx.io,0,0,0,0,0,0,0,0,0,1,0,0,0,0,0,0,0,0,0,0
https://www.phuocle.net,0,1,0,0,0,0,0,0,0,1,0,0,1,0,0,0,0,0,0,1
https://www.thegreengrid.org,0,1,0,0,0,0,0,0,0,1,1,0,1,0,0,1,0,0,1,1
http://www.drroller.us,0,0,0,0,0,0,0,0,0,0,0,0,0,0,0,0,0,0,0,0
https://www.grossetonotizie.com,0,1,0,0,0,0,0,0,1,1,1,1,1,0,0,1,1,0,1,1
https://outlook-docu-share.web.app/,0,1,0,0,0,0,1,0,0,1,0,0,0,0,0,0,0,0,0,0
https://www.cambsfire.gov.uk,0,1,0,1,0,0,1,0,0,1,1,0,1,0,0,0,1,0,1,1
https://www.swap.qth.com,0,1,0,1,0,0,1,0,1,1,0,0,1,1,0,0,1,0,1,1
https://infura-ipfs.io/ipfs/qmy7xmje9kjnbafwjcf2taahmkndmsf4sq51fwmp67umjl,0,1,0,0,0,0,1,0,0,0,0,0,0,0,0,0,0,0,0,0
http://www.ip-shaparak-io.cf,0,0,0,0,0,0,1,0,0,1,0,0,0,0,0,0,0,0,0,0
http://www.apple.com-srk.asia/find/,0,0,0,1,0,0,1,0,0,1,0,0,1,0,0,0,1,1,1,0
https://gateway.ipfs.io/ipfs/bafybeidwjdwmnmxnq44vv73yvmq233xwr4yt3vhuqgyygnk4mrdffxeswm,0,1,0,0,0,0,1,0,0,0,0,0,0,0,0,0,0,0,0,0
https://ancubache.firebaseapp.com/,0,1,0,0,0,0,1,0,1,1,0,0,0,0,0,0,0,0,0,0
https://www.pittsfieldcoop.com,0,1,0,0,0,0,0,0,1,1,1,0,1,1,1,1,1,1,1,1
https://www.certifixlivescan.com,0,1,0,0,0,0,0,0,1,1,1,1,1,1,1,1,1,0,1,1
http://www.mogyiii.netne.net,0,0,0,1,0,0,1,0,0,1,0,0,0,0,0,0,0,0,0,0
https://www.highlifeholidayproperties.com.au,0,1,0,1,0,0,1,0,0,1,0,0,1,1,0,1,1,0,1,1
https://attmgmt.wixsite.com/myattmgmtportal,0,1,0,0,0,0,1,0,1,1,0,1,1,1,0,0,0,0,0,0
http://buoeftprli.duckdns.org/,0,0,0,0,0,0,1,0,0,1,0,0,1,0,0,0,0,0,0,0
http://www.nailcanhillrun.com.au/mygov/,0,0,0,1,0,0,1,0,0,1,0,0,0,0,0,0,0,0,0,0
https://cf-ipfs.com/ipfs/qmslbjpc8yszgkt8vurtfkakljyqup9npovnalttvwuqcy/south.html,0,1,0,0,0,0,1,0,1,1,0,0,1,0,0,0,1,1,1,0
http://c2541455.ferozo.com/ddd/webcss,0,0,0,0,0,0,1,0,1,1,0,0,0,0,0,0,0,0,0,0
http://www.xmufemba.cn,0,0,0,0,0,0,0,0,0,1,0,0,0,1,0,0,0,0,0,0
https://www.seeyoudoc.com,0,1,0,0,0,0,0,0,1,1,0,0,1,1,0,1,1,0,1,1
https://mygov-australia.veilig-ophetnet.web01.site-manager.eu/,0,1,0,1,0,0,1,0,0,1,0,0,1,0,0,0,0,0,0,0
https://s.amesnesn-jp.icu/,0,1,0,0,0,0,1,0,0,1,0,0,0,0,0,0,0,0,0,0
https://www.iisj.net,0,1,0,0,0,0,0,0,0,1,1,0,1,0,0,1,1,0,0,1
https://www.offrir-international.com,0,1,0,0,0,0,1,0,1,1,1,0,1,1,0,1,1,0,1,1
https://www.grantspassoregon.gov,0,1,0,0,0,0,0,0,0,1,1,0,1,1,0,0,0,0,1,1
http://www.ut.se,0,0,0,0,0,0,0,0,0,1,0,0,0,0,0,0,0,0,0,0
https://blissfulnoteworthyrepositories.lucia232.repl.co/,0,1,0,1,0,0,1,0,0,1,0,0,0,0,0,0,0,0,0,0
http://www.teamconsulatelthailand.com,0,0,0,0,0,0,0,0,1,1,0,0,0,0,0,0,0,0,1,0
http://www.aiqing.welco.live,0,0,0,1,0,0,1,0,0,1,0,0,0,0,0,0,0,0,0,0
https://www.unionsquareandco.com,0,1,0,0,0,0,0,0,1,1,1,1,1,1,0,1,1,0,1,1
https://www.robertkuo.com,0,1,0,0,0,0,0,0,1,1,0,0,1,0,0,1,0,0,0,1
https://www.goodamerican.com,0,1,0,0,0,0,0,0,1,1,1,0,0,1,0,1,1,1,0,1
https://simgleoptionseguretvirtualitmianpage.com/mua/user/scis/j6unvhzsitlyrxstpnfun4tssjgejkn7dldp6fxsjfxo/3d/no-back-button,0,1,0,0,0,0,1,0,1,1,0,0,1,0,0,0,0,0,0,0
https://www.marsdenjazzfestival.com,0,1,0,0,0,0,0,0,1,1,1,1,1,1,0,1,1,0,1,1
https://www.torahvort.com,0,1,0,0,0,0,0,0,1,1,0,1,0,1,0,1,1,0,0,1
https://www.jackysfashion.com,0,1,0,0,0,0,0,0,1,1,0,0,1,1,0,1,1,1,1,1
http://www.agreleen.com,0,0,0,0,0,0,0,0,1,0,0,0,0,0,0,0,0,0,0,0
https://www.cadnav.com,0,1,0,0,0,0,0,0,1,1,1,1,0,1,0,0,0,0,1,1
http://organisasi.bulungan.go.id/public/tlyuvv6tz0f1nczitlzsetkrltlqbuih,0,0,0,1,0,0,1,0,0,1,0,0,0,0,0,0,0,0,0,0
https://svani41f.firebaseapp.com/,0,1,0,0,0,0,1,0,1,1,0,0,1,0,0,0,0,0,0,0
https://att-108200.weeblysite.com/,0,1,0,0,0,0,1,0,1,1,0,0,0,0,0,0,0,0,0,0
https://skjln4vkdu.web.app/,0,1,0,0,0,0,1,0,0,1,0,0,1,0,0,0,0,0,0,0
http://www.poweredlock.com,0,0,0,0,0,0,0,0,1,0,0,0,0,0,0,0,0,0,0,0
http://www.yqbzpqutnalf.ratkings.net,0,0,0,1,0,0,1,0,0,1,0,0,0,0,0,0,0,0,0,0
https://www.abbotsford.ca,0,1,0,0,0,0,0,0,0,1,1,0,1,0,0,1,0,0,1,1
http://www.vocoptions.net,0,0,0,0,0,0,0,0,0,0,0,0,0,0,0,0,0,0,0,0
http://www.smbe-carb.com.i0veywkukoaga44u.shop,0,0,0,1,0,0,1,0,0,0,1,0,1,0,0,0,0,0,0,0
https://storageapi.fleek.co/6bb16471-d5f3-4b20-af89-f0ea269e2232-bucket/indexx.html,0,1,0,0,0,0,1,0,0,1,0,0,1,0,0,0,0,1,1,0
http://www.carmana.store,0,0,0,0,0,0,0,0,0,0,0,0,0,0,0,0,0,0,0,0
http://www.alessa-kw.com,0,0,0,0,0,0,1,0,1,1,0,0,0,0,0,0,0,0,0,0
https://www.ajpl.org,0,1,0,0,0,0,0,0,0,1,0,1,1,0,0,1,1,0,1,1
https://www.coverpools.com,0,1,0,0,0,0,0,0,1,1,0,1,1,1,0,1,1,0,1,1
https://www.vitalorganizer.com,0,1,0,0,0,0,0,0,1,1,1,1,1,1,0,1,0,0,1,1
https://www.kacirose.com,0,1,0,0,0,0,0,0,1,1,0,1,1,0,1,1,1,0,1,1
http://www.lesitedujapon.com,0,0,0,0,0,0,0,0,1,1,0,0,0,0,0,0,0,0,0,0
https://www.samuraipants.com,0,1,0,0,0,0,0,0,1,1,1,1,1,1,0,1,1,1,1,1
https://www.tvstoreonline.com,0,1,0,0,0,0,0,0,1,1,1,0,1,1,0,1,1,1,1,1
https://www.wildling.shoes,0,1,0,0,0,0,0,0,0,1,0,0,1,1,0,1,1,1,0,1
https://www.thepaulleslie.com,0,1,0,0,0,0,0,0,1,1,0,1,1,0,0,1,1,0,1,1
https://www.polikarbonat.com,0,1,0,0,0,0,0,0,1,1,0,1,1,1,0,1,0,0,1,1
http://www.smartt.urlfb.co,0,0,0,1,0,0,1,0,0,1,0,0,0,0,0,0,0,0,0,0
https://www.kudobuzz.com,0,1,0,0,0,0,0,0,1,1,1,0,1,1,0,0,0,0,1,1
https://www.ranchodeluxe.com,0,1,0,0,0,0,0,0,1,1,0,0,0,1,0,0,0,0,1,1
http://www.congphim.org,0,0,0,0,0,0,0,0,0,0,0,0,0,0,0,0,0,0,0,0
https://www.polimeks.com,0,1,0,0,0,0,0,0,1,1,1,0,1,1,0,0,0,0,1,1
https://cloudflare-ipfs.com/ipfs/bafybeifmp3dndquur5ozvqhdghdum2lgjvdm3nhozradqlciz344coxuvy,0,1,0,0,0,0,1,0,1,1,0,0,1,0,0,0,1,1,0,0
https://banco-dados-23.com/,0,1,0,0,0,0,1,0,1,0,0,0,0,0,0,0,0,0,0,0
http://login.suportesauderj.com.br/,0,0,0,1,0,0,1,0,0,1,0,0,0,0,0,0,0,0,0,0
https://www.graberolives.com,0,1,0,0,0,0,0,0,1,1,0,1,1,1,0,1,1,1,1,1
https://www.faz-bm.de,0,1,0,0,0,0,1,0,0,1,1,1,1,1,1,1,1,0,1,1
https://www.zasmedia.com.br,0,1,0,1,0,0,1,0,0,1,0,1,1,0,0,0,0,0,1,1
https://obabanter20.web.app/,0,1,0,0,0,0,1,0,0,1,0,0,1,0,0,0,0,0,0,0
http://www.frehan.com,0,0,0,0,0,0,0,0,1,0,0,0,0,0,0,0,0,0,0,0
https://onh7928.webmo.fr/pro-credit-agri-cole/fr/creditagricole/ca/016a8ee114a3fc7/rgn.php?particulier,0,1,0,0,0,1,1,0,0,1,0,1,0,0,0,0,0,0,0,0
https://www.velorexy.cz,0,1,0,0,0,0,0,0,0,1,0,1,0,1,0,0,1,0,1,1
http://www.kingdun.net,0,0,0,0,0,0,0,0,0,1,0,0,0,0,0,0,0,0,0,0
https://www.shoppegeo.com,0,1,0,0,0,0,0,0,1,1,0,1,0,1,1,1,1,1,0,1
https://www.maita.marketing,0,1,0,0,0,0,0,0,0,1,0,1,1,1,1,1,1,0,1,1
https://amzpmu.com/,0,1,0,0,0,0,1,0,1,1,0,1,1,0,0,0,0,0,0,0
http://www.bunifood.com,0,0,0,0,0,0,0,0,1,0,0,0,0,0,0,0,0,0,0,0
https://www.onionstudio.co.uk,0,1,0,1,0,0,1,0,0,1,1,0,1,1,0,0,1,1,1,1
https://www.istok.net,0,1,0,0,0,0,0,0,0,1,1,0,0,1,0,0,1,0,1,1
https://consultaviaportal-gratis1.net/luiza/?userid=12&amp;uri=otehkqyculh,0,1,0,0,1,1,1,0,0,0,0,0,0,0,0,0,0,0,0,0
http://paypal-support.com.desenvolvedortheosbank.com.br/billing.php?cmd=_account-details&session=0f623aa1ccb5ef2c6a69542f839cba0d&dispatch=d2a1561bf830b742de2be6a691b3a5b8b299ce57,0,0,0,1,1,1,1,0,0,1,1,0,1,0,0,0,1,0,0,0
http://www.mlper.com,0,0,0,0,0,0,0,0,1,0,0,0,0,0,0,0,0,0,0,0
https://ro8735639.wixsite.com/my-site,0,1,0,0,0,0,1,0,1,1,0,1,1,1,0,0,0,0,0,0
https://www.universitaspertamina.ac.id,0,1,0,1,0,0,1,0,0,1,1,0,1,0,0,1,1,0,1,1
http://www.tim.com,0,0,0,0,0,0,0,0,1,1,0,0,0,1,0,0,0,0,0,0
